,UKREIS,UJAHR,UMONAT,UWOCHENTAG,USTUNDE,UKATEGORIE,UART,UTYP1,IstRad,IstPKW,IstFuss,IstKrad,IstGkfz,IstSonstig,ULICHTVERH,STRZUSTAND,longitude,latitude,Stadtteil,Ortsteil,geometry
0,12,2016,2,4,14,3,5,3,1,1,0,0,0,0,0,0,8.586239695,53.536874542,Geestemünde,Buschkämpen,POINT (8.586239695 53.536874542)
1,11,2016,8,3,11,2,3,6,1,0,0,0,0,0,0,0,8.765933106,53.060572468,Huchting,Grolland,POINT (8.765933106 53.060572468)
2,11,2016,11,4,10,3,5,3,1,1,0,0,0,0,0,0,8.796776803,53.056724486,Neustadt,Neuenland,POINT (8.796776803 53.056724486)
3,12,2016,10,3,15,3,5,3,1,1,0,0,0,0,0,0,8.575063917,53.544810855,Mitte,Weddewarden,POINT (8.575063917 53.544810855)
4,11,2016,8,6,13,3,6,4,1,0,1,0,0,0,0,0,8.819468898,53.048220842,Neustadt,Huckelriede,POINT (8.819468898 53.048220842)
5,11,2016,4,4,15,3,5,2,1,1,0,0,0,0,0,0,8.782174673,53.06691632,Neustadt,Neuenland,POINT (8.782174673 53.06691632)
6,12,2016,8,6,13,3,5,2,1,1,0,0,0,0,0,0,8.5752452,53.547669718,Mitte,Weddewarden,POINT (8.575245199999999 53.547669718)
7,11,2016,12,4,17,3,5,3,1,1,0,0,0,0,2,0,8.736620022,53.142592661,Gröpelingen,Oslebshausen,POINT (8.736620022 53.142592661)
8,12,2016,4,5,14,2,5,3,1,1,0,0,0,0,0,0,8.586233243,53.536858281,Geestemünde,Buschkämpen,POINT (8.586233243000001 53.536858281)
9,11,2016,10,6,17,3,5,2,1,1,0,0,0,0,0,0,8.79813765,53.055919692,Neustadt,Neuenland,POINT (8.798137649999999 53.055919692)
10,11,2016,10,3,16,3,5,3,1,1,0,0,0,0,0,0,8.815460942,53.042127931,Obervieland,Kattenturm,POINT (8.815460942 53.042127931)
11,11,2016,4,2,14,3,0,7,1,0,0,0,1,0,0,0,8.802391231,53.053681277,Neustadt,Huckelriede,POINT (8.802391231 53.053681277)
12,11,2016,8,5,8,3,5,2,1,1,0,0,0,0,0,0,8.78232412,53.066823945,Neustadt,Neustadt,POINT (8.78232412 53.066823945)
13,11,2016,1,5,18,3,4,2,1,0,0,0,0,0,2,1,8.837614224,53.077521113,Östliche Vorstadt,Hulsberg,POINT (8.837614223999999 53.077521113)
14,11,2016,1,2,12,3,5,3,1,1,0,0,0,0,0,1,8.556715767,53.188876144,Blumenthal,Blumenthal,POINT (8.556715767 53.188876144)
15,11,2016,1,4,19,3,5,3,1,1,0,0,0,0,2,1,8.838004567,53.067872136,Östliche Vorstadt,Peterswerder,POINT (8.838004567 53.067872136)
16,11,2016,1,2,12,3,1,5,1,1,0,0,0,0,0,1,8.865293972,53.086364027,Schwachhausen,Radio Bremen,POINT (8.865293972 53.086364027)
17,11,2016,1,6,7,2,0,1,1,0,0,0,0,0,1,2,8.853601762,53.083118963,Schwachhausen,Radio Bremen,POINT (8.853601762 53.083118963)
18,11,2016,1,5,19,3,2,6,1,1,0,0,0,0,2,2,8.844116549,53.089800217,Schwachhausen,Riensberg,POINT (8.844116549000001 53.089800217)
19,11,2016,1,4,9,3,5,3,1,1,0,0,0,0,0,1,8.824692533,53.084149741,Schwachhausen,Barkhof,POINT (8.824692533 53.084149741)
20,11,2016,1,4,7,2,5,3,1,1,0,0,0,0,2,1,8.7388699,53.132916295,Gröpelingen,Oslebshausen,POINT (8.738869899999999 53.132916295)
21,11,2016,1,7,4,3,0,1,1,0,0,0,0,0,2,2,8.900954103,53.089503932,Horn-Lehe,Horn,POINT (8.900954103 53.089503932)
22,11,2016,2,5,10,3,5,3,1,0,0,1,0,0,0,0,8.889768196,53.098752264,Horn-Lehe,Lehesterdeich,POINT (8.889768196 53.098752264)
23,11,2016,3,4,10,3,5,3,1,1,0,0,0,0,0,1,8.635983191,53.171282924,Vegesack,Grohn,POINT (8.635983190999999 53.171282924)
24,11,2016,3,3,8,3,0,1,1,0,0,0,0,0,0,0,8.801315306,53.071494269,Neustadt,Alte Neustadt,POINT (8.801315305999999 53.071494269)
25,11,2016,2,6,13,3,5,3,1,1,0,0,0,0,0,0,8.877945722,53.101386713,Horn-Lehe,Lehe,POINT (8.877945722 53.101386713)
26,11,2016,2,3,8,3,5,2,1,1,0,0,0,0,0,0,8.792845982,53.073578961,Neustadt,Alte Neustadt,POINT (8.792845981999999 53.073578961)
27,11,2016,1,3,10,2,0,1,1,0,0,0,0,0,0,0,8.935699163,53.09007034,,,POINT (8.935699163000001 53.09007034)
28,11,2016,2,2,13,3,0,1,1,0,0,0,0,0,0,1,8.71435687,53.182078147,Burglesum,Burgdamm,POINT (8.71435687 53.182078147)
29,11,2016,3,6,12,3,5,3,1,1,0,0,0,0,0,0,8.750082588,53.125848633,Gröpelingen,Ohlenhof,POINT (8.750082588 53.125848633)
30,11,2016,2,3,15,3,5,3,1,1,0,0,0,0,0,1,8.875541387,53.062067344,Hemelingen,Hastedt,POINT (8.875541387 53.062067344)
31,11,2016,2,6,10,3,3,6,1,0,0,0,0,0,0,0,8.799444343,53.069834378,Neustadt,Alte Neustadt,POINT (8.799444342999999 53.069834378)
32,11,2016,2,5,18,3,5,3,1,1,0,0,0,0,2,1,8.837106486,53.082637404,Schwachhausen,Schwachhausen,POINT (8.837106486 53.082637404)
33,11,2016,2,6,16,3,5,2,1,1,0,0,0,0,0,0,8.810614008,53.081875461,Mitte,Bahnhofsvorstadt,POINT (8.810614008 53.081875461)
34,11,2016,2,7,11,3,5,2,1,1,0,0,0,0,0,0,8.786797304,53.074498301,Neustadt,Alte Neustadt,POINT (8.786797304 53.074498301)
35,11,2016,2,6,14,3,0,3,1,0,0,0,0,1,0,0,8.79107263,53.074420376,Neustadt,Alte Neustadt,POINT (8.79107263 53.074420376)
36,11,2016,2,6,19,3,0,7,1,0,0,0,0,0,2,0,8.807321527,53.082164217,Mitte,Bahnhofsvorstadt,POINT (8.807321526999999 53.082164217)
37,11,2016,2,6,5,3,5,3,1,0,0,0,0,0,2,1,8.81582281,53.07446082,Mitte,Ostertor,POINT (8.81582281 53.07446082)
38,11,2016,2,6,12,2,0,1,1,0,0,0,0,0,0,0,8.870184272,53.102140597,Horn-Lehe,Lehe,POINT (8.870184271999999 53.102140597)
39,11,2016,3,4,7,3,5,3,1,1,0,0,0,0,0,1,8.634113944,53.182703527,Vegesack,Schönebeck,POINT (8.634113943999999 53.182703527)
40,11,2016,2,2,10,3,0,1,1,0,0,0,0,0,0,1,8.770262255,53.072310781,Woltmershausen,Woltmershausen,POINT (8.770262255 53.072310781)
41,11,2016,2,5,7,3,0,1,1,0,0,0,0,0,0,2,8.930578089,53.068736191,Osterholz,Ellener Feld,POINT (8.930578089000001 53.068736191)
42,11,2016,2,2,18,2,5,3,1,1,0,0,0,0,2,1,8.807356073,53.082339261,Mitte,Bahnhofsvorstadt,POINT (8.807356072999999 53.082339261)
43,12,2016,2,2,16,3,6,7,1,0,1,0,0,0,0,0,8.592278328,53.51639085,Wulsdorf,Geestemünde-Süd,POINT (8.592278328000001 53.51639085)
44,11,2016,2,5,10,3,5,2,1,0,0,0,1,0,0,0,8.831329483,53.081265913,Schwachhausen,Barkhof,POINT (8.831329482999999 53.081265913)
45,11,2016,2,5,12,3,0,5,1,1,0,0,0,0,0,0,8.802581332,53.067373306,Neustadt,Buntentor,POINT (8.802581332000001 53.067373306)
46,11,2016,1,1,4,3,0,1,1,0,0,0,0,0,2,1,8.808464617,53.088079479,Findorff,Findorff-Bürgerweide,POINT (8.808464617 53.088079479)
47,11,2016,3,5,16,2,0,7,1,0,0,0,0,1,0,0,8.621389276,53.172071218,Vegesack,Vegesack,POINT (8.621389276 53.172071218)
48,11,2016,1,2,16,2,0,1,1,0,0,0,0,0,1,1,8.871147347,53.061774517,Hemelingen,Hastedt,POINT (8.871147347000001 53.061774517)
49,11,2016,2,6,8,3,5,2,1,1,0,0,0,0,0,0,8.77783317,53.099440454,Walle,Walle,POINT (8.777833169999999 53.099440454)
50,12,2016,2,5,15,3,5,3,1,1,0,0,0,0,0,0,8.608847635,53.586867854,Leherheide,Fehmoor,POINT (8.608847635 53.586867854)
51,11,2016,1,7,20,3,0,7,1,0,0,0,0,0,2,1,8.820560699,53.07268377,Mitte,Ostertor,POINT (8.820560699 53.07268377)
52,11,2016,2,2,9,3,5,3,1,1,0,0,0,0,0,0,8.741398264,53.048437663,Huchting,Kirchhuchting,POINT (8.741398264000001 53.048437663)
53,11,2016,1,7,3,3,0,7,1,0,0,0,0,0,2,0,8.801194857,53.068232461,Neustadt,Südervorstadt,POINT (8.801194857 53.068232461)
54,11,2016,2,1,11,3,5,3,1,1,0,0,0,0,0,0,8.818102926,53.077723658,Mitte,Ostertor,POINT (8.818102926 53.077723658)
55,12,2016,3,3,13,3,1,5,1,1,0,0,0,0,0,0,8.584696902,53.540601103,Mitte,Weddewarden,POINT (8.584696901999999 53.540601103)
56,11,2016,2,4,13,3,5,2,1,1,0,0,0,0,0,0,8.952718168,53.068932465,Osterholz,Ellenerbrok-Schevemoor,POINT (8.952718168000001 53.068932465)
57,11,2016,2,6,9,3,1,5,1,1,0,0,0,0,0,0,8.849983713,53.081303897,Schwachhausen,Gete,POINT (8.849983713 53.081303897)
58,12,2016,1,6,15,3,5,3,1,1,0,0,0,0,0,1,8.577351311,53.548351462,Mitte,Weddewarden,POINT (8.577351310999999 53.548351462)
59,11,2016,2,6,12,2,0,7,1,0,1,0,0,0,0,0,8.786693355,53.100470299,Walle,Walle,POINT (8.786693355000001 53.100470299)
60,11,2016,2,4,7,3,5,3,1,1,0,0,0,0,0,0,8.901179522,53.089461124,,,POINT (8.901179522 53.089461124)
61,11,2016,2,7,19,3,5,3,1,1,0,0,0,0,2,1,8.686075634,53.173352599,Burglesum,Lesum,POINT (8.686075634 53.173352599)
62,11,2016,2,4,12,3,6,4,1,0,1,0,0,0,0,0,8.78068495,53.098041666,Walle,Walle,POINT (8.780684949999999 53.098041666)
63,11,2016,1,6,16,3,0,1,1,0,0,0,0,0,0,1,8.802416094,53.067476752,Neustadt,Buntentor,POINT (8.802416094 53.067476752)
64,11,2016,2,6,5,3,5,3,1,1,0,0,0,0,2,0,8.777148222,53.095924799,Walle,Steffensweg,POINT (8.777148221999999 53.095924799)
65,11,2016,2,5,16,3,5,3,1,1,0,0,0,0,0,0,8.776486232,53.096881165,Walle,Steffensweg,POINT (8.776486232 53.096881165)
66,11,2016,2,6,18,3,0,1,1,0,0,0,0,0,2,1,8.830751259,53.07146958,Östliche Vorstadt,Steintor,POINT (8.830751258999999 53.07146958)
67,11,2016,3,3,11,3,5,3,1,1,0,0,0,0,0,0,8.821304602,53.072757536,Mitte,Ostertor,POINT (8.821304602 53.072757536)
68,11,2016,2,2,12,3,0,3,1,1,0,0,0,0,0,0,8.738950924,53.047743835,Huchting,Kirchhuchting,POINT (8.738950923999999 53.047743835)
69,11,2016,2,4,8,3,5,3,1,1,0,0,0,0,0,2,8.857928574,53.082487117,Vahr,Gartenstadt Vahr,POINT (8.857928574000001 53.082487117)
70,11,2016,2,3,22,3,5,2,1,1,0,0,0,0,2,1,8.813025515,53.080937415,Mitte,Bahnhofsvorstadt,POINT (8.813025515 53.080937415)
71,11,2016,2,4,9,2,3,6,1,0,0,0,0,0,0,0,8.870205464,53.09772992,Horn-Lehe,Horn,POINT (8.870205464 53.09772992)
72,12,2016,2,3,17,3,0,1,1,0,0,0,0,0,2,0,8.589619577,53.564823316,Lehe,Königsheide,POINT (8.589619577000001 53.564823316)
73,11,2016,2,5,15,3,5,3,1,1,0,0,0,0,0,0,8.804633991,53.085786331,Mitte,Bahnhofsvorstadt,POINT (8.804633990999999 53.085786331)
74,11,2016,3,6,8,3,0,7,1,0,0,0,0,0,0,0,8.880867902,53.076783503,Vahr,Neue Vahr Südwest,POINT (8.880867902 53.076783503)
75,11,2016,1,6,22,2,0,7,1,0,0,0,0,0,2,1,8.906857949,53.126436753,,Borgfeld,POINT (8.906857949000001 53.126436753)
76,11,2016,2,4,17,3,0,4,1,0,1,0,0,0,2,1,8.802188515,53.067615068,Neustadt,Buntentor,POINT (8.802188514999999 53.067615068)
77,11,2016,3,3,9,3,5,3,1,1,0,0,0,0,0,0,8.827755375,53.068842158,Östliche Vorstadt,Steintor,POINT (8.827755375000001 53.068842158)
78,11,2016,2,1,18,3,4,2,1,1,0,0,0,0,2,0,8.763508815,53.108928882,Gröpelingen,Lindenhof,POINT (8.763508815 53.108928882)
79,11,2016,2,3,14,3,1,5,1,1,0,0,0,0,0,0,8.836513966,53.083255328,Schwachhausen,Schwachhausen,POINT (8.836513966 53.083255328)
80,11,2016,2,4,18,3,5,3,1,1,0,0,0,0,2,1,8.794903222,53.093939896,Walle,Utbremen,POINT (8.794903222 53.093939896)
81,11,2016,2,3,8,3,5,3,1,1,0,0,0,0,0,0,8.867779119,53.072669373,Hemelingen,Hastedt,POINT (8.867779119 53.072669373)
82,11,2016,3,3,15,3,1,5,1,1,0,0,0,0,0,0,8.818860382,53.051219782,Neustadt,Huckelriede,POINT (8.818860382 53.051219782)
83,11,2016,2,4,18,2,5,2,1,1,0,0,0,0,2,1,8.767135232,53.111737521,Gröpelingen,Lindenhof,POINT (8.767135231999999 53.111737521)
84,11,2016,1,4,7,3,5,3,1,1,0,0,0,0,2,1,8.936343896,53.073735697,Osterholz,Ellenerbrok-Schevemoor,POINT (8.936343896 53.073735697)
85,11,2016,2,2,17,3,5,3,1,1,0,0,0,0,0,0,8.951210891,53.06508168,Osterholz,Tenever,POINT (8.951210891000001 53.06508168)
86,12,2016,1,5,7,3,5,3,1,1,0,0,0,0,2,0,8.586609738,53.566366821,Lehe,Königsheide,POINT (8.586609738 53.566366821)
87,11,2016,2,2,16,3,6,4,1,0,1,0,0,0,0,1,8.852274825,53.086008941,Schwachhausen,Radio Bremen,POINT (8.852274825 53.086008941)
88,11,2016,1,4,18,3,5,2,1,1,0,0,0,0,2,1,8.888109857,53.066530225,Hemelingen,Sebaldsbrück,POINT (8.888109857 53.066530225)
89,11,2016,2,2,12,2,5,3,1,1,0,0,0,0,0,1,8.81735424,53.098377297,Findorff,Weidedamm,POINT (8.81735424 53.098377297)
90,11,2016,1,4,14,3,5,3,1,1,0,0,0,0,0,0,8.905480416,53.050590435,Hemelingen,Hemelingen,POINT (8.905480416 53.050590435)
91,11,2016,2,4,9,3,5,3,1,1,0,0,0,0,0,1,8.847364511,53.085028286,Schwachhausen,Schwachhausen,POINT (8.847364511 53.085028286)
92,11,2016,2,2,18,3,5,3,1,1,0,0,0,0,0,1,8.793428594,53.073917887,Neustadt,Alte Neustadt,POINT (8.793428594 53.073917887)
93,11,2016,3,3,7,3,5,3,1,1,0,0,0,0,0,0,8.828852192,53.041836089,Obervieland,Kattenturm,POINT (8.828852191999999 53.041836089)
94,12,2016,1,3,13,3,6,7,1,0,1,0,0,0,0,0,8.584653316,53.556711339,Lehe,Königsheide,POINT (8.584653316000001 53.556711339)
95,11,2016,3,4,7,3,5,3,1,1,0,0,0,0,1,1,8.80653592,53.087287949,Findorff,Findorff-Bürgerweide,POINT (8.80653592 53.087287949)
96,11,2016,1,2,8,2,1,5,1,0,0,0,1,0,1,1,8.808913879,53.074163814,Mitte,Altstadt,POINT (8.808913879 53.074163814)
97,11,2016,1,5,11,3,3,6,1,1,0,0,0,0,0,0,8.599300784,53.179365287,Vegesack,Fähr-Lobbendorf,POINT (8.599300784 53.179365287)
98,12,2016,2,6,7,3,0,7,1,0,0,0,0,0,0,2,8.602303318,53.57202338,Lehe,Königsheide,POINT (8.602303318000001 53.57202338)
99,12,2016,1,3,13,3,5,3,1,1,0,0,0,0,0,0,8.559991088,53.572875696,Häfen,Speckenbüttel,POINT (8.559991088 53.572875696)
100,12,2016,2,6,8,3,5,3,1,0,0,1,0,0,0,2,8.6061325,53.522140298,Geestemünde,Buschkämpen,POINT (8.606132499999999 53.522140298)
101,11,2016,1,5,13,3,5,3,1,1,0,0,0,1,0,1,8.932147474,53.040040894,Hemelingen,Mahndorf,POINT (8.932147474000001 53.040040894)
102,11,2016,1,2,8,3,2,2,1,1,0,0,0,0,0,1,8.822840771,53.082839755,Schwachhausen,Barkhof,POINT (8.822840770999999 53.082839755)
103,11,2016,2,3,19,3,0,3,1,1,0,0,0,0,2,1,8.864158638,53.099120124,Horn-Lehe,Lehe,POINT (8.864158637999999 53.099120124)
104,11,2016,1,5,17,3,5,2,1,1,0,0,0,0,2,1,8.784042183,53.07556884,Woltmershausen,Woltmershausen,POINT (8.784042183 53.07556884)
105,11,2016,2,3,14,2,5,3,1,0,0,0,1,0,0,0,8.729096426,53.085685483,Häfen,Neustädter Hafen,POINT (8.729096426 53.085685483)
106,11,2016,2,6,13,3,0,7,1,0,0,0,0,0,0,1,8.946480002,53.049811774,Osterholz,Osterholz,POINT (8.946480001999999 53.049811774)
107,11,2016,1,5,8,3,5,2,1,1,0,0,0,0,2,1,8.628419423,53.168588585,Vegesack,Grohn,POINT (8.628419423 53.168588585)
108,11,2016,2,3,17,3,5,3,1,1,0,0,0,0,2,1,8.904453109,53.078509048,Vahr,Neue Vahr Südost,POINT (8.904453109 53.078509048)
109,11,2016,3,3,17,3,5,3,1,1,0,0,0,0,0,1,8.877636687,53.08027857,Vahr,Neue Vahr Südwest,POINT (8.877636687000001 53.08027857)
110,12,2016,3,3,10,2,5,2,1,1,0,0,0,0,0,0,8.600023545,53.570172904,Lehe,Königsheide,POINT (8.600023545000001 53.570172904)
111,11,2016,3,1,15,3,0,3,1,1,0,0,0,0,0,0,8.605416861,53.178761422,Vegesack,Fähr-Lobbendorf,POINT (8.605416861 53.178761422)
112,11,2016,4,6,14,3,5,3,1,1,0,0,0,0,0,0,8.862920381,53.090309473,Schwachhausen,Riensberg,POINT (8.862920381 53.090309473)
113,11,2016,4,3,14,3,5,3,1,1,0,0,0,0,0,0,8.675495965,53.173586747,Burglesum,Lesum,POINT (8.675495965 53.173586747)
114,11,2016,3,4,9,3,5,2,1,1,0,0,0,0,0,0,8.76082884,53.112974928,Gröpelingen,Lindenhof,POINT (8.76082884 53.112974928)
115,11,2016,3,5,16,3,0,7,1,0,0,0,0,0,0,0,8.956267167,53.066453751,Osterholz,Tenever,POINT (8.956267167 53.066453751)
116,11,2016,4,2,8,3,5,3,1,1,0,0,0,0,0,1,8.675242819,53.173603239,Burglesum,St.Magnus,POINT (8.675242818999999 53.173603239)
117,12,2016,3,2,14,3,6,7,1,0,1,0,0,0,0,0,8.590812933,53.537200531,Geestemünde,Buschkämpen,POINT (8.590812933 53.537200531)
118,11,2016,4,1,23,3,0,1,1,0,0,0,0,0,2,0,8.848026556,53.050935324,Obervieland,Habenhausen,POINT (8.848026556000001 53.050935324)
119,11,2016,3,4,8,3,5,3,1,1,0,0,0,0,0,0,8.812179567,53.07909368,Mitte,Bahnhofsvorstadt,POINT (8.812179566999999 53.07909368)
120,11,2016,4,1,18,3,5,3,1,1,0,0,0,0,0,0,8.845333518,53.091101644,Schwachhausen,Neu-Schwachhausen,POINT (8.845333518 53.091101644)
121,11,2016,3,4,13,3,5,3,1,1,0,0,0,0,0,0,8.838011301,53.067867077,Östliche Vorstadt,Peterswerder,POINT (8.838011301 53.067867077)
122,11,2016,4,1,14,3,4,6,1,0,0,0,0,0,0,0,8.837167228,53.107344156,Horn-Lehe,Lehe,POINT (8.837167228 53.107344156)
123,11,2016,4,1,19,3,5,3,1,1,0,0,0,0,0,0,8.75838678,53.057058776,Huchting,Grolland,POINT (8.75838678 53.057058776)
124,11,2016,4,2,16,3,5,3,1,1,0,0,0,0,0,0,8.86427579,53.098198005,Horn-Lehe,Horn,POINT (8.864275790000001 53.098198005)
125,11,2016,3,3,18,3,5,3,1,1,0,0,0,0,0,1,8.808939254,53.083176242,Mitte,Bahnhofsvorstadt,POINT (8.808939254 53.083176242)
126,11,2016,3,4,16,2,0,1,1,0,0,0,0,0,0,0,8.901800849,53.075077333,Hemelingen,Sebaldsbrück,POINT (8.901800849000001 53.075077333)
127,11,2016,3,5,11,3,0,1,1,0,0,0,0,0,0,0,8.772738675,53.100526259,Walle,Überseestadt,POINT (8.772738674999999 53.100526259)
128,11,2016,4,1,20,2,0,1,1,0,0,0,0,0,2,0,8.703137511,53.162087334,Burglesum,Burgdamm,POINT (8.703137511 53.162087334)
129,11,2016,3,7,19,3,5,3,1,0,0,0,0,1,2,0,8.932752082,53.065173404,Osterholz,Ellener Feld,POINT (8.932752082 53.065173404)
130,11,2016,4,4,16,3,5,3,1,1,0,0,0,0,0,0,8.717234463,53.172910747,Burglesum,Burgdamm,POINT (8.717234463 53.172910747)
131,11,2016,3,3,8,3,5,3,1,1,0,0,0,0,0,1,8.802333186,53.090763669,Findorff,Findorff-Bürgerweide,POINT (8.802333186 53.090763669)
132,12,2016,3,3,8,3,5,3,1,1,0,0,0,0,0,0,8.597380595,53.568769813,Lehe,Königsheide,POINT (8.597380595000001 53.568769813)
133,11,2016,4,4,13,3,3,6,1,0,0,0,0,0,0,0,8.859738504,53.089648262,Schwachhausen,Radio Bremen,POINT (8.859738503999999 53.089648262)
134,11,2016,3,7,12,3,5,2,1,1,0,0,0,0,0,0,8.850046479,53.085079966,Schwachhausen,Gete,POINT (8.850046479 53.085079966)
135,11,2016,4,1,15,3,3,1,1,1,0,0,0,0,0,0,8.742437254,53.062911419,Huchting,Mittelshuchting,POINT (8.742437254 53.062911419)
136,11,2016,4,4,19,3,0,7,1,0,0,0,0,0,0,1,8.819437836,53.072574695,Mitte,Ostertor,POINT (8.819437836000001 53.072574695)
137,11,2016,4,4,7,3,1,1,1,1,0,0,0,0,0,1,8.834228235,53.090176902,Schwachhausen,Bürgerpark,POINT (8.834228234999999 53.090176902)
138,11,2016,3,5,10,2,5,2,1,1,0,0,0,0,0,0,8.70846528,53.151837478,Burglesum,Burg-Grambke,POINT (8.70846528 53.151837478)
139,11,2016,4,2,10,3,5,3,1,1,0,0,0,0,0,0,8.702148538,53.168182758,Burglesum,Burgdamm,POINT (8.702148537999999 53.168182758)
140,11,2016,4,1,13,3,5,3,1,1,0,0,0,0,0,0,8.819687247,53.038297648,Obervieland,Kattenturm,POINT (8.819687246999999 53.038297648)
141,11,2016,4,1,0,3,0,7,1,0,0,0,0,0,2,0,8.817882461,53.072374958,Mitte,Ostertor,POINT (8.817882461 53.072374958)
142,11,2016,4,2,15,3,5,3,1,1,0,0,0,0,0,0,8.940559709,53.077595407,,,POINT (8.940559709 53.077595407)
143,11,2016,4,1,16,3,0,1,1,0,0,0,0,0,0,0,8.691802551,53.168278129,Burglesum,Lesum,POINT (8.691802551 53.168278129)
144,11,2016,3,2,16,3,5,3,1,1,0,0,0,0,0,0,8.805024035,53.08371231,Mitte,Bahnhofsvorstadt,POINT (8.805024035000001 53.08371231)
145,11,2016,4,1,5,2,7,1,1,0,0,0,0,1,2,0,8.802034801,53.063799582,Neustadt,Buntentor,POINT (8.802034801 53.063799582)
146,12,2016,3,1,20,3,0,7,1,0,0,0,0,0,1,1,8.592963608,53.556455765,Lehe,Königsheide,POINT (8.592963608 53.556455765)
147,11,2016,3,6,18,3,5,3,1,1,0,0,0,0,1,0,8.78897662,53.073130957,Neustadt,Alte Neustadt,POINT (8.78897662 53.073130957)
148,11,2016,4,2,19,3,0,7,1,1,0,0,0,0,0,0,8.87917067,53.076257495,Vahr,Gartenstadt Vahr,POINT (8.879170670000001 53.076257495)
149,11,2016,4,4,14,2,5,2,1,1,0,0,0,0,0,0,8.856585417,53.071355158,Hemelingen,Hastedt,POINT (8.856585417 53.071355158)
150,11,2016,4,2,8,3,4,6,1,1,0,0,0,0,0,0,8.899802602,53.047335526,Hemelingen,Hemelingen,POINT (8.899802601999999 53.047335526)
151,11,2016,3,5,7,3,3,6,1,1,0,0,0,0,0,0,8.830795963,53.074397578,Östliche Vorstadt,Steintor,POINT (8.830795963 53.074397578)
152,11,2016,4,6,14,3,2,6,1,1,0,0,0,0,0,0,8.821997548,53.072830997,Mitte,Ostertor,POINT (8.821997548000001 53.072830997)
153,11,2016,4,7,12,3,5,3,1,1,0,0,0,0,0,0,8.844819337,53.033690099,Obervieland,Arsten,POINT (8.844819337000001 53.033690099)
154,11,2016,4,6,11,3,5,3,1,0,0,0,0,1,0,1,8.796629315,53.089221404,Walle,Utbremen,POINT (8.796629315000001 53.089221404)
155,11,2016,4,2,9,3,3,6,1,0,0,0,0,0,0,0,8.801308121,53.071498151,Neustadt,Alte Neustadt,POINT (8.801308121 53.071498151)
156,11,2016,3,6,17,3,5,3,1,1,0,0,0,0,1,0,8.737291418,53.134140503,Gröpelingen,Oslebshausen,POINT (8.737291418 53.134140503)
157,11,2016,3,7,14,3,6,7,1,0,1,0,0,0,0,0,8.735067186,53.038056267,Huchting,Kirchhuchting,POINT (8.735067186 53.038056267)
158,11,2016,4,5,13,3,4,6,1,0,0,0,0,0,0,0,8.810548366,53.075253184,Mitte,Altstadt,POINT (8.810548366000001 53.075253184)
159,11,2016,3,7,15,3,5,2,1,1,0,0,0,0,0,0,8.768206656,53.104375033,Walle,Walle,POINT (8.768206656 53.104375033)
160,12,2016,3,5,16,3,0,1,1,0,0,0,0,0,0,0,8.59146205,53.543692504,Geestemünde,Buschkämpen,POINT (8.591462050000001 53.543692504)
161,11,2016,4,1,22,3,0,7,1,0,0,0,0,0,2,0,8.80173235,53.06789362,Neustadt,Südervorstadt,POINT (8.80173235 53.06789362)
162,12,2016,3,5,7,3,5,3,1,1,0,0,0,0,0,0,8.595208056,53.538989637,Geestemünde,Buschkämpen,POINT (8.595208056000001 53.538989637)
163,11,2016,4,4,12,3,0,7,1,0,0,0,0,0,0,0,8.826528399,53.072903557,Östliche Vorstadt,Steintor,POINT (8.826528399000001 53.072903557)
164,11,2016,4,6,10,2,5,3,1,1,0,0,0,0,0,0,8.887635199,53.069705466,Hemelingen,Sebaldsbrück,POINT (8.887635199 53.069705466)
165,11,2016,3,7,18,3,0,7,1,0,0,0,0,0,0,0,8.612186617,53.178596401,Vegesack,Fähr-Lobbendorf,POINT (8.612186617000001 53.178596401)
166,11,2016,4,7,17,3,6,4,1,0,1,0,0,0,0,0,8.842432224,53.067725089,Östliche Vorstadt,Peterswerder,POINT (8.842432224 53.067725089)
167,11,2016,4,6,19,3,0,7,1,0,0,0,0,0,0,0,8.765834807,53.082152753,Woltmershausen,Woltmershausen,POINT (8.765834806999999 53.082152753)
168,12,2016,4,3,14,3,0,1,1,0,0,0,0,0,0,0,8.595284292,53.530378867,Geestemünde,Buschkämpen,POINT (8.595284292000001 53.530378867)
169,11,2016,4,1,12,3,0,1,1,0,0,0,0,0,0,0,8.794090895,53.074349536,Neustadt,Alte Neustadt,POINT (8.794090895 53.074349536)
170,11,2016,4,2,19,3,5,2,1,1,0,0,0,0,1,0,8.800539481,53.078594612,Mitte,Altstadt,POINT (8.800539480999999 53.078594612)
171,11,2016,3,5,19,3,4,6,1,0,0,0,0,0,1,0,8.827944128,53.079944798,Schwachhausen,Gete,POINT (8.827944128 53.079944798)
172,12,2016,3,7,13,2,5,7,1,0,0,1,0,0,0,1,8.580081283,53.541065572,Mitte,Weddewarden,POINT (8.580081283 53.541065572)
173,11,2016,4,3,16,3,0,7,1,1,0,0,0,0,0,0,8.827693759,53.07476679,Östliche Vorstadt,Steintor,POINT (8.827693759000001 53.07476679)
174,11,2016,3,5,9,3,6,4,1,0,1,0,0,0,0,0,8.765408625,53.084933272,Woltmershausen,Woltmershausen,POINT (8.765408624999999 53.084933272)
175,11,2016,3,5,16,3,8,1,1,0,0,0,0,0,0,0,8.702028919,53.173133958,Burglesum,Burgdamm,POINT (8.702028919 53.173133958)
176,11,2016,4,5,16,3,5,2,1,1,0,0,0,0,0,0,8.808628099,53.08289893,Mitte,Bahnhofsvorstadt,POINT (8.808628099 53.08289893)
177,11,2016,4,2,17,2,1,5,1,1,0,0,0,0,0,0,8.816264784,53.073299118,Mitte,Ostertor,POINT (8.816264783999999 53.073299118)
178,11,2016,4,7,13,3,5,2,1,1,0,0,0,0,0,0,8.860624644,53.066172923,Hemelingen,Hastedt,POINT (8.860624644 53.066172923)
179,11,2016,3,2,14,3,5,3,1,1,0,0,0,0,0,0,8.880964898,53.064490035,Hemelingen,Hastedt,POINT (8.880964898 53.064490035)
180,11,2016,3,5,9,3,5,3,1,1,0,0,0,0,0,0,8.561150792,53.190381286,Blumenthal,Blumenthal,POINT (8.561150791999999 53.190381286)
181,11,2016,3,5,11,3,5,3,1,1,0,0,0,0,0,0,8.805882612,53.073404225,Mitte,Altstadt,POINT (8.805882612 53.073404225)
182,11,2016,4,5,16,3,5,3,1,1,0,0,0,0,0,0,8.801275258,53.086838631,Mitte,Bahnhofsvorstadt,POINT (8.801275258 53.086838631)
183,11,2016,4,3,18,3,1,5,1,0,0,0,0,1,0,0,8.781601307,53.087638482,Walle,Überseestadt,POINT (8.781601307000001 53.087638482)
184,11,2016,4,7,19,3,4,6,1,0,1,0,0,0,0,0,8.860271883,53.049470002,Obervieland,Habenhausen,POINT (8.860271882999999 53.049470002)