,UKREIS,UJAHR,UMONAT,UWOCHENTAG,USTUNDE,UKATEGORIE,UART,UTYP1,IstRad,IstPKW,IstFuss,IstKrad,IstGkfz,IstSonstig,ULICHTVERH,STRZUSTAND,longitude,latitude,Stadtteil,Ortsteil,geometry
369,11,2016,4,5,15,3,0,7,1,1,0,0,0,0,0,0,8.757907691,53.121362608,Gröpelingen,Ohlenhof,POINT (8.757907691 53.121362608)
370,11,2016,4,2,7,2,5,2,1,1,0,0,0,0,0,0,8.894231915,53.050743595,Hemelingen,Hemelingen,POINT (8.894231915000001 53.050743595)
371,11,2016,5,6,15,3,5,3,1,1,0,0,0,0,0,0,8.8373802,53.03784891,Obervieland,Arsten,POINT (8.8373802 53.03784891)
372,11,2016,6,2,14,3,5,3,1,1,0,0,0,0,0,0,8.752533145,53.112270029,Gröpelingen,Lindenhof,POINT (8.752533144999999 53.112270029)
373,11,2016,5,4,14,3,4,7,1,0,0,0,0,0,0,0,8.944883756,53.03866626,Hemelingen,Mahndorf,POINT (8.944883755999999 53.03866626)
374,11,2016,6,5,9,3,0,1,1,0,0,0,0,0,0,0,8.635731992,53.184841086,Vegesack,Aumund-Hammersbeck,POINT (8.635731992 53.184841086)
375,11,2016,5,7,21,3,0,7,1,0,0,0,0,0,2,0,8.815123755,53.070504835,Mitte,Ostertor,POINT (8.815123755 53.070504835)
376,11,2016,5,4,15,3,0,1,1,0,0,0,0,0,0,0,8.788683164,53.094020206,Walle,Westend,POINT (8.788683164 53.094020206)
377,11,2016,4,5,17,3,0,1,1,0,0,0,0,0,0,0,8.888897428,53.098893197,Horn-Lehe,Lehesterdeich,POINT (8.888897428 53.098893197)
378,11,2016,5,6,7,3,5,3,1,1,0,0,0,0,0,0,8.817084274,53.078782982,Mitte,Ostertor,POINT (8.817084274000001 53.078782982)
379,11,2016,5,4,8,3,5,3,1,1,0,0,0,0,0,0,8.866094249,53.070292791,Hemelingen,Hastedt,POINT (8.866094249 53.070292791)
380,11,2016,5,7,19,3,1,1,1,0,0,0,0,1,0,0,8.782136553,53.095852609,Walle,Steffensweg,POINT (8.782136553000001 53.095852609)
381,12,2016,6,3,9,3,4,6,1,1,0,0,0,0,0,0,8.58985188,53.56697897,Lehe,Königsheide,POINT (8.589851879999999 53.56697897)
382,11,2016,5,3,6,3,5,3,1,1,0,0,0,0,0,1,8.704632186,53.154922124,Burglesum,Burg-Grambke,POINT (8.704632186 53.154922124)
383,11,2016,5,4,8,3,4,6,1,1,0,0,0,0,0,0,8.628515862,53.187521092,Vegesack,Aumund-Hammersbeck,POINT (8.628515862 53.187521092)
384,11,2016,6,6,7,3,5,3,1,1,0,0,0,0,0,0,8.795433219,53.075143001,Neustadt,Alte Neustadt,POINT (8.795433219 53.075143001)
385,11,2016,6,4,12,3,5,3,1,1,0,0,0,0,0,0,8.806233687,53.084325262,Mitte,Bahnhofsvorstadt,POINT (8.806233687000001 53.084325262)
386,11,2016,5,7,19,3,0,7,1,0,0,0,0,0,0,0,8.834104768,53.086557999,Schwachhausen,Schwachhausen,POINT (8.834104768 53.086557999)
387,11,2016,5,3,19,3,5,3,1,1,0,0,0,0,0,0,8.805951012,53.087741593,Findorff,Findorff-Bürgerweide,POINT (8.805951012 53.087741593)
388,11,2016,5,4,17,2,5,2,1,1,0,0,0,0,0,0,8.829477647,53.080502335,Schwachhausen,Barkhof,POINT (8.829477646999999 53.080502335)
389,11,2016,5,6,12,2,5,3,1,1,0,0,0,0,0,0,8.886658259,53.07920624,Vahr,Neue Vahr Südwest,POINT (8.886658259000001 53.07920624)
390,11,2016,4,7,19,2,5,3,1,1,0,0,0,0,0,0,8.785775026,53.064654466,Neustadt,Neustadt,POINT (8.785775026 53.064654466)
391,11,2016,6,3,8,3,1,5,1,1,0,0,0,0,0,0,8.872178687,53.098364094,Horn-Lehe,Lehe,POINT (8.872178687 53.098364094)
392,11,2016,5,3,19,2,5,3,1,0,0,0,0,1,0,0,8.852735153,53.104547077,Horn-Lehe,Lehe,POINT (8.852735152999999 53.104547077)
393,11,2016,4,4,20,3,5,2,1,1,0,0,0,0,1,0,8.78840751,53.098475539,Walle,Westend,POINT (8.788407510000001 53.098475539)
394,11,2016,5,5,8,3,5,3,1,1,0,0,0,0,0,0,8.90169678,53.109060464,Horn-Lehe,Lehesterdeich,POINT (8.90169678 53.109060464)
395,11,2016,5,6,18,3,5,3,1,0,0,0,0,0,0,0,8.806098186,53.065275411,Neustadt,Buntentor,POINT (8.806098186 53.065275411)
396,11,2016,4,7,17,3,0,7,1,0,0,0,0,0,0,0,8.824814003,53.075128992,Östliche Vorstadt,Fesenfeld,POINT (8.824814003 53.075128992)
397,12,2016,5,3,17,2,5,3,1,1,0,0,0,0,0,0,8.589075623,53.539931533,Geestemünde,Buschkämpen,POINT (8.589075622999999 53.539931533)
398,11,2016,5,6,20,3,5,2,1,1,0,0,0,0,1,0,8.83096108,53.071423848,Östliche Vorstadt,Steintor,POINT (8.83096108 53.071423848)
399,11,2016,4,7,13,3,5,3,1,1,0,0,0,0,0,0,8.767529034,53.061069334,Huchting,Grolland,POINT (8.767529034000001 53.061069334)
400,11,2016,6,2,18,3,1,1,1,1,0,0,0,0,0,0,8.840334873,53.085513191,Schwachhausen,Schwachhausen,POINT (8.840334873 53.085513191)
401,12,2016,5,2,14,3,5,3,1,1,0,0,0,0,0,0,8.580918162,53.551308426,Lehe,Königsheide,POINT (8.580918162 53.551308426)
402,11,2016,4,5,12,3,5,3,1,1,0,0,0,0,0,0,8.788826895,53.104222297,Walle,Osterfeuerberg,POINT (8.788826895 53.104222297)
403,11,2016,4,7,16,3,0,7,1,0,0,0,0,1,0,0,8.796830632,53.094679986,Findorff,Regensburger Str.,POINT (8.796830632000001 53.094679986)
404,11,2016,6,7,12,3,8,7,1,0,0,0,0,0,0,0,8.740723902,53.16261161,,Blockland,POINT (8.740723901999999 53.16261161)
405,12,2016,6,5,9,3,5,2,1,1,0,0,0,0,0,0,8.583523234,53.555225816,Lehe,Königsheide,POINT (8.583523233999999 53.555225816)
406,11,2016,5,2,7,3,5,3,1,1,0,0,0,0,0,0,8.758826879,53.119225521,Gröpelingen,Ohlenhof,POINT (8.758826879000001 53.119225521)
407,12,2016,5,1,11,3,0,1,1,0,0,0,0,0,0,1,8.553599006,53.578869575,Häfen,Speckenbüttel,POINT (8.553599006000001 53.578869575)
408,11,2016,6,7,18,3,0,7,1,0,0,0,0,0,0,0,8.858637406,53.048912709,Obervieland,Habenhausen,POINT (8.858637406 53.048912709)
409,11,2016,5,2,19,3,0,7,1,1,0,0,0,0,1,0,8.789653043,53.103219193,Walle,Osterfeuerberg,POINT (8.789653042999999 53.103219193)
410,12,2016,5,6,14,2,7,1,1,0,0,0,0,0,0,0,8.593784811,53.561556422,Lehe,Königsheide,POINT (8.593784811000001 53.561556422)
411,11,2016,5,3,16,3,5,3,1,0,0,0,0,0,0,0,8.811116739,53.061054764,Neustadt,Huckelriede,POINT (8.811116738999999 53.061054764)
412,11,2016,4,6,16,3,5,2,1,1,0,0,0,0,0,0,8.887840597,53.109039651,Horn-Lehe,Lehesterdeich,POINT (8.887840597 53.109039651)
413,11,2016,6,5,10,3,5,3,1,1,0,0,0,0,0,0,8.860928409,53.049712605,Obervieland,Habenhausen,POINT (8.860928409 53.049712605)
414,11,2016,5,7,16,3,5,3,1,1,0,0,0,0,0,0,8.89629761,53.079216266,Vahr,Neue Vahr Südost,POINT (8.89629761 53.079216266)
415,11,2016,7,6,17,3,0,1,1,0,0,0,0,0,0,1,8.732628768,53.172806636,Burglesum,Burgdamm,POINT (8.732628768 53.172806636)
416,11,2016,6,2,8,3,5,3,1,1,0,0,0,0,0,0,8.798528676,53.079146752,Mitte,Altstadt,POINT (8.798528676 53.079146752)
417,11,2016,6,7,12,3,5,3,1,1,0,0,0,0,0,1,8.832434153,53.033536945,Obervieland,Kattenturm,POINT (8.832434152999999 53.033536945)
418,11,2016,6,5,11,3,5,2,1,1,0,0,0,0,0,0,8.85565927,53.069614208,Östliche Vorstadt,Peterswerder,POINT (8.85565927 53.069614208)
419,11,2016,6,4,14,3,1,1,1,1,0,0,0,0,0,0,8.703012009,53.171805553,Burglesum,Burgdamm,POINT (8.703012009 53.171805553)
420,11,2016,6,5,9,3,5,2,1,1,0,0,0,0,0,0,8.808350744,53.094749337,Findorff,Weidedamm,POINT (8.808350744 53.094749337)
421,11,2016,6,3,13,3,5,1,1,1,0,0,0,0,0,0,8.552991511,53.194389095,Blumenthal,Rönnebeck,POINT (8.552991511 53.194389095)
422,11,2016,6,4,12,3,5,2,1,1,0,0,0,0,0,0,8.835151468,53.091454949,Schwachhausen,Neu-Schwachhausen,POINT (8.835151467999999 53.091454949)
423,11,2016,7,6,13,3,5,3,1,1,0,0,0,0,0,0,8.799509957,53.084730248,Mitte,Bahnhofsvorstadt,POINT (8.799509957 53.084730248)
424,11,2016,7,4,20,3,1,1,1,1,0,0,0,0,0,0,8.741191654,53.126719555,Gröpelingen,Oslebshausen,POINT (8.741191654 53.126719555)
425,11,2016,7,5,11,3,5,3,1,1,0,0,0,0,0,0,8.800899829,53.0684248,Neustadt,Südervorstadt,POINT (8.800899829 53.0684248)
426,12,2016,6,2,6,3,4,2,1,1,0,0,0,0,0,0,8.598432361,53.53204727,Geestemünde,Buschkämpen,POINT (8.598432361 53.53204727)
427,11,2016,6,4,12,3,0,7,1,1,0,0,0,0,0,0,8.957744933,53.051500665,Osterholz,Osterholz,POINT (8.957744933000001 53.051500665)
428,11,2016,7,2,9,3,3,2,1,1,0,0,0,0,0,0,8.801093617,53.078857023,Mitte,Altstadt,POINT (8.801093616999999 53.078857023)
429,12,2016,6,1,10,3,4,2,1,1,0,0,0,0,0,1,8.597413548,53.588656538,Leherheide,Fehmoor,POINT (8.597413548 53.588656538)
430,11,2016,6,6,11,3,5,3,1,1,0,0,0,0,0,0,8.962007831,53.060340102,Osterholz,Tenever,POINT (8.962007830999999 53.060340102)
431,11,2016,7,4,12,2,6,4,1,0,1,0,0,0,0,0,8.951556548,53.055366178,Osterholz,Osterholz,POINT (8.951556547999999 53.055366178)
432,11,2016,6,6,19,3,1,7,1,1,0,0,0,0,0,0,8.776227156,53.071636429,Woltmershausen,Woltmershausen,POINT (8.776227155999999 53.071636429)
433,11,2016,6,4,8,3,5,2,1,1,0,0,0,0,0,1,8.827628,53.086623498,Schwachhausen,Bürgerpark,POINT (8.827628000000001 53.086623498)
434,11,2016,6,1,2,3,4,2,1,1,0,0,0,0,2,0,8.808847393,53.083111613,Mitte,Bahnhofsvorstadt,POINT (8.808847393000001 53.083111613)
435,11,2016,7,1,16,3,0,7,1,0,0,0,0,0,0,1,8.805827727,53.073338642,Mitte,Altstadt,POINT (8.805827727 53.073338642)
436,11,2016,7,6,18,3,1,5,1,1,0,0,0,0,0,1,8.768078027,53.11238927,Gröpelingen,Gröpelingen,POINT (8.768078027 53.11238927)
437,11,2016,6,1,2,2,0,7,1,0,0,0,0,0,2,0,8.772952241,53.126800233,Gröpelingen,In den Wischen,POINT (8.772952241 53.126800233)
438,11,2016,6,5,18,3,5,3,1,0,0,0,0,0,0,0,8.831989089,53.108708432,Horn-Lehe,Lehe,POINT (8.831989089 53.108708432)
439,11,2016,6,3,16,3,3,2,1,1,0,0,0,0,0,0,8.828213241,53.078195367,Östliche Vorstadt,Fesenfeld,POINT (8.828213241 53.078195367)
440,11,2016,6,1,1,3,5,7,1,1,0,0,0,0,2,0,8.818122956,53.072402872,Mitte,Ostertor,POINT (8.818122956 53.072402872)
441,12,2016,6,4,8,3,3,2,1,1,0,0,0,0,0,0,8.60067878,53.514274881,Wulsdorf,Geestemünde-Süd,POINT (8.600678780000001 53.514274881)
442,11,2016,6,4,9,3,5,2,1,1,0,0,0,0,0,0,8.930582406,53.087653461,,,POINT (8.930582405999999 53.087653461)
443,11,2016,7,4,17,3,5,3,1,1,0,0,0,0,0,0,8.914404725,53.038388086,Hemelingen,Arbergen,POINT (8.914404725000001 53.038388086)
444,11,2016,6,5,16,2,0,7,1,0,0,0,0,0,0,0,8.8778601,53.03726911,Hemelingen,Hemelingen,POINT (8.877860099999999 53.03726911)
445,11,2016,6,3,11,3,5,3,1,1,0,0,0,0,0,0,8.877933957,53.101386574,Horn-Lehe,Lehe,POINT (8.877933957 53.101386574)
446,11,2016,6,3,16,1,3,6,1,0,0,0,0,0,0,0,8.872914173,53.100532923,Horn-Lehe,Lehe,POINT (8.872914173 53.100532923)
447,12,2016,7,5,19,3,1,5,1,1,0,0,0,0,0,0,8.598354658,53.541924312,Geestemünde,Buschkämpen,POINT (8.598354658 53.541924312)
448,11,2016,6,5,13,3,5,3,1,1,0,0,0,0,0,0,8.852416074,53.070814301,Östliche Vorstadt,Peterswerder,POINT (8.852416074000001 53.070814301)
449,11,2016,7,3,8,2,5,3,1,1,0,0,0,0,0,0,8.827819489,53.07989956,Schwachhausen,Gete,POINT (8.827819488999999 53.07989956)
450,11,2016,7,3,17,3,5,3,1,1,0,0,0,0,0,0,8.801518697,53.086807724,Mitte,Bahnhofsvorstadt,POINT (8.801518697000001 53.086807724)
451,11,2016,6,3,12,2,5,3,1,1,0,0,0,0,0,0,8.789272331,53.071019776,Neustadt,Neustadt,POINT (8.789272330999999 53.071019776)
452,11,2016,7,5,18,2,5,3,1,1,0,0,0,0,0,1,8.710113707,53.17488984,Burglesum,Burgdamm,POINT (8.710113707 53.17488984)
453,12,2016,7,4,17,3,5,3,1,1,0,0,0,0,0,0,8.59261615,53.567086442,Lehe,Königsheide,POINT (8.59261615 53.567086442)
454,11,2016,7,1,12,3,0,7,1,0,1,0,0,0,0,0,8.860928409,53.049712605,Obervieland,Habenhausen,POINT (8.860928409 53.049712605)
455,11,2016,6,3,6,3,5,3,1,1,0,0,0,0,0,1,8.908086112,53.078395482,Vahr,Neue Vahr Südost,POINT (8.908086111999999 53.078395482)
456,11,2016,6,2,12,3,5,2,1,1,0,0,0,0,0,0,8.810917446,53.072253744,Mitte,Altstadt,POINT (8.810917445999999 53.072253744)
457,11,2016,6,4,7,3,5,2,1,1,0,0,0,0,0,1,8.793406791,53.092474712,Walle,Utbremen,POINT (8.793406791000001 53.092474712)
458,11,2016,6,3,13,3,6,4,1,0,1,0,0,0,0,0,8.793124694,53.073713057,Neustadt,Alte Neustadt,POINT (8.793124693999999 53.073713057)
459,12,2016,6,6,14,3,5,3,1,1,0,0,0,0,0,0,8.591046703,53.541452122,Geestemünde,Buschkämpen,POINT (8.591046703 53.541452122)
460,11,2016,6,1,9,3,5,2,1,1,0,0,0,0,0,0,8.825152692,53.084318416,Schwachhausen,Bürgerpark,POINT (8.825152692 53.084318416)
461,11,2016,6,6,11,3,0,5,1,1,0,0,0,0,0,0,8.789930057,53.106901207,Walle,Hohweg,POINT (8.789930056999999 53.106901207)
462,12,2016,7,3,18,3,1,3,1,1,0,0,0,0,0,0,8.580881137,53.547125856,Mitte,Weddewarden,POINT (8.580881137 53.547125856)
463,11,2016,6,2,12,3,5,2,1,0,0,0,1,0,0,0,8.847117566,53.087011724,Schwachhausen,Schwachhausen,POINT (8.847117566 53.087011724)
464,12,2016,6,3,20,3,1,1,1,1,0,0,0,0,0,0,8.57352686,53.549381768,Mitte,Weddewarden,POINT (8.573526859999999 53.549381768)
465,11,2016,6,3,7,3,5,3,1,1,0,0,0,0,0,1,8.873800519,53.101297378,Horn-Lehe,Lehe,POINT (8.873800519 53.101297378)
466,11,2016,6,5,8,3,5,3,1,1,0,0,0,0,0,0,8.901161096,53.08944952,Horn-Lehe,Horn,POINT (8.901161095999999 53.08944952)
467,11,2016,6,7,11,3,5,3,1,1,0,0,0,0,0,0,8.820018231,53.030147925,Obervieland,Kattenesch,POINT (8.820018231000001 53.030147925)
468,11,2016,6,4,19,3,1,7,1,1,0,0,0,0,0,1,8.788543037,53.091225785,Walle,Westend,POINT (8.788543037 53.091225785)
469,11,2016,6,4,16,3,1,7,1,0,0,0,1,0,0,0,8.849189855,53.071400061,Östliche Vorstadt,Peterswerder,POINT (8.849189855000001 53.071400061)
470,11,2016,7,6,15,3,5,3,1,1,0,0,0,0,0,1,8.793686892,53.066393806,Neustadt,Südervorstadt,POINT (8.793686892 53.066393806)
471,11,2016,7,4,17,3,0,2,1,1,0,0,0,0,0,1,8.744458593,53.130227548,Gröpelingen,Oslebshausen,POINT (8.744458592999999 53.130227548)
472,11,2016,6,5,13,3,0,7,1,0,0,0,0,0,0,0,8.571908096,53.188640149,Blumenthal,Blumenthal,POINT (8.571908096 53.188640149)
473,11,2016,6,6,12,2,5,3,1,1,0,0,0,0,0,0,8.869356608,53.074859036,Vahr,Gartenstadt Vahr,POINT (8.869356608 53.074859036)
474,11,2016,6,3,18,3,5,3,1,1,0,0,0,0,0,1,8.900968678,53.089482134,Horn-Lehe,Horn,POINT (8.900968678 53.089482134)
475,11,2016,7,6,20,2,5,3,1,1,0,0,0,0,1,0,8.855819186,53.081591935,Vahr,Gartenstadt Vahr,POINT (8.855819186 53.081591935)
476,11,2016,6,6,11,3,3,7,1,1,0,0,0,0,0,1,8.824055389,53.079233888,Mitte,Ostertor,POINT (8.824055389 53.079233888)
477,11,2016,6,5,18,2,5,3,1,1,0,0,0,0,0,0,8.825113422,53.084187307,Schwachhausen,Bürgerpark,POINT (8.825113421999999 53.084187307)
478,11,2016,7,3,14,3,0,7,1,0,0,0,0,0,0,1,8.754007153,53.120333098,Gröpelingen,Lindenhof,POINT (8.754007153 53.120333098)
479,12,2016,7,2,17,3,1,3,1,1,0,0,0,0,0,0,8.590335424,53.539850895,Geestemünde,Buschkämpen,POINT (8.590335423999999 53.539850895)
480,11,2016,6,3,16,3,5,3,1,1,0,0,0,0,0,0,8.814985884,53.054704616,Neustadt,Huckelriede,POINT (8.814985884 53.054704616)
481,11,2016,6,6,17,3,3,6,1,0,0,0,0,0,0,0,8.818040161,53.086225058,Schwachhausen,Barkhof,POINT (8.818040161000001 53.086225058)
482,11,2016,6,2,19,3,5,2,1,1,0,0,0,0,0,1,8.805854432,53.07355013,Mitte,Altstadt,POINT (8.805854432 53.07355013)
483,11,2016,6,4,20,3,5,5,1,1,0,0,0,0,0,0,8.805187972,53.061391904,Neustadt,Buntentor,POINT (8.805187972000001 53.061391904)
484,12,2016,7,7,17,3,5,3,1,1,0,0,0,0,0,0,8.605539834,53.523235086,Geestemünde,Buschkämpen,POINT (8.605539834 53.523235086)
485,11,2016,6,6,23,3,0,1,1,0,0,0,0,0,2,0,8.823415913,53.07661802,Östliche Vorstadt,Fesenfeld,POINT (8.823415913 53.07661802)
486,11,2016,7,4,17,3,0,1,1,0,0,0,0,0,0,0,8.846571965,53.074863325,Östliche Vorstadt,Hulsberg,POINT (8.846571965000001 53.074863325)
487,11,2016,6,2,11,3,5,3,1,1,0,0,0,0,0,0,8.863403468,53.068424397,Hemelingen,Hastedt,POINT (8.863403468 53.068424397)
488,11,2016,6,3,16,3,5,2,1,1,0,0,0,0,0,1,8.836962759,53.09926395,Schwachhausen,Neu-Schwachhausen,POINT (8.836962759 53.09926395)
489,11,2016,6,6,7,3,0,1,1,0,0,0,0,0,0,0,8.794076256,53.074339996,Neustadt,Alte Neustadt,POINT (8.794076256 53.074339996)
490,12,2016,7,6,12,3,0,1,1,0,0,0,0,0,0,0,8.602319977,53.507690204,Wulsdorf,Geestemünde-Süd,POINT (8.602319977000001 53.507690204)
491,11,2016,7,6,14,2,0,7,1,1,0,0,0,0,0,1,8.824965412,53.084568854,Schwachhausen,Bürgerpark,POINT (8.824965411999999 53.084568854)
492,12,2016,6,5,22,3,5,3,1,1,0,0,0,0,2,1,8.598620272,53.505536054,Wulsdorf,Geestemünde-Süd,POINT (8.598620272 53.505536054)
493,11,2016,6,1,19,3,0,7,1,0,1,0,0,0,0,0,8.810653136,53.061739345,Neustadt,Huckelriede,POINT (8.810653136000001 53.061739345)
494,11,2016,6,6,9,3,5,2,1,1,0,0,0,0,0,0,8.772545738,53.10911953,Walle,Walle,POINT (8.772545738 53.10911953)
495,11,2016,6,3,13,2,5,2,1,0,0,0,1,0,0,0,8.84772747,53.093154296,Schwachhausen,Riensberg,POINT (8.847727470000001 53.093154296)
496,12,2016,6,6,18,3,5,3,1,1,0,0,0,0,0,1,8.580386091,53.558833957,Lehe,Königsheide,POINT (8.580386090999999 53.558833957)
497,11,2016,6,4,18,3,5,3,1,1,0,0,0,0,0,0,8.795198503,53.057707586,Neustadt,Neuenland,POINT (8.795198503 53.057707586)
498,11,2016,6,3,8,2,0,1,1,0,0,0,0,1,0,1,8.807500574,53.09927347,Findorff,Weidedamm,POINT (8.807500574000001 53.09927347)
499,11,2016,7,6,5,3,4,6,1,0,0,0,0,0,1,1,8.787242046,53.056291447,Neustadt,Neuenland,POINT (8.787242045999999 53.056291447)
500,11,2016,6,6,8,2,5,2,1,1,0,0,0,0,0,1,8.812689304,53.081087085,Mitte,Bahnhofsvorstadt,POINT (8.812689303999999 53.081087085)
501,11,2016,6,5,15,3,5,3,1,1,0,0,0,0,0,0,8.571510758,53.191074099,Blumenthal,Blumenthal,POINT (8.571510758000001 53.191074099)
502,11,2016,7,2,17,3,5,7,1,1,0,0,0,0,0,0,8.841696224,53.075927983,Östliche Vorstadt,Hulsberg,POINT (8.841696224 53.075927983)
503,11,2016,6,3,17,3,1,5,1,1,0,0,0,0,0,0,8.58008611,53.200962119,Blumenthal,Lüssum-Bockhorn,POINT (8.58008611 53.200962119)
504,11,2016,7,1,1,3,1,1,1,1,0,0,0,0,2,0,8.824347691,53.069905965,Mitte,Ostertor,POINT (8.824347691 53.069905965)
505,11,2016,7,2,18,3,0,1,1,0,0,0,0,0,0,0,8.736204128,53.133411823,Gröpelingen,Oslebshausen,POINT (8.736204128000001 53.133411823)
506,12,2016,7,5,15,3,5,3,1,1,0,0,0,0,0,1,8.5909108,53.533543439,Geestemünde,Buschkämpen,POINT (8.5909108 53.533543439)
507,11,2016,6,6,16,3,5,3,1,1,0,0,0,0,0,0,8.78656166,53.100631573,Walle,Walle,POINT (8.78656166 53.100631573)
508,11,2016,7,4,15,3,0,1,1,0,0,0,0,0,0,0,8.819997638,53.07576239,Mitte,Ostertor,POINT (8.819997638 53.07576239)
509,11,2016,6,6,7,3,5,3,1,0,0,0,0,1,0,0,8.794066059,53.074388603,Neustadt,Alte Neustadt,POINT (8.794066059 53.074388603)
510,11,2016,6,7,20,3,0,1,1,0,0,0,0,0,0,1,8.736353372,53.045471562,Huchting,Kirchhuchting,POINT (8.736353372 53.045471562)
511,11,2016,6,4,17,3,4,6,1,0,0,0,0,0,0,0,8.917463837,53.122121558,,Borgfeld,POINT (8.917463837 53.122121558)
512,11,2016,6,1,15,3,5,2,1,1,0,0,0,0,0,0,8.799132563,53.06944918,Neustadt,Alte Neustadt,POINT (8.799132563000001 53.06944918)
513,11,2016,7,6,8,3,5,2,1,1,0,0,0,0,0,0,8.799132563,53.06944918,Neustadt,Alte Neustadt,POINT (8.799132563000001 53.06944918)
514,11,2016,6,6,21,2,0,7,1,0,0,0,0,0,1,0,8.802453582,53.071725916,Neustadt,Alte Neustadt,POINT (8.802453582 53.071725916)
515,11,2016,6,3,16,3,5,3,1,1,0,0,0,0,0,0,8.609719515,53.173257936,Vegesack,Vegesack,POINT (8.609719515 53.173257936)
516,11,2016,6,4,8,3,5,3,1,1,0,0,0,0,0,0,8.795725884,53.056166604,Neustadt,Neuenland,POINT (8.795725883999999 53.056166604)
517,11,2016,6,2,10,3,3,6,1,0,0,0,0,1,0,0,8.866464506,53.066905185,Hemelingen,Hastedt,POINT (8.866464506 53.066905185)
518,12,2016,6,3,18,3,3,6,1,0,0,0,0,0,0,0,8.613895434,53.538673554,Geestemünde,Buschkämpen,POINT (8.613895434 53.538673554)
519,11,2016,6,2,15,3,5,3,1,1,0,0,0,0,0,0,8.88774346,53.069050957,Hemelingen,Sebaldsbrück,POINT (8.887743459999999 53.069050957)
520,11,2016,7,4,10,3,5,3,1,1,0,0,0,0,0,1,8.825524836,53.07894574,Östliche Vorstadt,Fesenfeld,POINT (8.825524836 53.07894574)
521,11,2016,6,5,9,3,5,2,1,1,0,0,0,0,0,0,8.77879474,53.064650544,Neustadt,Neuenland,POINT (8.77879474 53.064650544)
522,11,2016,6,3,17,3,0,7,1,1,1,0,0,0,0,0,8.757431226,53.117350989,Gröpelingen,Ohlenhof,POINT (8.757431226 53.117350989)
523,11,2016,6,2,9,3,5,3,1,1,0,0,0,0,0,0,8.577099131,53.18840588,Blumenthal,Blumenthal,POINT (8.577099131000001 53.18840588)
524,11,2016,6,4,17,3,5,2,1,1,0,0,0,0,0,0,8.814110165,53.081257674,Mitte,Bahnhofsvorstadt,POINT (8.814110165000001 53.081257674)
525,11,2016,6,5,9,3,5,3,1,1,0,0,0,0,0,0,8.875887441,53.081779674,Vahr,Gartenstadt Vahr,POINT (8.875887441 53.081779674)
526,12,2016,6,6,8,3,0,7,1,0,0,0,0,0,0,1,8.553563406,53.57888351,Häfen,Speckenbüttel,POINT (8.553563406 53.57888351)
527,11,2016,6,5,16,3,0,1,1,0,0,0,0,0,0,0,8.740294412,53.062939648,Huchting,Mittelshuchting,POINT (8.740294412000001 53.062939648)
528,11,2016,7,3,17,3,6,4,1,0,1,0,0,0,0,0,8.803413687,53.076924382,Mitte,Altstadt,POINT (8.803413687000001 53.076924382)
529,11,2016,6,3,21,3,5,2,1,1,0,0,0,0,1,0,8.83761595,53.077525403,Östliche Vorstadt,Hulsberg,POINT (8.83761595 53.077525403)
530,11,2016,7,4,20,3,5,3,1,1,0,0,0,0,0,0,8.58328762,53.181937219,Blumenthal,Blumenthal,POINT (8.58328762 53.181937219)
531,11,2016,6,4,16,3,0,7,1,0,0,0,0,0,0,0,8.983194998,53.125618079,,Borgfeld,POINT (8.983194998 53.125618079)
532,11,2016,7,2,19,3,5,3,1,1,0,0,0,0,0,0,8.850454945,53.041625105,Obervieland,Habenhausen,POINT (8.850454944999999 53.041625105)
533,11,2016,6,3,8,3,5,2,1,1,0,0,0,0,0,1,8.835211586,53.08452937,Schwachhausen,Schwachhausen,POINT (8.835211586 53.08452937)
534,11,2016,6,5,16,3,5,3,1,1,0,0,0,0,0,0,8.794248708,53.084583821,Mitte,Bahnhofsvorstadt,POINT (8.794248708 53.084583821)
535,11,2016,7,4,21,2,5,3,1,0,0,0,0,1,0,0,8.807246769,53.07605488,Mitte,Altstadt,POINT (8.807246769000001 53.07605488)
536,11,2016,6,2,18,3,0,6,1,1,0,0,0,0,0,1,8.827099032,53.086343656,Schwachhausen,Bürgerpark,POINT (8.827099032 53.086343656)
537,11,2016,6,4,22,3,0,1,1,0,0,0,0,0,2,0,8.827689906,53.072555215,Östliche Vorstadt,Steintor,POINT (8.827689906 53.072555215)
538,11,2016,6,2,7,3,5,3,1,0,0,0,0,0,0,0,8.612980054,53.182669708,Vegesack,Fähr-Lobbendorf,POINT (8.612980053999999 53.182669708)
539,11,2016,6,1,23,3,5,3,1,1,0,0,0,0,2,0,8.790159866,53.064164814,Neustadt,Südervorstadt,POINT (8.790159866 53.064164814)
540,11,2016,7,6,20,3,5,3,1,0,0,0,0,0,1,1,8.704910751,53.171039857,Burglesum,Burgdamm,POINT (8.704910751 53.171039857)
541,11,2016,6,5,18,3,3,6,1,0,0,0,0,0,0,0,8.751972898,53.122103877,Gröpelingen,Ohlenhof,POINT (8.751972898 53.122103877)
542,11,2016,7,6,15,2,5,3,1,0,0,0,0,1,0,0,8.820045851,53.049906903,Neustadt,Huckelriede,POINT (8.820045851 53.049906903)
543,11,2016,8,3,16,3,1,5,1,1,0,0,0,0,0,0,8.817352878,53.079138414,Mitte,Bahnhofsvorstadt,POINT (8.817352877999999 53.079138414)
544,11,2016,8,6,18,2,0,1,1,0,0,0,0,0,0,0,8.852513574,53.086265847,Schwachhausen,Radio Bremen,POINT (8.852513574 53.086265847)
545,11,2016,7,3,6,3,0,1,1,0,0,0,0,0,0,0,8.854161747,53.082218041,Schwachhausen,Gete,POINT (8.854161746999999 53.082218041)
546,11,2016,8,2,18,3,5,3,1,1,0,0,0,0,0,0,8.789158474,53.08291211,Walle,Überseestadt,POINT (8.789158474000001 53.08291211)
547,12,2016,8,4,17,2,5,3,1,1,0,0,0,0,0,0,8.598042516,53.585930657,Leherheide,Fehmoor,POINT (8.598042516 53.585930657)
548,11,2016,8,3,9,3,5,7,1,1,0,0,0,0,0,0,8.740792206,53.046972118,Huchting,Kirchhuchting,POINT (8.740792206 53.046972118)
549,11,2016,8,6,12,3,0,7,1,1,0,0,0,0,0,0,8.801738157,53.067890018,Neustadt,Südervorstadt,POINT (8.801738157000001 53.067890018)
550,11,2016,7,2,13,3,5,3,1,1,0,0,0,0,0,0,8.757905614,53.122920688,Gröpelingen,Ohlenhof,POINT (8.757905614 53.122920688)
551,11,2016,8,1,14,3,5,3,1,1,0,0,0,0,0,0,8.559786449,53.190779598,Blumenthal,Rönnebeck,POINT (8.559786449000001 53.190779598)
552,11,2016,8,5,11,3,5,3,1,1,0,0,0,0,0,0,8.78173914,53.086151727,Walle,Überseestadt,POINT (8.781739140000001 53.086151727)