,UKREIS,UJAHR,UMONAT,UWOCHENTAG,USTUNDE,UKATEGORIE,UART,UTYP1,IstRad,IstPKW,IstFuss,IstKrad,IstGkfz,IstSonstig,ULICHTVERH,STRZUSTAND,longitude,latitude,Stadtteil,Ortsteil,geometry
553,11,2016,8,6,16,3,5,3,1,1,0,0,0,0,0,1,8.802719118,53.077213099,Mitte,Altstadt,POINT (8.802719118000001 53.077213099)
554,11,2016,8,2,13,2,0,7,1,0,0,0,0,0,0,0,8.793916457,53.07423585,Neustadt,Alte Neustadt,POINT (8.793916457 53.07423585)
555,11,2016,8,3,9,2,0,1,1,0,0,0,0,0,0,0,8.831992072,53.071057869,Östliche Vorstadt,Steintor,POINT (8.831992072 53.071057869)
556,11,2016,8,2,15,3,1,5,1,1,0,0,0,0,0,1,8.730016408,53.042683175,Huchting,Kirchhuchting,POINT (8.730016407999999 53.042683175)
557,11,2016,7,6,8,3,5,2,1,1,0,0,0,0,0,0,8.875996975,53.082133592,Vahr,Neue Vahr Südwest,POINT (8.875996975 53.082133592)
558,11,2016,8,5,22,3,0,1,1,0,0,0,0,0,2,0,8.704675895,53.154724492,Burglesum,Burg-Grambke,POINT (8.704675894999999 53.154724492)
559,11,2016,7,6,22,3,1,5,1,1,0,0,0,0,2,0,8.82535633,53.103404755,Schwachhausen,Neu-Schwachhausen,POINT (8.82535633 53.103404755)
560,11,2016,7,7,16,3,8,2,1,1,0,0,0,0,0,0,8.575850039,53.18342035,Blumenthal,Blumenthal,POINT (8.575850039000001 53.18342035)
561,12,2016,8,4,15,3,5,3,1,0,0,0,0,0,0,0,8.601179641,53.495872107,Wulsdorf,Geestemünde-Süd,POINT (8.601179641 53.495872107)
562,11,2016,7,4,7,3,4,5,1,1,0,0,0,0,0,0,8.872563828,53.083002803,Schwachhausen,Radio Bremen,POINT (8.872563828000001 53.083002803)
563,12,2016,8,3,14,3,0,3,1,0,0,0,0,0,0,0,8.589757952,53.539931259,Geestemünde,Buschkämpen,POINT (8.589757951999999 53.539931259)
564,11,2016,8,2,2,3,2,6,1,1,0,0,0,0,2,0,8.824500216,53.043871839,Obervieland,Kattenturm,POINT (8.824500216000001 53.043871839)
565,11,2016,8,5,16,3,0,7,1,1,0,0,0,0,0,0,8.844348194,53.094093001,Schwachhausen,Neu-Schwachhausen,POINT (8.844348194 53.094093001)
566,11,2016,8,2,22,3,6,4,1,0,1,0,0,0,2,0,8.796309778,53.076823029,Neustadt,Alte Neustadt,POINT (8.796309777999999 53.076823029)
567,11,2016,8,4,8,3,4,6,1,0,0,0,0,0,0,0,8.807129105,53.082526626,Mitte,Bahnhofsvorstadt,POINT (8.807129105 53.082526626)
568,12,2016,7,4,12,3,5,3,1,1,0,0,0,0,0,0,8.6058176,53.522706427,Geestemünde,Buschkämpen,POINT (8.6058176 53.522706427)
569,11,2016,7,4,12,3,5,3,1,1,0,0,0,0,0,0,8.837152679,53.0717663,Östliche Vorstadt,Hulsberg,POINT (8.837152679000001 53.0717663)
570,12,2016,8,2,12,3,5,3,1,1,0,0,0,0,0,0,8.616388756,53.588818195,Leherheide,Fehmoor,POINT (8.616388755999999 53.588818195)
571,11,2016,7,4,8,2,5,3,1,0,0,0,0,1,0,0,8.960646677,53.041993356,Hemelingen,Mahndorf,POINT (8.960646677 53.041993356)
572,11,2016,8,4,7,3,5,3,1,1,0,0,0,0,0,1,8.880681714,53.078969938,Vahr,Neue Vahr Südwest,POINT (8.880681714 53.078969938)
573,12,2016,8,2,21,3,8,1,1,0,0,0,0,0,0,0,8.579782325,53.546702499,Mitte,Weddewarden,POINT (8.579782325 53.546702499)
574,11,2016,7,6,18,3,1,5,1,1,0,0,0,0,0,0,8.95311679,53.038118466,Hemelingen,Mahndorf,POINT (8.953116789999999 53.038118466)
575,11,2016,8,6,14,3,5,3,1,1,0,0,0,0,0,0,8.83539272,53.073436729,Östliche Vorstadt,Steintor,POINT (8.83539272 53.073436729)
576,12,2016,7,2,6,2,5,3,1,1,0,0,0,0,0,0,8.595023666,53.572065502,Lehe,Königsheide,POINT (8.595023665999999 53.572065502)
577,11,2016,8,4,16,3,3,2,1,0,0,0,0,1,0,0,8.791441587,53.101969637,Walle,Osterfeuerberg,POINT (8.791441587 53.101969637)
578,12,2016,8,6,14,3,0,7,1,0,0,0,0,0,0,0,8.581600086,53.541002366,Mitte,Weddewarden,POINT (8.581600086 53.541002366)
579,11,2016,7,3,13,3,1,5,1,1,0,0,0,0,0,0,8.803587578,53.066756439,Neustadt,Buntentor,POINT (8.803587578 53.066756439)
580,11,2016,8,2,9,3,5,3,1,1,0,0,0,0,0,1,8.874239693,53.078447224,Vahr,Gartenstadt Vahr,POINT (8.874239693 53.078447224)
581,11,2016,7,2,12,2,5,7,1,1,0,0,0,0,0,0,8.750011646,53.092896148,Woltmershausen,Rablinghausen,POINT (8.750011646000001 53.092896148)
582,11,2016,8,6,14,3,5,3,1,1,0,0,0,0,0,0,8.811673282,53.081646957,Mitte,Bahnhofsvorstadt,POINT (8.811673281999999 53.081646957)
583,11,2016,7,7,15,1,6,3,1,0,1,0,0,0,0,1,8.804361998,53.075652374,Mitte,Altstadt,POINT (8.804361997999999 53.075652374)
584,11,2016,8,6,14,3,5,3,1,1,0,0,0,0,0,0,8.732884432,53.058378036,Huchting,Mittelshuchting,POINT (8.732884432000001 53.058378036)
585,11,2016,8,7,12,3,5,3,1,1,0,0,0,0,0,0,8.876541087,53.081044036,Vahr,Gartenstadt Vahr,POINT (8.876541087 53.081044036)
586,11,2016,7,2,10,3,0,1,1,0,0,0,0,0,0,0,8.861785,53.099194546,Horn-Lehe,Horn,POINT (8.861784999999999 53.099194546)
587,11,2016,7,6,19,3,1,5,1,1,0,0,0,0,0,0,8.73898808,53.055368605,Huchting,Mittelshuchting,POINT (8.73898808 53.055368605)
588,11,2016,8,5,16,3,0,6,1,1,0,0,0,0,0,1,8.864846165,53.095651186,Horn-Lehe,Horn,POINT (8.864846164999999 53.095651186)
589,12,2016,8,3,11,3,5,3,1,1,0,0,0,0,0,0,8.586268371,53.5626895,Lehe,Königsheide,POINT (8.586268370999999 53.5626895)
590,12,2016,7,3,6,3,5,3,1,1,0,0,0,0,0,0,8.603730493,53.586235138,Leherheide,Fehmoor,POINT (8.603730493 53.586235138)
591,11,2016,8,4,10,2,4,2,1,1,0,0,0,0,0,0,8.54851439,53.18816971,Blumenthal,Rönnebeck,POINT (8.548514389999999 53.18816971)
592,11,2016,8,2,7,3,3,6,1,0,0,0,0,0,0,0,8.799274749,53.071417444,Neustadt,Alte Neustadt,POINT (8.799274749 53.071417444)
593,11,2016,8,5,8,3,5,3,1,1,0,0,0,0,0,0,8.792019493,53.094500197,Walle,Westend,POINT (8.792019493 53.094500197)
594,11,2016,8,6,19,3,5,3,1,1,0,0,0,0,0,0,8.89191708,53.048883313,Hemelingen,Hemelingen,POINT (8.891917080000001 53.048883313)
595,11,2016,8,5,11,3,0,1,1,0,0,0,0,0,0,1,8.831386126,53.071224909,Östliche Vorstadt,Steintor,POINT (8.831386126 53.071224909)
596,11,2016,7,7,22,3,0,1,1,0,0,0,0,0,2,0,8.827880342,53.072496661,Östliche Vorstadt,Steintor,POINT (8.827880342 53.072496661)
597,11,2016,7,6,12,3,1,5,1,1,0,0,0,0,0,0,8.769274265,53.082591495,Woltmershausen,Woltmershausen,POINT (8.769274265 53.082591495)
598,11,2016,7,1,1,3,0,7,1,0,0,0,0,0,2,0,8.799607769,53.094643434,Findorff,Regensburger Str.,POINT (8.799607769 53.094643434)
599,11,2016,8,6,7,3,1,5,1,1,0,0,0,0,0,0,8.866744036,53.070145039,Hemelingen,Hastedt,POINT (8.866744036 53.070145039)
600,11,2016,8,4,15,3,0,1,1,0,0,0,0,0,0,0,8.828005014,53.070132924,Östliche Vorstadt,Steintor,POINT (8.828005014 53.070132924)
601,11,2016,8,2,14,3,5,3,1,0,0,0,0,1,0,0,8.776195761,53.098657592,Walle,Walle,POINT (8.776195761 53.098657592)
602,11,2016,8,4,21,3,4,6,1,1,0,0,0,0,2,0,8.914170484,53.068520967,Hemelingen,Sebaldsbrück,POINT (8.914170484 53.068520967)
603,12,2016,7,5,11,3,6,7,1,0,1,0,0,0,0,0,8.59159441,53.566371333,Lehe,Königsheide,POINT (8.591594410000001 53.566371333)
604,11,2016,8,4,9,3,5,3,1,1,0,0,0,0,0,0,8.880338664,53.0824284,Vahr,Neue Vahr Südwest,POINT (8.880338664 53.0824284)
605,11,2016,7,6,12,3,4,6,1,0,0,0,0,0,0,0,8.783603357,53.075521911,Woltmershausen,Woltmershausen,POINT (8.783603357 53.075521911)
606,11,2016,8,2,19,3,5,3,1,1,0,0,0,0,0,0,8.740514245,53.054235554,Huchting,Mittelshuchting,POINT (8.740514245 53.054235554)
607,11,2016,8,4,7,3,5,3,1,1,0,0,0,0,0,0,8.575320132,53.1921802,Blumenthal,Blumenthal,POINT (8.575320132 53.1921802)
608,11,2016,7,5,18,3,5,2,1,1,0,0,0,0,0,0,8.793628617,53.066408549,Neustadt,Neustadt,POINT (8.793628617 53.066408549)
609,12,2016,8,3,10,3,3,6,1,0,0,0,0,0,0,0,8.601419151,53.591422753,Leherheide,Fehmoor,POINT (8.601419151 53.591422753)
610,11,2016,7,3,14,3,5,3,1,1,0,0,0,0,0,0,8.916459128,53.071289028,Hemelingen,Sebaldsbrück,POINT (8.916459128 53.071289028)
611,11,2016,8,2,7,3,5,3,1,1,0,0,0,0,0,0,8.843716244,53.088290137,Schwachhausen,Riensberg,POINT (8.843716243999999 53.088290137)
612,11,2016,7,2,8,3,5,2,1,1,0,0,0,0,0,0,8.702132439,53.167995647,Burglesum,Burgdamm,POINT (8.702132439 53.167995647)
613,11,2016,7,3,11,2,0,7,1,0,0,0,0,1,0,0,8.954492941,53.045121464,Osterholz,Osterholz,POINT (8.954492941 53.045121464)
614,11,2016,8,6,12,3,5,2,1,1,0,0,0,0,0,1,8.807435525,53.09438042,Findorff,Regensburger Str.,POINT (8.807435525000001 53.09438042)
615,11,2016,8,5,17,3,3,6,1,1,0,0,0,0,0,1,8.822741223,53.082889821,Schwachhausen,Barkhof,POINT (8.822741223 53.082889821)
616,12,2016,8,2,15,3,5,2,1,1,0,0,0,0,0,0,8.593666274,53.533365479,Geestemünde,Buschkämpen,POINT (8.593666274 53.533365479)
617,11,2016,8,2,8,3,5,3,1,0,0,1,0,0,0,0,8.799488616,53.071521047,Neustadt,Alte Neustadt,POINT (8.799488616 53.071521047)
618,11,2016,8,3,20,3,6,4,1,0,1,0,0,0,0,0,8.845567723,53.071596595,Östliche Vorstadt,Peterswerder,POINT (8.845567723 53.071596595)
619,11,2016,8,3,17,3,6,7,1,0,1,0,0,0,0,0,8.806253771,53.084236981,Mitte,Bahnhofsvorstadt,POINT (8.806253771 53.084236981)
620,11,2016,7,7,14,2,0,1,1,0,0,0,0,0,0,1,8.830892242,53.081463214,Schwachhausen,Schwachhausen,POINT (8.830892241999999 53.081463214)
621,11,2016,8,3,21,3,5,2,1,1,0,0,0,0,1,0,8.779329571,53.078664682,Häfen,Hohentorshafen,POINT (8.779329571 53.078664682)
622,11,2016,7,5,19,3,1,5,1,1,0,0,0,0,0,0,8.801075836,53.068310055,Neustadt,Südervorstadt,POINT (8.801075836000001 53.068310055)
623,11,2016,8,3,14,3,5,3,1,1,0,0,0,0,0,0,8.898528152,53.119941809,,Borgfeld,POINT (8.898528152000001 53.119941809)
624,11,2016,8,6,8,3,0,1,1,0,0,0,0,0,0,0,8.833770714,53.081828287,Schwachhausen,Schwachhausen,POINT (8.833770714 53.081828287)
625,11,2016,7,2,22,2,5,3,1,1,0,0,0,0,2,0,8.886391602,53.0346057,Hemelingen,Hemelingen,POINT (8.886391602 53.0346057)
626,11,2016,8,7,15,3,2,6,1,1,0,0,0,0,0,0,8.833550579,53.08214702,Schwachhausen,Schwachhausen,POINT (8.833550579000001 53.08214702)
627,11,2016,8,6,14,3,5,3,1,1,0,0,0,0,0,1,8.941644875,53.060418376,Osterholz,Ellenerbrok-Schevemoor,POINT (8.941644875 53.060418376)
628,11,2016,8,1,19,3,6,4,1,0,1,0,0,0,0,0,8.853244213,53.08684058,Schwachhausen,Radio Bremen,POINT (8.853244213 53.08684058)
629,11,2016,7,2,16,3,5,6,1,1,0,0,0,0,0,0,8.810589353,53.039247018,Obervieland,Kattenturm,POINT (8.810589352999999 53.039247018)
630,11,2016,8,5,11,2,0,3,1,1,0,0,0,0,0,0,8.77338784,53.091692259,Walle,Überseestadt,POINT (8.77338784 53.091692259)
631,11,2016,8,7,12,3,5,2,1,0,0,0,0,0,0,0,8.759853363,53.113487516,Gröpelingen,Lindenhof,POINT (8.759853363 53.113487516)
632,11,2016,8,6,13,3,5,3,1,1,0,0,0,0,0,0,8.619074583,53.180499785,Vegesack,Fähr-Lobbendorf,POINT (8.619074583 53.180499785)
633,11,2016,8,5,11,2,5,3,1,1,0,0,0,0,0,1,8.880009305,53.090647602,Horn-Lehe,Horn,POINT (8.880009305 53.090647602)
634,11,2016,8,3,7,2,4,6,1,0,0,0,0,0,0,0,8.886746948,53.051523432,Hemelingen,Hemelingen,POINT (8.886746948000001 53.051523432)
635,12,2016,7,7,9,3,3,6,1,1,0,0,0,0,0,0,8.593473107,53.533815985,Geestemünde,Buschkämpen,POINT (8.593473106999999 53.533815985)
636,11,2016,8,5,14,3,5,2,1,1,0,0,0,0,0,0,8.830436667,53.085655978,Schwachhausen,Bürgerpark,POINT (8.830436667000001 53.085655978)
637,11,2016,8,2,14,3,4,6,1,0,0,1,0,0,0,0,8.886716122,53.051556637,Hemelingen,Hemelingen,POINT (8.886716121999999 53.051556637)
638,11,2016,8,4,13,3,3,6,1,0,0,0,0,0,0,0,8.799423844,53.070182994,Neustadt,Alte Neustadt,POINT (8.799423844 53.070182994)
639,11,2016,7,5,14,3,4,1,1,0,0,0,0,0,0,0,8.626030857,53.166729465,Vegesack,Grohn,POINT (8.626030857 53.166729465)
640,12,2016,8,3,13,3,0,1,1,0,0,0,1,0,0,0,8.579152952,53.533283649,Geestemünde,Buschkämpen,POINT (8.579152951999999 53.533283649)
641,11,2016,8,7,10,3,6,1,1,0,1,0,0,0,0,0,8.789326083,53.09304724,Walle,Westend,POINT (8.789326083000001 53.09304724)
642,12,2016,7,3,21,3,5,3,1,1,0,0,0,0,1,0,8.598274133,53.570226548,Lehe,Königsheide,POINT (8.598274133 53.570226548)
643,11,2016,8,2,16,3,5,3,1,0,0,0,0,0,0,0,8.80769035,53.082407593,Mitte,Bahnhofsvorstadt,POINT (8.80769035 53.082407593)
644,11,2016,8,2,15,3,5,3,1,0,0,0,0,0,0,1,8.912666774,53.055381219,Hemelingen,Sebaldsbrück,POINT (8.912666774 53.055381219)
645,11,2016,7,5,7,3,4,6,1,1,0,0,0,0,0,0,8.758906288,53.091790365,Woltmershausen,Rablinghausen,POINT (8.758906288 53.091790365)
646,11,2016,7,7,12,3,3,2,1,1,0,0,0,0,0,0,8.627879892,53.17188814,Vegesack,Vegesack,POINT (8.627879891999999 53.17188814)
647,11,2016,7,3,11,3,5,3,1,0,0,0,0,1,0,0,8.832841014,53.070808736,Östliche Vorstadt,Steintor,POINT (8.832841014 53.070808736)
648,11,2016,7,1,22,3,0,7,1,0,0,0,0,0,1,0,8.896295348,53.082419536,Vahr,Neue Vahr Nord,POINT (8.896295348000001 53.082419536)
649,11,2016,8,3,8,3,5,2,1,1,0,0,0,0,0,0,8.791019792,53.095509267,Walle,Westend,POINT (8.791019792 53.095509267)
650,11,2016,8,6,18,3,0,1,1,0,0,0,0,0,0,0,8.826999172,53.072778406,Östliche Vorstadt,Steintor,POINT (8.826999172000001 53.072778406)
651,11,2016,8,1,10,3,0,3,1,1,0,0,0,0,0,0,8.855044402,53.078751255,Schwachhausen,Gete,POINT (8.855044402000001 53.078751255)
652,11,2016,7,3,11,2,0,7,1,0,0,0,0,1,0,0,8.954507597,53.04512671,Osterholz,Osterholz,POINT (8.954507596999999 53.04512671)
653,11,2016,7,1,12,3,7,1,1,0,0,0,0,1,0,0,8.832126864,53.108670507,Horn-Lehe,Lehe,POINT (8.832126863999999 53.108670507)
654,11,2016,8,5,9,2,0,3,1,0,0,0,0,1,0,1,8.880177935,53.101501703,Horn-Lehe,Lehe,POINT (8.880177935000001 53.101501703)
655,11,2016,8,6,13,3,5,3,1,1,0,0,0,0,0,0,8.829459291,53.089004433,Schwachhausen,Bürgerpark,POINT (8.829459290999999 53.089004433)
656,11,2016,7,2,15,3,5,3,1,1,0,0,0,0,0,0,8.739879924,53.047237021,Huchting,Kirchhuchting,POINT (8.739879924 53.047237021)
657,12,2016,8,5,7,3,1,6,1,1,0,0,0,0,0,1,8.592138455,53.568458255,Lehe,Königsheide,POINT (8.592138455000001 53.568458255)
658,12,2016,8,3,7,3,6,4,1,0,1,0,0,0,0,1,8.581042446,53.551480994,Lehe,Königsheide,POINT (8.581042446 53.551480994)
659,12,2016,8,7,16,3,5,3,1,1,0,0,0,0,0,0,8.611174304,53.529619801,Geestemünde,Buschkämpen,POINT (8.611174304 53.529619801)
660,11,2016,7,1,14,3,0,1,1,0,0,0,0,0,0,0,8.807166859,53.064618784,Neustadt,Buntentor,POINT (8.807166859000001 53.064618784)
661,11,2016,8,4,13,3,3,6,1,1,0,0,0,0,0,0,8.909005793,53.056010076,Hemelingen,Sebaldsbrück,POINT (8.909005793 53.056010076)
662,11,2016,8,1,17,3,5,3,1,1,0,0,0,0,0,0,8.786447654,53.095466049,Walle,Westend,POINT (8.786447654 53.095466049)
663,11,2016,7,2,23,3,4,6,1,0,0,0,0,0,2,0,8.803215079,53.07222352,Neustadt,Alte Neustadt,POINT (8.803215078999999 53.07222352)
664,12,2016,8,2,10,3,5,7,1,1,0,0,0,0,0,0,8.589764523,53.539233426,Geestemünde,Buschkämpen,POINT (8.589764522999999 53.539233426)
665,11,2016,8,2,16,3,0,1,1,0,0,0,0,0,0,1,8.8275864,53.072585925,Östliche Vorstadt,Steintor,POINT (8.8275864 53.072585925)
666,11,2016,8,5,12,3,0,5,1,0,0,0,0,1,0,1,8.572200725,53.197289143,Blumenthal,Lüssum-Bockhorn,POINT (8.572200725 53.197289143)
667,11,2016,7,7,12,3,5,3,1,1,0,0,0,0,0,0,8.772341306,53.109011924,Walle,Walle,POINT (8.772341306 53.109011924)
668,11,2016,7,3,1,3,5,3,1,1,0,0,0,0,2,0,8.84489116,53.045803426,Obervieland,Habenhausen,POINT (8.84489116 53.045803426)
669,12,2016,8,5,9,3,8,1,1,0,0,0,0,0,0,0,8.586094193,53.561086382,Lehe,Königsheide,POINT (8.586094192999999 53.561086382)
670,11,2016,8,6,9,3,5,3,1,1,0,0,0,0,0,0,8.925386642,53.073007888,Osterholz,Ellener Feld,POINT (8.925386641999999 53.073007888)
671,11,2016,8,4,8,3,4,6,1,0,0,0,0,0,0,1,8.791901344,53.085743807,Walle,Utbremen,POINT (8.791901343999999 53.085743807)
672,12,2016,7,4,13,2,5,3,1,1,0,0,0,0,0,0,8.593336367,53.54652292,Geestemünde,Buschkämpen,POINT (8.593336366999999 53.54652292)
673,12,2016,7,6,18,3,8,1,1,0,0,0,0,0,0,0,8.58464508,53.560062984,Lehe,Königsheide,POINT (8.58464508 53.560062984)
674,11,2016,8,4,16,3,5,2,1,1,0,0,0,0,0,0,8.818738214,53.043877108,Obervieland,Kattenturm,POINT (8.818738214 53.043877108)
675,11,2016,7,3,6,3,5,3,1,1,0,0,0,0,0,0,8.826166792,53.034332725,Obervieland,Kattenturm,POINT (8.826166792 53.034332725)
676,11,2016,8,4,15,2,0,1,1,0,0,0,0,0,0,0,8.809185506,53.078851413,Mitte,Altstadt,POINT (8.809185506 53.078851413)
677,12,2016,8,2,20,3,1,1,1,1,0,0,0,0,1,0,8.599933906,53.529435909,Geestemünde,Buschkämpen,POINT (8.599933906 53.529435909)
678,11,2016,8,3,15,3,5,3,1,1,0,0,0,0,0,0,8.849731047,53.048971602,Obervieland,Habenhausen,POINT (8.849731047000001 53.048971602)
679,11,2016,8,3,13,2,5,2,1,1,0,0,0,0,0,0,8.819113549,53.080275639,Mitte,Ostertor,POINT (8.819113549000001 53.080275639)
680,11,2016,8,4,7,3,0,2,1,1,0,0,0,0,0,1,8.765461511,53.107180755,Walle,Überseestadt,POINT (8.765461511 53.107180755)
681,11,2016,8,2,8,3,5,2,1,1,0,0,0,0,0,0,8.787484393,53.089916474,Walle,Utbremen,POINT (8.787484393 53.089916474)
682,11,2016,8,4,8,3,5,3,1,1,0,0,0,0,0,0,8.805500056,53.081558785,Mitte,Bahnhofsvorstadt,POINT (8.805500056 53.081558785)
683,11,2016,8,6,13,3,5,3,1,1,0,0,0,0,0,0,8.675490612,53.173579502,Burglesum,Lesum,POINT (8.675490612000001 53.173579502)
684,12,2016,7,7,16,3,0,7,1,0,0,0,0,0,0,0,8.593715463,53.562241705,Lehe,Königsheide,POINT (8.593715463000001 53.562241705)
685,11,2016,7,3,14,3,5,3,1,1,0,0,0,0,0,0,8.574061522,53.19802157,Blumenthal,Lüssum-Bockhorn,POINT (8.574061521999999 53.19802157)
686,11,2016,8,5,14,3,5,3,1,1,0,0,0,0,0,1,8.635789753,53.17319335,Vegesack,Vegesack,POINT (8.635789752999999 53.17319335)
687,11,2016,8,2,19,2,5,3,1,1,0,0,0,0,0,0,8.867286943,53.06990895,Hemelingen,Hastedt,POINT (8.867286943 53.06990895)
688,11,2016,8,6,11,3,1,5,1,0,0,0,0,1,0,0,8.830887201,53.076970691,Östliche Vorstadt,Fesenfeld,POINT (8.830887200999999 53.076970691)
689,11,2016,8,6,15,3,4,2,1,1,0,0,0,0,0,1,8.784098571,53.075618285,Woltmershausen,Woltmershausen,POINT (8.784098570999999 53.075618285)
690,12,2016,7,2,20,3,7,6,1,0,0,0,0,0,0,0,8.580430606,53.557209943,Lehe,Königsheide,POINT (8.580430606 53.557209943)
691,11,2016,8,7,12,3,5,2,1,1,0,0,0,0,0,0,8.853544711,53.064832079,Hemelingen,Hastedt,POINT (8.853544711 53.064832079)
692,11,2016,7,2,17,3,5,2,1,1,0,0,0,0,0,0,8.876597124,53.081389183,Vahr,Neue Vahr Südwest,POINT (8.876597124 53.081389183)
693,11,2016,8,4,6,3,0,7,1,0,0,0,0,1,0,0,8.661476751,53.161662004,Burglesum,St.Magnus,POINT (8.661476751 53.161662004)
694,11,2016,8,1,15,3,6,3,1,0,1,0,0,0,0,0,8.790066029,53.094617757,Walle,Westend,POINT (8.790066029 53.094617757)
695,11,2016,8,2,15,3,0,1,1,0,0,0,0,0,0,1,8.853149551,53.1042719,Horn-Lehe,Lehe,POINT (8.853149551 53.1042719)
696,11,2016,8,5,7,3,4,3,1,0,0,0,0,0,0,0,8.863046102,53.071430211,Hemelingen,Hastedt,POINT (8.863046102 53.071430211)
697,11,2016,8,5,7,2,0,7,1,0,0,0,0,0,0,0,8.780955559,53.112683583,Walle,Walle,POINT (8.780955559000001 53.112683583)
698,11,2016,8,3,13,3,5,3,1,1,0,0,0,0,0,1,8.957982762,53.048842848,Osterholz,Osterholz,POINT (8.957982762 53.048842848)
699,11,2016,7,1,23,3,6,4,1,0,1,0,0,0,2,0,8.894631362,53.08042675,Vahr,Neue Vahr Südost,POINT (8.894631362 53.08042675)
700,11,2016,8,5,17,3,0,3,1,0,1,0,0,0,0,0,8.805980599,53.073344638,Mitte,Altstadt,POINT (8.805980599 53.073344638)
701,11,2016,8,4,16,3,3,6,1,1,0,0,0,1,0,0,8.833199893,53.078713219,Östliche Vorstadt,Fesenfeld,POINT (8.833199893 53.078713219)
702,11,2016,8,2,9,3,5,3,1,1,0,0,0,0,0,0,8.875247304,53.101368637,Horn-Lehe,Lehe,POINT (8.875247304 53.101368637)
703,11,2016,7,5,6,3,5,2,1,1,0,0,0,0,0,0,8.886391602,53.0346057,Hemelingen,Hemelingen,POINT (8.886391602 53.0346057)
704,11,2016,8,7,13,3,0,3,1,1,0,0,0,0,0,0,8.757915405,53.058070093,Huchting,Grolland,POINT (8.757915405 53.058070093)
705,11,2016,7,4,8,3,5,2,1,1,0,0,0,0,0,0,8.825253991,53.07900556,Mitte,Ostertor,POINT (8.825253991 53.07900556)
706,11,2016,7,4,15,3,5,3,1,1,0,0,0,0,0,0,8.770724305,53.078508261,Woltmershausen,Woltmershausen,POINT (8.770724305 53.078508261)
707,11,2016,7,7,12,3,0,7,1,0,0,0,0,0,0,0,8.822994996,53.07294195,Mitte,Ostertor,POINT (8.822994996 53.07294195)
708,11,2016,9,3,8,3,5,2,1,1,0,0,0,0,0,0,8.824454486,53.084524886,Schwachhausen,Bürgerpark,POINT (8.824454486 53.084524886)
709,11,2016,9,6,12,3,5,2,1,1,0,0,0,0,0,0,8.584576456,53.181445939,Blumenthal,Blumenthal,POINT (8.584576456000001 53.181445939)
710,11,2016,9,4,19,3,5,3,1,1,0,0,0,0,0,0,8.789252702,53.090129561,Walle,Utbremen,POINT (8.789252702000001 53.090129561)
711,11,2016,9,4,21,2,0,1,1,0,0,0,0,0,2,0,8.887138416,53.058586714,Hemelingen,Hemelingen,POINT (8.887138416000001 53.058586714)
712,11,2016,9,7,19,3,0,1,1,0,0,0,0,0,1,0,8.8004552,53.078790885,Mitte,Altstadt,POINT (8.8004552 53.078790885)
713,11,2016,8,5,16,3,4,2,1,1,0,0,0,0,0,0,8.820285182,53.086470662,Schwachhausen,Barkhof,POINT (8.820285181999999 53.086470662)
714,11,2016,9,1,16,2,6,4,1,0,1,0,0,0,0,0,8.83866205,53.154661821,,Blockland,POINT (8.83866205 53.154661821)
715,11,2016,9,6,14,2,5,2,1,0,0,0,1,0,0,0,8.783842248,53.087683398,Walle,Überseestadt,POINT (8.783842247999999 53.087683398)
716,11,2016,9,3,20,3,1,7,1,0,1,0,0,0,2,0,8.773990138,53.077806914,Woltmershausen,Woltmershausen,POINT (8.773990138 53.077806914)
717,11,2016,9,3,17,3,5,3,1,1,0,0,0,0,0,0,8.769162034,53.082699114,Woltmershausen,Woltmershausen,POINT (8.769162034000001 53.082699114)
718,12,2016,9,2,18,1,5,3,1,1,0,1,0,0,0,0,8.594982437,53.572101206,Lehe,Königsheide,POINT (8.594982437000001 53.572101206)
719,12,2016,9,6,17,3,5,3,1,1,0,0,0,0,0,0,8.592888385,53.587077615,Lehe,Königsheide,POINT (8.592888385 53.587077615)
720,11,2016,8,5,5,3,0,1,1,0,0,0,0,0,1,0,8.9034522,53.059549586,Hemelingen,Sebaldsbrück,POINT (8.9034522 53.059549586)
721,11,2016,9,7,15,2,6,4,1,0,1,0,0,0,0,0,8.783585311,53.149971367,,Blockland,POINT (8.783585311 53.149971367)
722,11,2016,8,3,19,3,0,3,1,1,0,0,0,0,0,0,8.716248585,53.144001326,Burglesum,Burg-Grambke,POINT (8.716248585000001 53.144001326)
723,11,2016,9,5,15,3,5,3,1,1,0,0,0,0,0,0,8.815087083,53.077144174,Mitte,Ostertor,POINT (8.815087083 53.077144174)
724,11,2016,9,5,10,2,5,2,1,0,0,0,1,0,0,0,8.785029416,53.088672332,Walle,Überseestadt,POINT (8.785029416 53.088672332)
725,11,2016,9,4,7,3,3,2,1,0,0,0,1,0,0,0,8.784051937,53.075570081,Woltmershausen,Woltmershausen,POINT (8.784051936999999 53.075570081)
726,11,2016,9,3,12,3,5,3,1,1,0,0,0,0,0,0,8.962455609,53.133095756,,Borgfeld,POINT (8.962455608999999 53.133095756)
727,11,2016,9,6,11,3,5,3,1,0,0,1,0,0,0,0,8.788609366,53.10338967,Walle,Osterfeuerberg,POINT (8.788609365999999 53.10338967)
728,11,2016,9,1,16,3,0,1,1,0,0,0,0,0,0,0,8.823566931,53.076848775,Mitte,Ostertor,POINT (8.823566931 53.076848775)
729,11,2016,9,6,6,2,5,3,1,0,0,0,0,0,1,0,8.642388278,53.163114496,Vegesack,Grohn,POINT (8.642388278 53.163114496)
730,11,2016,9,4,7,3,5,3,1,1,0,0,0,0,0,0,8.796303863,53.090580383,Walle,Utbremen,POINT (8.796303863 53.090580383)
731,11,2016,8,6,16,3,3,6,1,0,0,0,0,0,0,0,8.853551223,53.064846837,Hemelingen,Hastedt,POINT (8.853551223 53.064846837)
732,11,2016,9,3,18,3,3,6,1,1,0,0,0,0,0,0,8.85156513,53.083823059,Schwachhausen,Gete,POINT (8.851565129999999 53.083823059)
733,11,2016,9,3,0,3,5,3,1,1,0,0,0,0,2,0,8.816027598,53.081075804,Mitte,Bahnhofsvorstadt,POINT (8.816027598 53.081075804)
734,11,2016,9,5,17,3,5,3,1,0,0,0,0,0,0,0,8.825130211,53.084265885,Schwachhausen,Bürgerpark,POINT (8.825130210999999 53.084265885)
735,11,2016,9,3,8,2,5,3,1,0,0,0,0,0,0,0,8.82916382,53.080279878,Schwachhausen,Gete,POINT (8.82916382 53.080279878)
736,11,2016,9,2,19,3,5,3,1,1,0,0,0,0,1,0,8.910371628,53.071235291,Hemelingen,Sebaldsbrück,POINT (8.910371628 53.071235291)