,UKREIS,UJAHR,UMONAT,UWOCHENTAG,USTUNDE,UKATEGORIE,UART,UTYP1,IstRad,IstPKW,IstFuss,IstKrad,IstGkfz,IstSonstig,ULICHTVERH,STRZUSTAND,longitude,latitude,Stadtteil,Ortsteil,geometry
737,11,2016,9,6,11,3,1,7,1,1,0,0,0,0,0,0,8.795425968,53.065412251,Neustadt,Südervorstadt,POINT (8.795425968 53.065412251)
738,11,2016,9,5,18,3,1,5,1,1,0,0,0,0,0,0,8.828152079,53.083113067,Schwachhausen,Schwachhausen,POINT (8.828152079000001 53.083113067)
739,11,2016,9,4,15,3,5,3,1,1,0,0,0,0,0,0,8.769643065,53.110399335,Gröpelingen,Lindenhof,POINT (8.769643065 53.110399335)
740,11,2016,9,5,12,3,5,3,1,1,0,0,0,0,0,0,8.632551119,53.181297925,Vegesack,Schönebeck,POINT (8.632551119 53.181297925)
741,11,2016,9,3,9,3,5,3,1,1,0,0,0,0,0,0,8.880656817,53.07056225,Vahr,Gartenstadt Vahr,POINT (8.880656817 53.07056225)
742,11,2016,9,6,7,3,5,2,1,1,0,0,0,0,0,0,8.846293129,53.047508966,Obervieland,Habenhausen,POINT (8.846293128999999 53.047508966)
743,11,2016,8,4,13,3,0,7,1,0,1,0,0,0,0,0,8.797825761,53.076811825,Neustadt,Alte Neustadt,POINT (8.797825761 53.076811825)
744,11,2016,9,1,18,3,6,4,1,0,1,0,0,0,0,0,8.787582429,53.069836705,Neustadt,Neustadt,POINT (8.787582429 53.069836705)
745,11,2016,9,4,7,3,5,3,1,0,0,1,0,0,0,0,8.814628016,53.084994964,Findorff,Findorff-Bürgerweide,POINT (8.814628016 53.084994964)
746,12,2016,9,3,15,2,0,1,1,0,0,0,0,0,0,0,8.603482647,53.523462945,Geestemünde,Buschkämpen,POINT (8.603482647 53.523462945)
747,11,2016,9,2,13,2,8,1,1,0,0,0,0,0,0,0,8.690824426,53.168844146,Burglesum,Lesum,POINT (8.690824426000001 53.168844146)
748,11,2016,9,3,18,3,5,3,1,1,0,0,0,0,0,0,8.573282016,53.198987303,Blumenthal,Lüssum-Bockhorn,POINT (8.573282016 53.198987303)
749,11,2016,8,5,14,3,5,2,1,1,0,0,0,0,0,0,8.902085133,53.071462923,Hemelingen,Sebaldsbrück,POINT (8.902085133 53.071462923)
750,11,2016,8,5,7,3,5,3,1,1,0,0,0,0,0,0,8.738433115,53.047248202,Huchting,Kirchhuchting,POINT (8.738433114999999 53.047248202)
751,11,2016,9,1,2,3,5,3,1,1,0,0,0,0,2,0,8.812048699,53.097576098,Findorff,Weidedamm,POINT (8.812048699 53.097576098)
752,11,2016,9,5,13,3,5,3,1,0,0,1,0,0,0,0,8.872446106,53.063127631,Hemelingen,Hastedt,POINT (8.872446106 53.063127631)
753,11,2016,8,4,9,3,6,7,1,0,1,0,0,0,0,0,8.808487091,53.082882903,Mitte,Bahnhofsvorstadt,POINT (8.808487091 53.082882903)
754,11,2016,9,6,20,3,5,3,1,1,0,0,0,0,1,0,8.813882937,53.080179071,Mitte,Bahnhofsvorstadt,POINT (8.813882937000001 53.080179071)
755,11,2016,9,3,22,3,5,2,1,1,0,0,0,0,2,0,8.923355553,53.059411907,Osterholz,Osterholz,POINT (8.923355553 53.059411907)
756,11,2016,9,2,7,3,5,2,1,1,0,0,0,0,0,0,8.818904678,53.036490673,Obervieland,Kattenturm,POINT (8.818904678000001 53.036490673)
757,11,2016,9,6,17,3,5,3,1,1,0,0,0,0,0,0,8.883394173,53.100539235,Horn-Lehe,Lehe,POINT (8.883394172999999 53.100539235)
758,12,2016,9,6,11,3,5,3,1,1,0,0,0,0,0,0,8.590937878,53.541100061,Geestemünde,Buschkämpen,POINT (8.590937878 53.541100061)
759,11,2016,9,4,10,3,5,3,1,1,0,0,0,0,0,0,8.818364654,53.077444256,Mitte,Ostertor,POINT (8.818364654 53.077444256)
760,11,2016,9,3,15,3,0,7,1,0,0,0,0,0,0,0,8.759523606,53.113636427,Gröpelingen,Lindenhof,POINT (8.759523606 53.113636427)
761,11,2016,9,3,7,3,5,2,1,1,0,0,0,0,0,0,8.780233397,53.105587243,Walle,Walle,POINT (8.780233397 53.105587243)
762,11,2016,9,6,20,3,6,4,1,0,1,0,0,0,2,0,8.788935463,53.070868307,Neustadt,Hohentor,POINT (8.788935463 53.070868307)
763,11,2016,9,5,15,3,5,3,1,1,0,0,0,0,0,0,8.838337218,53.081398897,Schwachhausen,Gete,POINT (8.838337217999999 53.081398897)
764,11,2016,9,4,7,3,5,7,1,0,0,0,0,1,0,0,8.69569807,53.168705866,Burglesum,Lesum,POINT (8.695698070000001 53.168705866)
765,11,2016,9,6,11,3,1,1,1,0,0,0,0,1,0,0,8.872205784,53.064131244,Hemelingen,Hastedt,POINT (8.872205784 53.064131244)
766,12,2016,9,3,8,3,3,2,1,1,0,0,0,0,0,0,8.591571473,53.532219658,Geestemünde,Buschkämpen,POINT (8.591571473 53.532219658)
767,11,2016,9,7,10,3,5,3,1,1,0,0,0,0,0,0,8.892679595,53.129241236,,Borgfeld,POINT (8.892679595000001 53.129241236)
768,12,2016,9,4,17,3,5,3,1,0,0,0,0,0,0,0,8.596428482,53.535885925,Geestemünde,Buschkämpen,POINT (8.596428482 53.535885925)
769,12,2016,9,5,11,3,1,5,1,1,0,0,0,0,0,0,8.593671606,53.563508492,Lehe,Königsheide,POINT (8.593671605999999 53.563508492)
770,11,2016,9,2,16,2,1,5,1,1,0,0,0,0,0,0,8.899246936,53.134485013,,Borgfeld,POINT (8.899246936000001 53.134485013)
771,11,2016,9,3,15,3,5,3,1,1,0,0,0,0,0,0,8.736640535,53.045318652,Huchting,Kirchhuchting,POINT (8.736640534999999 53.045318652)
772,11,2016,9,6,16,3,5,3,1,1,0,0,0,0,0,0,8.754795907,53.119762067,Gröpelingen,Ohlenhof,POINT (8.754795907 53.119762067)
773,11,2016,9,1,17,3,0,1,1,0,0,0,0,0,0,0,8.804397235,53.072617345,Mitte,Altstadt,POINT (8.804397235 53.072617345)
774,11,2016,8,2,8,3,0,7,1,1,0,0,0,0,0,1,8.733601224,53.165501779,,Blockland,POINT (8.733601223999999 53.165501779)
775,11,2016,9,3,7,3,5,3,1,1,0,0,0,0,0,0,8.844339739,53.083995128,Schwachhausen,Schwachhausen,POINT (8.844339739 53.083995128)
776,11,2016,9,6,10,3,3,6,1,0,0,1,0,0,0,0,8.794972547,53.067222886,Neustadt,Südervorstadt,POINT (8.794972547 53.067222886)
777,11,2016,9,5,7,3,5,2,1,1,0,0,0,0,0,0,8.834910653,53.082073241,Schwachhausen,Schwachhausen,POINT (8.834910653 53.082073241)
778,11,2016,9,4,16,3,5,3,1,1,0,0,0,0,0,0,8.901473401,53.059425667,Hemelingen,Sebaldsbrück,POINT (8.901473401000001 53.059425667)
779,12,2016,8,4,7,3,5,3,1,1,0,0,0,0,0,0,8.613474838,53.529284557,Geestemünde,Buschkämpen,POINT (8.613474838 53.529284557)
780,11,2016,9,2,12,3,7,7,1,0,0,0,0,0,0,0,8.528682531,53.19390816,Blumenthal,Farge,POINT (8.528682530999999 53.19390816)
781,11,2016,8,5,23,3,0,1,1,0,0,0,0,0,2,0,8.827093866,53.086337012,Schwachhausen,Bürgerpark,POINT (8.827093866 53.086337012)
782,11,2016,9,6,14,3,6,4,1,1,1,0,0,0,0,0,8.943732262,53.037997317,Hemelingen,Mahndorf,POINT (8.943732261999999 53.037997317)
783,11,2016,9,4,12,2,5,3,1,1,0,0,0,0,0,0,8.832109977,53.068643296,Östliche Vorstadt,Peterswerder,POINT (8.832109977 53.068643296)
784,12,2016,9,2,9,2,5,3,1,1,0,0,0,0,0,1,8.596488745,53.567606106,Lehe,Königsheide,POINT (8.596488745 53.567606106)
785,11,2016,8,4,9,3,5,3,1,1,0,0,0,0,0,0,8.873966216,53.101336209,Horn-Lehe,Lehe,POINT (8.873966215999999 53.101336209)
786,11,2016,8,7,9,2,8,7,1,0,0,0,0,0,0,0,8.829774269,53.07182141,Östliche Vorstadt,Steintor,POINT (8.829774269 53.07182141)
787,11,2016,9,6,10,3,0,7,1,0,0,0,0,1,0,0,8.827792837,53.048716711,Obervieland,Kattenturm,POINT (8.827792837000001 53.048716711)
788,11,2016,9,4,8,3,5,3,1,0,0,0,0,1,0,0,8.761857506,53.115408935,Gröpelingen,Gröpelingen,POINT (8.761857506 53.115408935)
789,11,2016,9,3,9,3,3,6,1,1,0,0,0,0,0,0,8.859622973,53.102814678,Horn-Lehe,Lehe,POINT (8.859622973 53.102814678)
790,12,2016,9,6,17,3,5,3,1,1,0,0,0,0,0,0,8.592883073,53.587083025,Lehe,Königsheide,POINT (8.592883072999999 53.587083025)
791,11,2016,8,4,9,3,5,3,1,1,0,0,0,0,0,0,8.945673119,53.058132992,Osterholz,Osterholz,POINT (8.945673119 53.058132992)
792,11,2016,9,7,20,3,1,5,1,1,0,0,0,0,2,0,8.791481294,53.06819549,Neustadt,Neustadt,POINT (8.791481294 53.06819549)
793,11,2016,8,3,17,3,3,6,1,1,0,0,0,0,0,0,8.61337253,53.174638224,Vegesack,Vegesack,POINT (8.613372529999999 53.174638224)
794,11,2016,8,6,9,3,5,3,1,1,0,0,0,0,0,0,8.838002695,53.067873543,Östliche Vorstadt,Peterswerder,POINT (8.838002695 53.067873543)
795,11,2016,9,5,16,3,5,7,1,1,0,1,0,0,0,0,8.794148793,53.089119466,Walle,Utbremen,POINT (8.794148793 53.089119466)
796,11,2016,9,4,17,3,5,3,1,1,0,0,0,0,0,0,8.964611784,53.057582094,Osterholz,Tenever,POINT (8.964611784000001 53.057582094)
797,11,2016,9,6,13,3,5,3,1,1,0,0,0,0,0,0,8.808024515,53.082607284,Mitte,Bahnhofsvorstadt,POINT (8.808024515 53.082607284)
798,11,2016,9,1,13,1,6,7,1,0,1,0,0,0,0,0,8.80898995,53.076416664,Mitte,Altstadt,POINT (8.808989950000001 53.076416664)
799,11,2016,9,4,10,3,6,7,1,0,0,0,0,1,0,0,8.819236932,53.083896749,Schwachhausen,Barkhof,POINT (8.819236932000001 53.083896749)
800,11,2016,8,6,9,3,3,2,1,1,0,0,0,0,0,0,8.962343656,53.057404929,Osterholz,Osterholz,POINT (8.962343656 53.057404929)
801,11,2016,9,5,13,3,5,3,1,1,0,0,0,0,0,0,8.625547043,53.181244089,Vegesack,Aumund-Hammersbeck,POINT (8.625547042999999 53.181244089)
802,11,2016,9,6,16,3,5,2,1,1,0,0,0,0,0,0,8.878094108,53.082300661,Vahr,Neue Vahr Südwest,POINT (8.878094108000001 53.082300661)
803,11,2016,9,3,18,3,3,6,1,0,1,0,0,0,0,0,8.810982424,53.061879158,Neustadt,Huckelriede,POINT (8.810982424000001 53.061879158)
804,11,2016,9,5,0,3,9,7,1,0,0,0,0,0,2,0,8.709033147,53.053308884,Huchting,Mittelshuchting,POINT (8.709033147 53.053308884)
805,12,2016,10,1,17,3,5,2,1,1,0,0,0,0,0,0,8.598198768,53.585172439,Lehe,Königsheide,POINT (8.598198768 53.585172439)
806,11,2016,9,3,12,3,5,3,1,1,0,0,0,0,0,0,8.871266605,53.077386362,Vahr,Gartenstadt Vahr,POINT (8.871266605000001 53.077386362)
807,11,2016,9,2,18,3,0,7,1,0,0,0,0,0,0,0,8.820020758,53.030358667,Obervieland,Kattenesch,POINT (8.820020758 53.030358667)
808,11,2016,9,5,15,2,6,4,1,0,1,0,0,1,0,0,8.80705847,53.082128254,Mitte,Bahnhofsvorstadt,POINT (8.807058469999999 53.082128254)
809,11,2016,9,4,8,3,1,7,1,1,0,0,0,0,0,0,8.918068034,53.073815572,Osterholz,Blockdiek,POINT (8.918068033999999 53.073815572)
810,11,2016,8,4,15,3,5,7,1,1,0,0,0,0,0,0,8.837003441,53.075367044,Östliche Vorstadt,Hulsberg,POINT (8.837003441 53.075367044)
811,11,2016,8,4,19,3,5,3,1,1,0,0,0,0,0,0,8.807119306,53.08201646,Mitte,Bahnhofsvorstadt,POINT (8.807119306000001 53.08201646)
812,11,2016,8,4,8,3,5,2,1,0,0,0,0,1,0,0,8.806884801,53.08198829,Mitte,Bahnhofsvorstadt,POINT (8.806884801000001 53.08198829)
813,11,2016,9,3,10,3,5,3,1,1,0,0,0,0,0,0,8.844719792,53.076654921,Östliche Vorstadt,Hulsberg,POINT (8.844719791999999 53.076654921)
814,11,2016,8,4,15,3,3,6,1,1,0,0,0,0,0,0,8.788127626,53.098850601,Walle,Westend,POINT (8.788127626 53.098850601)
815,11,2016,8,2,7,3,5,2,1,1,0,0,0,0,0,0,8.788607215,53.103369889,Walle,Osterfeuerberg,POINT (8.788607215000001 53.103369889)
816,12,2016,9,2,7,3,5,2,1,0,0,0,0,0,0,0,8.588173905,53.536002046,Geestemünde,Buschkämpen,POINT (8.588173905 53.536002046)
817,11,2016,9,4,14,3,5,2,1,1,0,0,0,0,0,0,8.800696443,53.07868761,Mitte,Altstadt,POINT (8.800696443 53.07868761)
818,11,2016,9,2,18,3,0,1,1,0,0,0,0,0,0,0,8.830725203,53.071477853,Östliche Vorstadt,Steintor,POINT (8.830725203 53.071477853)
819,11,2016,9,7,9,2,5,3,1,1,1,0,0,0,0,0,8.809050725,53.095048859,Findorff,Weidedamm,POINT (8.809050725000001 53.095048859)
820,11,2016,9,1,19,3,1,5,1,1,0,0,0,0,0,0,8.761728177,53.114648032,Gröpelingen,Gröpelingen,POINT (8.761728177 53.114648032)
821,11,2016,8,5,15,3,1,5,1,1,0,0,0,0,0,0,8.900443281,53.04101478,Hemelingen,Hemelingen,POINT (8.900443280999999 53.04101478)
822,11,2016,9,4,1,2,0,7,1,0,0,0,0,0,2,0,8.852305615,53.057182363,Obervieland,Habenhausen,POINT (8.852305615000001 53.057182363)
823,11,2016,9,3,12,3,5,3,1,1,0,0,0,0,0,0,8.808998165,53.095059499,Findorff,Weidedamm,POINT (8.808998165 53.095059499)
824,11,2016,9,2,17,3,8,3,1,0,0,0,0,1,0,0,8.939106573,53.076445085,,,POINT (8.939106573 53.076445085)
825,11,2016,8,4,12,3,6,6,1,0,1,0,0,0,0,0,8.823741035,53.07791143,Östliche Vorstadt,Fesenfeld,POINT (8.823741034999999 53.07791143)
826,11,2016,8,3,8,3,5,3,1,1,0,0,0,0,0,0,8.791454036,53.090986087,Walle,Utbremen,POINT (8.791454035999999 53.090986087)
827,11,2016,8,6,5,3,5,3,1,1,0,0,0,0,1,0,8.914310495,53.065156948,Hemelingen,Sebaldsbrück,POINT (8.914310495000001 53.065156948)
828,11,2016,9,5,12,3,5,3,1,1,0,0,0,0,0,0,8.803220678,53.072218579,Neustadt,Alte Neustadt,POINT (8.803220678000001 53.072218579)
829,11,2016,9,3,18,3,5,3,1,1,0,0,0,0,0,0,8.808515583,53.0592433,Neustadt,Huckelriede,POINT (8.808515583 53.0592433)
830,11,2016,9,6,13,3,5,1,1,1,0,0,0,0,0,0,8.870949795,53.087521681,Schwachhausen,Radio Bremen,POINT (8.870949795 53.087521681)
831,11,2016,9,1,17,3,5,2,1,1,0,0,0,0,0,0,8.808273929,53.094727076,Findorff,Weidedamm,POINT (8.808273929 53.094727076)
832,11,2016,8,2,9,3,4,6,1,1,0,0,0,0,0,1,8.796653451,53.056766083,Neustadt,Neuenland,POINT (8.796653450999999 53.056766083)
833,11,2016,9,4,8,3,5,2,1,1,0,0,0,0,0,0,8.867267059,53.091107195,Schwachhausen,Riensberg,POINT (8.867267059 53.091107195)
834,11,2016,9,2,3,2,3,6,1,0,0,0,0,0,2,0,8.790203004,53.082852253,Walle,Überseestadt,POINT (8.790203004 53.082852253)
835,11,2016,8,3,10,3,5,2,1,1,0,0,0,0,0,0,8.91627251,53.071139538,Hemelingen,Sebaldsbrück,POINT (8.916272510000001 53.071139538)
836,11,2016,9,6,12,3,5,2,1,1,0,0,0,0,0,0,8.797760077,53.083440702,Mitte,Bahnhofsvorstadt,POINT (8.797760077 53.083440702)
837,11,2016,8,4,17,3,5,3,1,1,0,0,0,0,0,0,8.776358668,53.092805998,Walle,Überseestadt,POINT (8.776358668 53.092805998)
838,12,2016,9,4,11,3,5,3,1,1,0,0,0,0,0,0,8.594059274,53.547818259,Geestemünde,Buschkämpen,POINT (8.594059273999999 53.547818259)
839,11,2016,9,6,21,3,5,2,1,1,0,0,0,0,2,0,8.794289,53.074478513,Neustadt,Alte Neustadt,POINT (8.794288999999999 53.074478513)
840,11,2016,9,5,10,3,5,3,1,1,0,0,0,0,0,0,8.93168979,53.062199157,Osterholz,Ellenerbrok-Schevemoor,POINT (8.93168979 53.062199157)
841,11,2016,9,3,11,3,5,2,1,1,0,0,0,0,0,0,8.811217068,53.074914383,Mitte,Altstadt,POINT (8.811217067999999 53.074914383)
842,12,2016,9,2,7,3,5,3,1,1,0,0,0,0,0,0,8.572755774,53.560456946,Lehe,Königsheide,POINT (8.572755774000001 53.560456946)
843,11,2016,9,3,5,3,5,2,1,1,0,0,0,0,2,0,8.901608654,53.059354294,Hemelingen,Sebaldsbrück,POINT (8.901608654 53.059354294)
844,11,2016,9,4,12,3,6,4,1,0,1,0,0,0,0,0,8.803260445,53.069600718,Neustadt,Alte Neustadt,POINT (8.803260444999999 53.069600718)
845,11,2016,9,3,19,3,6,4,1,0,1,0,0,0,1,0,8.801721169,53.079231781,Mitte,Altstadt,POINT (8.801721169 53.079231781)
846,11,2016,9,2,14,2,5,3,1,1,0,0,0,0,0,0,8.78393542,53.075720163,Woltmershausen,Woltmershausen,POINT (8.783935420000001 53.075720163)
847,11,2016,8,4,16,2,0,1,1,0,0,0,0,0,0,0,8.819741976,53.083986234,Schwachhausen,Barkhof,POINT (8.819741976 53.083986234)
848,11,2016,8,1,1,3,0,1,1,0,0,0,0,0,2,0,8.661214442,53.176433038,Burglesum,St.Magnus,POINT (8.661214442 53.176433038)
849,11,2016,10,7,18,3,0,7,1,0,0,0,0,0,0,0,8.846633418,53.071590984,Östliche Vorstadt,Hulsberg,POINT (8.846633418 53.071590984)
850,11,2016,9,4,16,3,6,4,1,0,1,0,0,0,0,0,8.810990556,53.061256336,Neustadt,Huckelriede,POINT (8.810990556 53.061256336)
851,11,2016,9,2,17,3,5,2,1,1,0,0,0,0,0,0,8.891743082,53.098485669,Horn-Lehe,Lehesterdeich,POINT (8.891743082 53.098485669)
852,11,2016,9,5,16,3,5,2,1,0,0,0,0,1,0,0,8.896879958,53.059085246,Hemelingen,Sebaldsbrück,POINT (8.896879958 53.059085246)
853,11,2016,9,4,22,3,5,3,1,1,0,0,0,0,2,0,8.914376284,53.059780033,Hemelingen,Sebaldsbrück,POINT (8.914376283999999 53.059780033)
854,12,2016,9,7,20,3,5,3,1,1,0,0,0,0,1,0,8.599084972,53.5310695,Geestemünde,Buschkämpen,POINT (8.599084972 53.5310695)
855,11,2016,8,4,20,3,1,5,1,1,0,0,0,0,0,0,8.800898007,53.0657325,Neustadt,Buntentor,POINT (8.800898007000001 53.0657325)
856,11,2016,9,1,17,3,5,3,1,1,0,0,0,0,0,0,8.782489192,53.094943039,Walle,Steffensweg,POINT (8.782489192 53.094943039)
857,11,2016,9,5,13,3,4,6,1,1,0,0,0,0,0,0,8.763962179,53.113109031,Gröpelingen,Lindenhof,POINT (8.763962179 53.113109031)
858,12,2016,9,6,22,3,3,5,1,1,0,0,0,0,2,0,8.573948459,53.54894061,Mitte,Weddewarden,POINT (8.573948459 53.54894061)
859,11,2016,9,4,14,3,5,3,1,1,0,0,0,0,0,0,8.794912738,53.093951885,Walle,Utbremen,POINT (8.794912738000001 53.093951885)
860,11,2016,9,3,16,3,5,2,1,1,0,0,0,0,0,0,8.805878757,53.073427938,Mitte,Altstadt,POINT (8.805878757 53.073427938)
861,11,2016,9,2,18,3,5,2,1,1,0,0,0,0,1,0,8.756948953,53.11792513,Gröpelingen,Ohlenhof,POINT (8.756948953 53.11792513)
862,11,2016,9,6,15,3,5,3,1,1,0,0,0,0,0,0,8.740888587,53.053064332,Huchting,Mittelshuchting,POINT (8.740888587000001 53.053064332)
863,11,2016,8,4,13,3,3,2,1,1,0,0,0,0,0,0,8.81446197,53.101160792,Findorff,Weidedamm,POINT (8.81446197 53.101160792)
864,12,2016,9,6,15,3,0,7,1,0,0,0,0,0,0,0,8.601024943,53.570231468,Lehe,Königsheide,POINT (8.601024943000001 53.570231468)
865,11,2016,9,4,7,3,5,3,1,0,0,0,0,1,0,0,8.730022275,53.056017688,Huchting,Mittelshuchting,POINT (8.730022275 53.056017688)
866,11,2016,8,3,15,2,4,6,1,0,0,0,0,1,0,0,8.782382003,53.153007448,,Blockland,POINT (8.782382003 53.153007448)
867,11,2016,8,6,12,3,4,6,1,0,0,0,0,0,0,0,8.809955998,53.074341702,Mitte,Altstadt,POINT (8.809955998 53.074341702)
868,11,2016,9,5,18,3,1,7,1,1,0,0,0,0,0,0,8.851726035,53.086496997,Schwachhausen,Riensberg,POINT (8.851726035 53.086496997)
869,11,2016,9,5,20,3,5,3,1,1,0,0,0,0,2,0,8.828348676,53.078164325,Östliche Vorstadt,Fesenfeld,POINT (8.828348675999999 53.078164325)
870,11,2016,8,3,15,3,5,3,1,0,0,0,0,0,0,0,8.842092401,53.08585487,Schwachhausen,Schwachhausen,POINT (8.842092401 53.08585487)
871,11,2016,8,6,17,3,0,1,1,0,0,0,0,0,0,0,8.929197436,53.064295011,Osterholz,Ellener Feld,POINT (8.929197436000001 53.064295011)
872,11,2016,9,5,20,2,5,3,1,1,0,0,0,0,2,1,8.814968874,53.079723545,Mitte,Bahnhofsvorstadt,POINT (8.814968874 53.079723545)
873,11,2016,9,5,15,3,3,6,1,0,0,0,0,0,0,0,8.767226038,53.081003809,Woltmershausen,Woltmershausen,POINT (8.767226038 53.081003809)
874,11,2016,9,4,7,3,5,3,1,1,0,0,0,0,0,0,8.938879147,53.081009978,,,POINT (8.938879147 53.081009978)
875,11,2016,9,4,15,3,0,7,1,0,0,0,0,0,0,0,8.767430295,53.08081625,Woltmershausen,Woltmershausen,POINT (8.767430295 53.08081625)
876,11,2016,9,6,9,3,5,3,1,1,0,0,0,0,0,0,8.796826087,53.05669392,Neustadt,Neuenland,POINT (8.796826086999999 53.05669392)
877,11,2016,8,3,7,3,1,5,1,1,0,0,0,0,0,0,8.571935233,53.203262198,Blumenthal,Lüssum-Bockhorn,POINT (8.571935233 53.203262198)
878,11,2016,9,6,5,2,1,5,1,1,0,0,0,0,2,0,8.789408991,53.090190688,Walle,Utbremen,POINT (8.789408991 53.090190688)
879,12,2016,9,3,13,3,5,2,1,0,0,0,0,1,0,0,8.596665853,53.571766882,Lehe,Königsheide,POINT (8.596665852999999 53.571766882)
880,11,2016,9,7,18,2,5,2,1,1,0,0,0,0,0,0,8.810720789,53.071820013,Mitte,Altstadt,POINT (8.810720788999999 53.071820013)
881,12,2016,9,4,15,3,5,3,1,1,0,0,0,0,0,0,8.59167744,53.5814751,Lehe,Königsheide,POINT (8.59167744 53.5814751)
882,11,2016,9,3,8,3,5,3,1,0,0,0,0,1,0,0,8.81055406,53.074072587,Mitte,Altstadt,POINT (8.810554059999999 53.074072587)
883,11,2016,9,3,14,3,5,2,1,0,0,0,1,0,0,0,8.788155806,53.076462274,Neustadt,Alte Neustadt,POINT (8.788155806000001 53.076462274)
884,11,2016,9,2,12,3,5,3,1,1,0,0,0,0,0,0,8.877441137,53.080490671,Vahr,Neue Vahr Südwest,POINT (8.877441137 53.080490671)
885,11,2016,9,3,10,3,0,7,1,0,0,0,0,1,0,0,8.714968387,53.162594739,Burglesum,Burg-Grambke,POINT (8.714968387000001 53.162594739)
886,11,2016,9,1,17,3,5,3,1,1,0,0,0,0,0,0,8.755681807,53.118894814,Gröpelingen,Ohlenhof,POINT (8.755681807 53.118894814)
887,11,2016,10,2,15,3,0,3,1,0,0,0,0,1,0,0,8.886263348,53.061065946,Hemelingen,Hemelingen,POINT (8.886263348 53.061065946)
888,11,2016,9,5,16,3,1,7,1,0,0,0,1,0,0,0,8.730919098,53.040787454,Huchting,Kirchhuchting,POINT (8.730919097999999 53.040787454)
889,11,2016,9,4,23,3,0,1,1,0,0,0,0,0,2,0,8.827859356,53.07250336,Östliche Vorstadt,Steintor,POINT (8.827859355999999 53.07250336)
890,12,2016,9,2,13,3,5,2,1,1,0,0,0,0,0,1,8.592715225,53.535256315,Geestemünde,Buschkämpen,POINT (8.592715224999999 53.535256315)
891,11,2016,9,2,16,2,0,5,1,1,0,0,0,0,0,0,8.818254905,53.079919612,Mitte,Bahnhofsvorstadt,POINT (8.818254905 53.079919612)
892,11,2016,8,4,17,3,5,2,1,1,0,0,0,0,0,0,8.762309534,53.087134721,Woltmershausen,Woltmershausen,POINT (8.762309534 53.087134721)
893,12,2016,8,7,20,3,5,3,1,1,0,0,0,0,0,0,8.597481125,53.529510277,Geestemünde,Buschkämpen,POINT (8.597481125 53.529510277)
894,11,2016,10,7,9,3,5,2,1,1,0,0,0,0,0,0,8.893215187,53.111342445,Horn-Lehe,Lehesterdeich,POINT (8.893215186999999 53.111342445)
895,11,2016,10,4,7,3,5,3,1,0,0,0,0,1,1,0,8.851267953,53.104811467,Horn-Lehe,Lehe,POINT (8.851267953000001 53.104811467)
896,11,2016,11,4,12,3,5,2,1,0,0,0,0,1,0,1,8.777758814,53.09944966,Walle,Walle,POINT (8.777758814 53.09944966)
897,11,2016,11,4,16,3,0,1,1,0,0,0,0,0,2,1,8.801406367,53.109231227,Walle,Hohweg,POINT (8.801406367 53.109231227)
898,11,2016,10,1,14,3,0,7,1,0,0,0,0,0,0,1,8.804857544,53.065988234,Neustadt,Buntentor,POINT (8.804857544000001 53.065988234)
899,12,2016,10,5,14,3,5,3,1,1,0,0,0,0,0,1,8.580051323,53.550060071,Lehe,Königsheide,POINT (8.580051322999999 53.550060071)
900,12,2016,10,3,7,3,7,1,1,0,0,0,0,0,0,0,8.587040671,53.536418145,Geestemünde,Buschkämpen,POINT (8.587040671 53.536418145)
901,11,2016,10,3,8,3,5,3,1,0,0,0,0,1,0,0,8.860678645,53.079172194,Schwachhausen,Gete,POINT (8.860678645 53.079172194)
902,11,2016,11,5,15,3,5,3,1,1,0,0,0,0,0,1,8.784084799,53.089518171,Walle,Überseestadt,POINT (8.784084799 53.089518171)
903,11,2016,10,3,22,3,3,7,1,0,0,0,0,0,2,0,8.864949693,53.095776604,Horn-Lehe,Horn,POINT (8.864949693 53.095776604)
904,12,2016,11,3,12,2,3,2,1,1,0,0,0,0,0,1,8.5728158,53.560458585,Lehe,Königsheide,POINT (8.572815800000001 53.560458585)
905,11,2016,10,6,13,3,5,3,1,1,0,0,0,0,0,0,8.819504858,53.080538618,Mitte,Bahnhofsvorstadt,POINT (8.819504858 53.080538618)
906,11,2016,10,1,4,3,0,1,1,0,0,0,0,0,2,1,8.649599253,53.176740395,Vegesack,Schönebeck,POINT (8.649599253 53.176740395)
907,11,2016,11,2,7,3,0,7,1,0,0,0,0,0,0,1,8.797118318,53.07633128,Neustadt,Alte Neustadt,POINT (8.797118318000001 53.07633128)
908,11,2016,10,7,17,2,3,6,1,0,0,0,0,1,0,0,8.800979867,53.068372621,Neustadt,Südervorstadt,POINT (8.800979867000001 53.068372621)
909,11,2016,10,5,15,3,5,3,1,1,0,0,0,0,0,1,8.635998634,53.171277441,Vegesack,Grohn,POINT (8.635998634 53.171277441)
910,11,2016,10,3,7,3,5,3,1,1,0,0,0,0,0,0,8.788625428,53.08813143,Walle,Utbremen,POINT (8.788625428 53.08813143)
911,11,2016,10,3,21,3,3,6,1,1,0,0,0,0,2,1,8.717512287,53.06233457,Huchting,Mittelshuchting,POINT (8.717512287 53.06233457)
912,12,2016,11,3,18,3,5,3,1,1,0,0,0,0,2,0,8.590942196,53.582058854,Lehe,Königsheide,POINT (8.590942196 53.582058854)
913,11,2016,11,6,10,3,4,6,1,0,0,0,0,0,0,1,8.799820376,53.072765362,Neustadt,Alte Neustadt,POINT (8.799820376 53.072765362)
914,11,2016,10,6,8,2,0,4,1,0,0,0,0,1,0,0,8.875584679,53.080148809,Vahr,Gartenstadt Vahr,POINT (8.875584678999999 53.080148809)
915,11,2016,10,2,14,3,5,2,1,1,0,0,0,0,0,1,8.884397938,53.072734947,Vahr,Gartenstadt Vahr,POINT (8.884397937999999 53.072734947)
916,11,2016,11,5,17,3,6,4,1,0,1,0,0,0,2,1,8.818524521,53.08267001,Schwachhausen,Barkhof,POINT (8.818524521000001 53.08267001)
917,12,2016,10,7,22,3,0,1,1,0,0,0,0,0,2,0,8.591194267,53.518287336,Wulsdorf,Geestemünde-Süd,POINT (8.591194267000001 53.518287336)
918,11,2016,11,4,20,3,5,3,1,1,0,0,0,0,2,1,8.807251144,53.0822668,Mitte,Bahnhofsvorstadt,POINT (8.807251144 53.0822668)
919,11,2016,10,1,14,2,6,4,1,0,1,0,0,0,0,0,8.787474197,53.103368977,Walle,Osterfeuerberg,POINT (8.787474197 53.103368977)
920,11,2016,10,3,16,3,0,7,1,0,0,0,0,1,0,0,8.8171409,53.028660724,Obervieland,Kattenesch,POINT (8.8171409 53.028660724)
921,11,2016,11,4,22,3,6,4,1,0,1,0,0,0,2,0,8.831295849,53.085878236,Schwachhausen,Bürgerpark,POINT (8.831295849 53.085878236)