,UKREIS,UJAHR,UMONAT,UWOCHENTAG,USTUNDE,UKATEGORIE,UART,UTYP1,IstRad,IstPKW,IstFuss,IstKrad,IstGkfz,IstSonstig,ULICHTVERH,STRZUSTAND,longitude,latitude,Stadtteil,Ortsteil,geometry
922,11,2016,11,5,12,3,5,2,1,1,0,0,0,0,0,1,8.870604297,53.090316272,Schwachhausen,Radio Bremen,POINT (8.870604297 53.090316272)
923,12,2016,10,5,17,3,0,1,1,0,0,0,0,0,0,0,8.586404113,53.52743101,Geestemünde,Buschkämpen,POINT (8.586404113 53.52743101)
924,11,2016,11,4,11,2,0,1,1,0,0,0,0,0,0,1,8.831076427,53.085828506,Schwachhausen,Bürgerpark,POINT (8.831076426999999 53.085828506)
925,11,2016,10,3,18,3,5,2,1,1,0,0,0,0,0,0,8.78914619,53.073122578,Neustadt,Alte Neustadt,POINT (8.78914619 53.073122578)
926,11,2016,11,4,8,3,5,3,1,0,1,0,0,0,0,1,8.817390272,53.08350304,Schwachhausen,Barkhof,POINT (8.817390272000001 53.08350304)
927,11,2016,10,6,20,3,4,2,1,1,0,0,0,0,2,0,8.568824771,53.18133162,Blumenthal,Blumenthal,POINT (8.568824770999999 53.18133162)
928,11,2016,10,5,18,2,0,1,1,0,0,0,0,0,1,1,8.863794017,53.064898962,Hemelingen,Hastedt,POINT (8.863794017 53.064898962)
929,11,2016,11,3,6,3,5,3,1,1,0,0,0,0,1,1,8.60551021,53.17507493,Vegesack,Fähr-Lobbendorf,POINT (8.60551021 53.17507493)
930,11,2016,11,3,10,3,5,3,1,1,0,0,0,0,0,0,8.834374717,53.081934696,Schwachhausen,Gete,POINT (8.834374716999999 53.081934696)
931,11,2016,11,7,12,3,5,2,1,1,0,0,0,0,0,1,8.837385048,53.037846589,Obervieland,Arsten,POINT (8.837385048 53.037846589)
932,11,2016,10,6,16,3,0,7,1,1,0,0,0,0,0,0,8.893067377,53.082222825,Vahr,Neue Vahr Südost,POINT (8.893067376999999 53.082222825)
933,11,2016,11,3,17,3,5,3,1,1,0,0,0,0,1,1,8.878505499,53.101393278,Horn-Lehe,Lehe,POINT (8.878505498999999 53.101393278)
934,11,2016,10,2,17,3,5,3,1,1,0,0,0,0,2,1,8.785501701,53.096731001,Walle,Westend,POINT (8.785501700999999 53.096731001)
935,11,2016,10,7,19,2,7,7,1,0,0,0,0,0,2,0,8.838031836,53.067851645,Östliche Vorstadt,Peterswerder,POINT (8.838031836000001 53.067851645)
936,11,2016,10,3,9,3,1,5,1,1,0,0,0,0,0,0,8.865859849,53.09749196,Horn-Lehe,Horn,POINT (8.865859849 53.09749196)
937,12,2016,11,6,9,3,0,7,1,1,0,0,0,0,0,1,8.588620385,53.577869677,Lehe,Königsheide,POINT (8.588620385 53.577869677)
938,11,2016,11,5,7,3,3,6,1,0,0,0,1,0,0,0,8.805609107,53.065541904,Neustadt,Buntentor,POINT (8.805609107 53.065541904)
939,12,2016,10,4,10,3,0,7,1,1,0,0,0,0,0,0,8.594270376,53.561541654,Lehe,Königsheide,POINT (8.594270376000001 53.561541654)
940,11,2016,10,3,20,3,5,3,1,1,0,0,0,0,2,0,8.87518152,53.082430093,Schwachhausen,Radio Bremen,POINT (8.87518152 53.082430093)
941,11,2016,10,2,6,2,5,3,1,1,0,0,0,0,2,1,8.625262433,53.180283454,Vegesack,Aumund-Hammersbeck,POINT (8.625262433 53.180283454)
942,11,2016,10,6,14,3,0,1,1,0,0,0,0,0,0,1,8.878388974,53.079063537,Vahr,Gartenstadt Vahr,POINT (8.878388974 53.079063537)
943,11,2016,10,2,6,3,4,2,1,0,0,0,0,0,2,0,8.903496286,53.047822467,Hemelingen,Hemelingen,POINT (8.903496285999999 53.047822467)
944,11,2016,11,6,7,3,5,3,1,0,0,0,0,1,0,1,8.835625733,53.073780148,Östliche Vorstadt,Hulsberg,POINT (8.835625733000001 53.073780148)
945,11,2016,10,2,14,3,5,3,1,0,0,0,0,1,0,0,8.802157885,53.063803023,Neustadt,Buntentor,POINT (8.802157885 53.063803023)
946,11,2016,10,5,16,3,0,5,1,0,0,0,0,1,0,0,8.80369947,53.101702804,Findorff,Weidedamm,POINT (8.80369947 53.101702804)
947,11,2016,10,4,20,3,0,1,1,0,0,0,0,0,2,0,8.806307456,53.084131297,Mitte,Bahnhofsvorstadt,POINT (8.806307456000001 53.084131297)
948,11,2016,10,6,13,3,5,3,1,1,0,0,0,0,0,1,8.804912463,53.088549123,Findorff,Findorff-Bürgerweide,POINT (8.804912463000001 53.088549123)
949,11,2016,10,3,13,3,5,3,1,1,0,0,0,0,0,0,8.824969723,53.084567362,Schwachhausen,Bürgerpark,POINT (8.824969723000001 53.084567362)
950,11,2016,11,2,19,2,5,3,1,0,0,0,0,0,2,0,8.800612371,53.094594469,Findorff,Regensburger Str.,POINT (8.800612371 53.094594469)
951,11,2016,11,6,20,3,5,3,1,1,0,0,0,0,2,1,8.824750675,53.084162597,Schwachhausen,Barkhof,POINT (8.824750675000001 53.084162597)
952,11,2016,10,4,15,2,5,3,1,1,0,0,0,0,0,0,8.686084571,53.173313335,Burglesum,Lesum,POINT (8.686084571 53.173313335)
953,12,2016,10,3,17,3,5,3,1,1,0,0,0,0,0,1,8.596091266,53.533002797,Geestemünde,Buschkämpen,POINT (8.596091266 53.533002797)
954,11,2016,11,4,10,3,4,2,1,1,0,0,0,0,0,1,8.799303541,53.083891055,Mitte,Bahnhofsvorstadt,POINT (8.799303541 53.083891055)
955,11,2016,10,5,14,3,5,3,1,1,0,0,0,0,0,1,8.837144696,53.082586161,Schwachhausen,Schwachhausen,POINT (8.837144695999999 53.082586161)
956,11,2016,10,2,15,3,5,2,1,1,0,0,0,0,0,0,8.835455275,53.097159714,Schwachhausen,Neu-Schwachhausen,POINT (8.835455274999999 53.097159714)
957,11,2016,11,5,10,3,0,1,1,0,0,0,0,0,0,1,8.630235587,53.167078348,Vegesack,Grohn,POINT (8.630235587 53.167078348)
958,11,2016,11,1,21,3,5,3,1,1,0,0,0,0,2,1,8.796404156,53.06897503,Neustadt,Neustadt,POINT (8.796404155999999 53.06897503)
959,11,2016,10,7,16,3,0,7,1,0,0,0,0,0,0,1,8.926232695,53.097604788,,,POINT (8.926232694999999 53.097604788)
960,12,2016,11,3,7,3,0,7,1,0,0,0,0,0,0,1,8.590542774,53.539808206,Geestemünde,Buschkämpen,POINT (8.590542773999999 53.539808206)
961,12,2016,10,4,20,2,0,7,1,1,0,0,0,0,2,0,8.612636767,53.52943394,Geestemünde,Buschkämpen,POINT (8.612636767 53.52943394)
962,11,2016,10,1,17,3,5,2,1,1,0,0,0,0,2,1,8.820246287,53.084041434,Schwachhausen,Barkhof,POINT (8.820246287 53.084041434)
963,11,2016,10,6,15,3,0,1,1,0,0,0,0,0,0,1,8.810615651,53.081874609,Mitte,Bahnhofsvorstadt,POINT (8.810615651000001 53.081874609)
964,11,2016,10,3,9,3,5,3,1,1,0,0,0,0,0,0,8.800978681,53.081030574,Mitte,Altstadt,POINT (8.800978681 53.081030574)
965,11,2016,11,3,8,3,5,3,1,0,0,0,0,1,0,1,8.964033675,53.061793587,Osterholz,Tenever,POINT (8.964033675 53.061793587)
966,11,2016,11,7,13,3,1,5,1,1,0,0,0,0,0,1,8.755089602,53.088499616,Woltmershausen,Rablinghausen,POINT (8.755089602 53.088499616)
967,11,2016,10,6,18,3,5,3,1,1,0,0,0,0,2,1,8.821691213,53.082188404,Schwachhausen,Barkhof,POINT (8.821691212999999 53.082188404)
968,11,2016,10,3,5,3,5,2,1,1,0,0,0,0,2,1,8.80484184,53.080964552,Mitte,Bahnhofsvorstadt,POINT (8.80484184 53.080964552)
969,11,2016,10,3,13,3,1,7,1,1,0,0,0,0,0,0,8.772008935,53.071641519,Woltmershausen,Woltmershausen,POINT (8.772008935000001 53.071641519)
970,11,2016,11,4,16,3,5,3,1,1,0,0,0,0,2,1,8.897650483,53.058945762,Hemelingen,Sebaldsbrück,POINT (8.897650483 53.058945762)
971,11,2016,11,3,10,2,5,2,1,0,0,0,0,1,0,1,8.852612274,53.10444922,Horn-Lehe,Lehe,POINT (8.852612274 53.10444922)
972,11,2016,11,2,17,3,5,3,1,1,0,0,0,0,2,0,8.796972398,53.068586684,Neustadt,Neustadt,POINT (8.796972397999999 53.068586684)
973,11,2016,11,2,17,3,0,3,1,1,0,0,0,0,2,0,8.949730143,53.064211567,Osterholz,Ellenerbrok-Schevemoor,POINT (8.949730143 53.064211567)
974,11,2016,10,6,10,3,0,7,1,0,0,0,0,0,0,0,8.828546616,53.085202368,Schwachhausen,Bürgerpark,POINT (8.828546616000001 53.085202368)
975,11,2016,11,5,9,3,5,3,1,0,0,0,0,1,0,1,8.739480892,53.048794049,Huchting,Kirchhuchting,POINT (8.739480892 53.048794049)
976,11,2016,10,3,6,3,5,3,1,1,0,0,0,0,2,1,8.819770863,53.049489827,Neustadt,Huckelriede,POINT (8.819770863 53.049489827)
977,11,2016,10,2,7,3,5,2,1,1,0,0,0,0,1,1,8.851000054,53.045321735,Obervieland,Habenhausen,POINT (8.851000054 53.045321735)
978,11,2016,10,5,15,3,0,7,1,0,0,0,0,0,0,1,8.822239131,53.034105512,Obervieland,Kattenturm,POINT (8.822239131 53.034105512)
979,11,2016,11,3,5,2,0,7,1,0,0,0,0,0,2,1,8.902452891,53.049181607,Hemelingen,Hemelingen,POINT (8.902452890999999 53.049181607)
980,12,2016,10,3,8,3,5,3,1,1,0,0,0,0,0,0,8.607747477,53.530273238,Geestemünde,Buschkämpen,POINT (8.607747477 53.530273238)
981,11,2016,10,2,15,3,0,1,1,0,0,0,0,0,0,1,8.886893759,53.059709904,Hemelingen,Hemelingen,POINT (8.886893758999999 53.059709904)
982,12,2016,11,7,9,3,5,3,1,1,0,0,0,0,0,0,8.604562552,53.577474197,Lehe,Königsheide,POINT (8.604562552000001 53.577474197)
983,11,2016,10,5,15,3,5,3,1,1,0,0,0,0,0,0,8.873253809,53.067168044,Hemelingen,Hastedt,POINT (8.873253808999999 53.067168044)
984,11,2016,11,4,13,3,0,1,1,0,0,0,0,0,0,1,8.805726731,53.081407153,Mitte,Bahnhofsvorstadt,POINT (8.805726731 53.081407153)
985,11,2016,10,1,13,2,4,6,1,0,0,0,0,0,0,0,8.784086288,53.075625732,Woltmershausen,Woltmershausen,POINT (8.784086287999999 53.075625732)
986,11,2016,10,4,18,3,5,3,1,1,0,0,0,0,2,0,8.838033734,53.067850219,Östliche Vorstadt,Peterswerder,POINT (8.838033734 53.067850219)
987,11,2016,11,6,12,3,1,7,1,1,0,0,0,0,0,0,8.936280259,53.06685072,Osterholz,Ellenerbrok-Schevemoor,POINT (8.936280259 53.06685072)
988,11,2016,11,6,7,3,5,3,1,1,0,0,0,0,0,0,8.783275997,53.069726152,Neustadt,Hohentor,POINT (8.783275997000001 53.069726152)
989,11,2016,11,2,8,2,5,2,1,1,0,0,0,0,0,0,8.819093714,53.087046512,Schwachhausen,Barkhof,POINT (8.819093713999999 53.087046512)
990,11,2016,10,1,14,3,2,6,1,0,0,0,0,0,0,0,8.777118403,53.106599244,Walle,Walle,POINT (8.777118402999999 53.106599244)
991,11,2016,11,4,14,3,2,6,1,0,0,0,0,0,0,1,8.851856525,53.088671584,Schwachhausen,Riensberg,POINT (8.851856525000001 53.088671584)
992,11,2016,11,5,17,3,5,3,1,1,0,0,0,0,2,1,8.792135972,53.075238037,Neustadt,Alte Neustadt,POINT (8.792135972000001 53.075238037)
993,11,2016,11,4,17,3,3,2,1,1,0,0,0,0,2,1,8.809168264,53.078835362,Mitte,Altstadt,POINT (8.809168264 53.078835362)
994,11,2016,10,2,6,3,5,3,1,1,0,0,0,0,2,1,8.58004043,53.180281013,Blumenthal,Blumenthal,POINT (8.58004043 53.180281013)
995,12,2016,10,7,11,3,5,3,1,0,0,0,0,1,0,0,8.587391806,53.536457669,Geestemünde,Buschkämpen,POINT (8.587391805999999 53.536457669)
996,11,2016,10,5,22,3,5,2,1,1,0,0,0,0,2,0,8.891846581,53.048530874,Hemelingen,Hemelingen,POINT (8.891846580999999 53.048530874)
997,11,2016,10,3,11,3,1,5,1,1,0,0,0,0,0,0,8.807838884,53.064219339,Neustadt,Buntentor,POINT (8.807838884000001 53.064219339)
998,11,2016,11,5,12,3,5,3,1,0,0,0,0,0,0,0,8.819471619,53.075858586,Mitte,Ostertor,POINT (8.819471619 53.075858586)
999,11,2016,11,6,13,3,5,3,1,1,0,0,0,0,0,0,8.824991634,53.081148636,Schwachhausen,Barkhof,POINT (8.824991634 53.081148636)
1000,11,2016,10,6,15,3,5,2,1,1,0,0,0,0,0,0,8.856903633,53.0726742,Hemelingen,Hastedt,POINT (8.856903633 53.0726742)
1001,11,2016,11,4,16,3,5,3,1,1,0,0,0,0,1,1,8.789158474,53.08291211,Walle,Überseestadt,POINT (8.789158474000001 53.08291211)
1002,11,2016,10,6,20,3,4,6,1,1,0,0,0,0,2,1,8.819116854,53.080277622,Mitte,Ostertor,POINT (8.819116854000001 53.080277622)
1003,11,2016,10,4,16,3,5,2,1,0,0,0,0,1,0,0,8.80361921,53.072225218,Neustadt,Alte Neustadt,POINT (8.803619210000001 53.072225218)
1004,11,2016,11,3,11,3,0,7,1,1,0,0,0,0,0,1,8.735091441,53.043963732,Huchting,Kirchhuchting,POINT (8.735091441 53.043963732)
1005,11,2016,10,5,13,3,0,2,1,0,0,0,0,1,0,1,8.86482143,53.07086104,Hemelingen,Hastedt,POINT (8.864821429999999 53.07086104)
1006,11,2016,10,3,19,3,0,1,1,0,0,0,0,0,2,1,8.825143856,53.08442857,Schwachhausen,Bürgerpark,POINT (8.825143856 53.08442857)
1007,11,2016,10,5,6,3,6,4,1,0,1,0,0,0,2,1,8.702511393,53.170102808,Burglesum,Burgdamm,POINT (8.702511393 53.170102808)
1008,11,2016,10,2,5,3,5,2,1,1,0,0,0,0,2,0,8.746867871,53.121831005,Häfen,Industriehäfen,POINT (8.746867870999999 53.121831005)
1009,11,2016,11,3,10,3,3,7,1,1,0,0,0,0,0,1,8.802228836,53.069846391,Neustadt,Alte Neustadt,POINT (8.802228835999999 53.069846391)
1010,11,2016,10,2,6,3,1,7,1,0,1,0,0,0,2,1,8.801159279,53.078305096,Mitte,Altstadt,POINT (8.801159279 53.078305096)
1011,11,2016,11,1,16,3,5,2,1,1,0,0,0,0,1,0,8.56483373,53.193259815,Blumenthal,Blumenthal,POINT (8.56483373 53.193259815)
1012,11,2016,10,2,19,3,2,7,1,1,0,0,0,0,1,0,8.835220427,53.084532617,Schwachhausen,Schwachhausen,POINT (8.835220426999999 53.084532617)
1013,11,2016,10,5,20,3,5,3,1,1,0,0,0,0,2,0,8.830918448,53.074384109,Östliche Vorstadt,Steintor,POINT (8.830918448 53.074384109)
1014,11,2016,11,2,8,3,5,3,1,1,0,0,0,0,0,0,8.897421758,53.058587462,Hemelingen,Sebaldsbrück,POINT (8.897421758 53.058587462)
1015,11,2016,10,3,13,3,0,1,1,0,0,0,0,0,0,0,8.769665398,53.082442326,Woltmershausen,Woltmershausen,POINT (8.769665398000001 53.082442326)
1016,12,2016,10,4,14,3,0,7,1,0,0,0,0,0,0,0,8.543578944,53.586541145,Häfen,Speckenbüttel,POINT (8.543578944 53.586541145)
1017,11,2016,10,2,11,2,6,4,1,0,1,0,0,0,0,0,8.624885523,53.173019775,Vegesack,Vegesack,POINT (8.624885523 53.173019775)
1018,11,2016,10,6,15,3,5,3,1,1,0,0,0,0,0,1,8.740126029,53.05141244,Huchting,Kirchhuchting,POINT (8.740126029000001 53.05141244)
1019,11,2016,11,6,14,3,1,5,1,1,0,0,0,0,0,0,8.788533366,53.070593297,Neustadt,Hohentor,POINT (8.788533365999999 53.070593297)
1020,11,2016,10,2,11,3,5,3,1,1,0,0,0,0,0,0,8.872321865,53.067339602,Hemelingen,Hastedt,POINT (8.872321865 53.067339602)
1021,11,2016,11,6,12,3,3,6,1,0,0,0,0,0,0,0,8.845521676,53.046614505,Obervieland,Habenhausen,POINT (8.845521676000001 53.046614505)
1022,11,2016,11,4,17,3,5,2,1,1,0,0,0,0,2,1,8.866764622,53.090946025,Schwachhausen,Radio Bremen,POINT (8.866764622 53.090946025)
1023,11,2016,10,4,14,3,5,2,1,1,1,0,0,0,0,0,8.735091441,53.043963732,Huchting,Kirchhuchting,POINT (8.735091441 53.043963732)
1024,11,2016,11,5,7,3,5,2,1,1,0,0,0,0,1,1,8.739195678,53.135399013,Gröpelingen,Oslebshausen,POINT (8.739195678 53.135399013)
1025,11,2016,10,4,7,3,0,7,1,0,0,0,0,0,2,1,8.721049363,53.048833406,Huchting,Sodenmatt,POINT (8.721049363000001 53.048833406)
1026,11,2016,10,2,7,3,5,3,1,1,0,0,0,0,1,1,8.874262121,53.078426847,Vahr,Gartenstadt Vahr,POINT (8.874262120999999 53.078426847)
1027,11,2016,10,6,14,3,5,3,1,0,0,0,0,0,0,1,8.949886323,53.035368989,Hemelingen,Mahndorf,POINT (8.949886322999999 53.035368989)
1028,11,2016,10,4,15,3,3,2,1,1,0,0,0,0,0,0,8.807286956,53.060097396,Neustadt,Huckelriede,POINT (8.807286956 53.060097396)
1029,11,2016,11,5,15,3,3,6,1,0,0,0,0,1,0,0,8.800813659,53.068469852,Neustadt,Alte Neustadt,POINT (8.800813658999999 53.068469852)
1030,11,2016,11,4,17,3,5,3,1,0,0,0,0,1,2,1,8.780250616,53.078267947,Woltmershausen,Woltmershausen,POINT (8.780250616 53.078267947)
1031,11,2016,10,2,11,3,5,3,1,0,0,0,0,1,0,0,8.940560527,53.077596202,,,POINT (8.940560527000001 53.077596202)
1032,12,2016,10,3,17,3,2,6,1,1,0,0,0,0,0,0,8.586291401,53.563601291,Lehe,Königsheide,POINT (8.586291401 53.563601291)
1033,12,2016,10,2,15,3,0,1,1,0,0,0,0,0,0,1,8.589412627,53.563446102,Lehe,Königsheide,POINT (8.589412627 53.563446102)
1034,11,2016,10,2,13,3,0,1,1,0,0,0,0,0,0,0,8.856377472,53.088814285,Schwachhausen,Radio Bremen,POINT (8.856377472 53.088814285)
1035,12,2016,10,5,17,3,5,3,1,1,0,0,0,0,0,1,8.590250542,53.559095532,Lehe,Königsheide,POINT (8.590250542 53.559095532)
1036,11,2016,10,2,14,3,5,3,1,1,0,0,0,0,0,0,8.836550578,53.114971932,Horn-Lehe,Lehe,POINT (8.836550578000001 53.114971932)
1037,11,2016,11,3,6,3,5,2,1,1,0,0,0,0,1,1,8.900942566,53.05928981,Hemelingen,Sebaldsbrück,POINT (8.900942565999999 53.05928981)
1038,12,2016,10,6,14,3,5,3,1,1,0,0,0,0,0,1,8.601122883,53.497222475,Wulsdorf,Geestemünde-Süd,POINT (8.601122883 53.497222475)
1039,11,2016,10,6,11,3,0,1,1,0,0,0,0,0,0,1,8.896328236,53.079425142,Vahr,Neue Vahr Südost,POINT (8.896328236 53.079425142)
1040,11,2016,10,3,8,3,1,5,1,1,0,0,0,0,1,1,8.842881437,53.095292698,Schwachhausen,Neu-Schwachhausen,POINT (8.842881437000001 53.095292698)
1041,11,2016,11,3,18,2,5,3,1,1,0,0,0,0,2,0,8.7735374,53.110751913,Gröpelingen,Gröpelingen,POINT (8.7735374 53.110751913)
1042,11,2016,11,6,19,3,4,6,1,1,0,0,0,0,2,1,8.831986411,53.077475117,Östliche Vorstadt,Fesenfeld,POINT (8.831986411000001 53.077475117)
1043,11,2016,10,5,6,3,5,3,1,1,0,0,0,0,2,1,8.734257141,53.039985975,Huchting,Kirchhuchting,POINT (8.734257141000001 53.039985975)
1044,11,2016,10,6,17,3,0,3,1,1,0,0,0,0,0,0,8.567041814,53.181911043,Blumenthal,Blumenthal,POINT (8.567041814 53.181911043)
1045,11,2016,10,1,12,3,5,2,1,1,0,0,0,0,0,1,8.825152692,53.084318416,Schwachhausen,Bürgerpark,POINT (8.825152692 53.084318416)
1046,11,2016,11,3,16,3,6,4,1,0,1,0,0,0,2,1,8.837050438,53.087290281,Schwachhausen,Bürgerpark,POINT (8.837050438 53.087290281)
1047,11,2016,11,6,13,3,3,6,1,1,0,0,0,0,0,0,8.893384367,53.097096112,Horn-Lehe,Lehesterdeich,POINT (8.893384366999999 53.097096112)
1048,11,2016,10,6,12,3,5,3,1,0,0,0,0,0,0,0,8.795298232,53.087495539,Walle,Utbremen,POINT (8.795298232 53.087495539)
1049,11,2016,11,2,8,3,5,3,1,1,0,0,0,0,0,1,8.82024211,53.084031234,Schwachhausen,Barkhof,POINT (8.820242110000001 53.084031234)
1050,11,2016,11,2,10,3,5,3,1,1,0,0,0,0,0,0,8.763299609,53.116509729,Gröpelingen,Gröpelingen,POINT (8.763299609000001 53.116509729)
1051,11,2016,10,3,14,3,5,2,1,1,0,0,0,0,0,0,8.713020255,53.15315128,Burglesum,Burg-Grambke,POINT (8.713020255 53.15315128)
1052,11,2016,11,2,18,3,5,2,1,1,0,0,0,0,2,0,8.82871286,53.072222088,Östliche Vorstadt,Steintor,POINT (8.82871286 53.072222088)
1053,11,2016,11,6,12,3,5,3,1,1,0,0,0,0,0,0,8.794459405,53.069706209,Neustadt,Neustadt,POINT (8.794459405 53.069706209)
1054,11,2016,10,3,16,3,5,2,1,1,0,0,0,0,0,0,8.916597929,53.044006422,Hemelingen,Arbergen,POINT (8.916597929 53.044006422)
1055,11,2016,10,6,6,3,5,3,1,1,0,0,0,0,2,1,8.892477077,53.049685589,Hemelingen,Hemelingen,POINT (8.892477077000001 53.049685589)
1056,11,2016,10,6,12,3,4,1,1,1,0,0,0,0,0,1,8.89979154,53.116457604,Horn-Lehe,Lehesterdeich,POINT (8.899791540000001 53.116457604)
1057,11,2016,11,6,15,3,0,1,1,0,0,0,0,0,0,0,8.850788534,53.105571369,Horn-Lehe,Lehe,POINT (8.850788533999999 53.105571369)
1058,11,2016,10,2,9,2,5,3,1,1,0,0,0,0,0,0,8.740888087,53.053073899,Huchting,Mittelshuchting,POINT (8.740888087 53.053073899)
1059,11,2016,10,5,11,3,5,2,1,1,0,0,0,0,0,0,8.814997118,53.093666866,Findorff,Weidedamm,POINT (8.814997118000001 53.093666866)
1060,11,2016,11,4,10,3,6,4,1,0,1,0,0,0,0,1,8.808823863,53.095783613,Findorff,Weidedamm,POINT (8.808823863000001 53.095783613)
1061,11,2016,11,6,8,3,5,3,1,1,0,0,0,0,0,0,8.754778603,53.119754091,Gröpelingen,Ohlenhof,POINT (8.754778603 53.119754091)
1062,11,2016,10,6,16,3,3,6,1,0,0,0,0,0,0,1,8.845809896,53.091295262,Schwachhausen,Riensberg,POINT (8.845809896 53.091295262)
1063,11,2016,10,4,8,3,5,3,1,1,0,0,0,0,1,1,8.797246393,53.086443001,Mitte,Bahnhofsvorstadt,POINT (8.797246393 53.086443001)
1064,11,2016,11,2,9,3,0,7,1,0,0,0,0,0,0,1,8.847202969,53.087048696,Schwachhausen,Riensberg,POINT (8.847202969 53.087048696)
1065,11,2016,10,7,19,3,0,6,1,0,0,0,0,0,2,0,8.809025447,53.088335031,Findorff,Findorff-Bürgerweide,POINT (8.809025447 53.088335031)
1066,11,2016,12,6,13,2,0,1,1,0,0,0,0,0,0,2,8.611115262,53.180480168,Vegesack,Fähr-Lobbendorf,POINT (8.611115262 53.180480168)
1067,11,2016,12,2,9,3,5,3,1,1,0,0,0,0,0,1,8.818455641,53.077265301,Mitte,Ostertor,POINT (8.818455641 53.077265301)
1068,12,2016,12,5,11,3,5,3,1,0,0,0,0,1,0,1,8.58863079,53.578163784,Lehe,Königsheide,POINT (8.58863079 53.578163784)
1069,11,2016,11,2,16,3,9,4,1,0,1,0,0,0,1,1,8.800481767,53.078558513,Mitte,Altstadt,POINT (8.800481767000001 53.078558513)
1070,11,2016,11,6,7,3,4,6,1,0,0,0,0,0,1,1,8.889923408,53.096902606,Horn-Lehe,Lehesterdeich,POINT (8.889923408 53.096902606)
1071,11,2016,12,5,8,3,5,2,1,1,0,0,0,0,0,1,8.790904611,53.053691331,Neustadt,Neuenland,POINT (8.790904611 53.053691331)
1072,11,2016,12,4,15,3,5,2,1,0,0,0,1,0,0,0,8.959230408,53.04187945,Hemelingen,Mahndorf,POINT (8.959230408 53.04187945)
1073,11,2016,11,2,19,3,0,1,1,0,0,0,0,0,2,0,8.822987708,53.073652621,Östliche Vorstadt,Steintor,POINT (8.822987707999999 53.073652621)
1074,11,2016,12,3,16,3,1,5,1,1,0,0,0,0,2,0,8.827118453,53.078468229,Östliche Vorstadt,Fesenfeld,POINT (8.827118453000001 53.078468229)
1075,11,2016,12,5,17,3,5,2,1,1,0,0,0,0,2,0,8.844818264,53.045649787,Obervieland,Habenhausen,POINT (8.844818264000001 53.045649787)
1076,11,2016,12,6,18,3,5,1,1,1,0,0,0,0,2,0,8.893797907,53.050461359,Hemelingen,Hemelingen,POINT (8.893797907 53.050461359)
1077,11,2016,11,6,17,2,5,3,1,1,0,0,0,0,2,0,8.864695223,53.10629288,Horn-Lehe,Lehe,POINT (8.864695223 53.10629288)
1078,11,2016,12,6,14,3,5,3,1,0,0,1,0,0,0,0,8.697296462,53.168486832,Burglesum,Lesum,POINT (8.697296462000001 53.168486832)
1079,11,2016,12,5,8,3,5,3,1,0,0,0,0,0,0,0,8.832110324,53.086088642,Schwachhausen,Bürgerpark,POINT (8.832110324 53.086088642)
1080,11,2016,12,7,19,3,0,7,1,0,0,0,0,0,2,0,8.910371628,53.071235291,Hemelingen,Sebaldsbrück,POINT (8.910371628 53.071235291)
1081,11,2016,11,4,7,3,0,7,1,1,0,0,0,0,1,1,8.792213248,53.088514008,Walle,Utbremen,POINT (8.792213247999999 53.088514008)
1082,11,2016,12,6,10,3,0,1,1,0,0,0,0,0,0,2,8.845539539,53.106292813,Horn-Lehe,Lehe,POINT (8.845539539000001 53.106292813)
1083,11,2016,12,3,14,3,5,2,1,1,0,0,0,0,0,1,8.923292695,53.059412885,Osterholz,Osterholz,POINT (8.923292695000001 53.059412885)
1084,11,2016,12,3,8,3,5,2,1,1,0,0,0,0,2,0,8.815661297,53.055458318,Neustadt,Huckelriede,POINT (8.815661297 53.055458318)
1085,11,2016,12,5,20,3,0,2,1,1,0,0,0,0,2,1,8.850153745,53.071237646,Östliche Vorstadt,Peterswerder,POINT (8.850153745 53.071237646)
1086,11,2016,11,2,9,2,5,3,1,1,0,0,0,0,0,0,8.819661873,53.038307087,Obervieland,Kattenturm,POINT (8.819661872999999 53.038307087)
1087,11,2016,11,3,17,3,4,2,1,1,0,0,0,0,2,0,8.84399178,53.068802431,Östliche Vorstadt,Peterswerder,POINT (8.84399178 53.068802431)
1088,11,2016,11,6,8,3,0,3,1,1,0,0,0,0,0,0,8.887926578,53.066877102,Hemelingen,Sebaldsbrück,POINT (8.887926578 53.066877102)
1089,11,2016,12,3,19,3,0,1,1,0,0,0,0,0,2,0,8.808357235,53.074370052,Mitte,Altstadt,POINT (8.808357235000001 53.074370052)
1090,11,2016,12,5,9,3,5,3,1,1,0,0,0,0,0,1,8.804850372,53.065992545,Neustadt,Buntentor,POINT (8.804850372000001 53.065992545)
1091,11,2016,12,5,17,3,5,3,1,1,0,0,0,0,2,1,8.852631104,53.067339692,Östliche Vorstadt,Peterswerder,POINT (8.852631104 53.067339692)
1092,11,2016,12,7,14,3,5,3,1,1,0,0,0,0,0,0,8.610508681,53.175406436,Vegesack,Fähr-Lobbendorf,POINT (8.610508681000001 53.175406436)
1093,11,2016,11,5,9,3,0,4,1,0,1,0,0,0,0,0,8.62222955,53.171384914,Vegesack,Vegesack,POINT (8.62222955 53.171384914)
1094,11,2016,12,4,11,3,5,3,1,1,0,0,0,0,0,1,8.799858518,53.070448857,Neustadt,Alte Neustadt,POINT (8.799858518000001 53.070448857)
1095,11,2016,12,6,13,3,0,7,1,1,0,0,0,0,0,1,8.810270536,53.081495901,Mitte,Bahnhofsvorstadt,POINT (8.810270536000001 53.081495901)
1096,12,2016,12,4,6,3,5,2,1,1,0,0,0,0,2,0,8.598158648,53.570168503,Lehe,Königsheide,POINT (8.598158648 53.570168503)
1097,11,2016,12,6,17,3,4,6,1,0,0,0,0,0,2,1,8.751317836,53.064854985,Huchting,Grolland,POINT (8.751317836 53.064854985)
1098,12,2016,11,3,7,3,5,2,1,1,0,0,0,0,2,2,8.608769296,53.590760505,Leherheide,Fehmoor,POINT (8.608769296 53.590760505)
1099,12,2016,12,5,9,2,5,3,1,1,0,0,0,0,0,0,8.608544642,53.570690483,Lehe,Königsheide,POINT (8.608544642 53.570690483)
1100,11,2016,11,5,19,3,5,3,1,1,0,0,0,0,2,1,8.8567152,53.071394091,Hemelingen,Hastedt,POINT (8.8567152 53.071394091)
1101,11,2016,12,6,17,3,5,3,1,1,0,0,0,0,2,0,8.940067655,53.067865925,Osterholz,Ellenerbrok-Schevemoor,POINT (8.940067655 53.067865925)