,UKREIS,UJAHR,UMONAT,UWOCHENTAG,USTUNDE,UKATEGORIE,UART,UTYP1,IstRad,IstPKW,IstFuss,IstKrad,IstGkfz,IstSonstig,ULICHTVERH,STRZUSTAND,longitude,latitude,Stadtteil,Ortsteil,geometry
1102,11,2016,12,4,11,3,5,2,1,1,0,0,0,0,0,1,8.84304366,53.081090812,Schwachhausen,Gete,POINT (8.843043659999999 53.081090812)
1103,11,2016,12,2,8,2,5,3,1,1,0,0,0,0,1,1,8.825139161,53.084516554,Schwachhausen,Bürgerpark,POINT (8.825139160999999 53.084516554)
1104,11,2016,11,3,16,3,4,6,1,0,0,0,0,0,0,0,8.787128515,53.075621006,Neustadt,Alte Neustadt,POINT (8.787128514999999 53.075621006)
1105,12,2016,12,4,17,3,5,2,1,1,0,0,0,0,2,0,8.607191935,53.58609186,Leherheide,Fehmoor,POINT (8.607191934999999 53.58609186)
1106,11,2016,12,3,11,3,5,3,1,1,0,0,0,0,0,0,8.88034166,53.082410299,Vahr,Neue Vahr Südwest,POINT (8.880341659999999 53.082410299)
1107,11,2016,12,5,10,3,5,7,1,0,0,0,0,1,0,0,8.809410229,53.077622253,Mitte,Altstadt,POINT (8.809410228999999 53.077622253)
1108,11,2016,11,2,13,3,5,3,1,1,0,0,0,0,0,0,8.850670636,53.038340474,Obervieland,Habenhausen,POINT (8.850670636 53.038340474)
1109,11,2016,12,2,6,3,5,3,1,0,0,0,0,1,2,1,8.79202241,53.073076516,Neustadt,Alte Neustadt,POINT (8.79202241 53.073076516)
1110,12,2016,11,4,8,3,5,3,1,1,0,0,0,0,0,0,8.595662175,53.575302496,Lehe,Königsheide,POINT (8.595662174999999 53.575302496)
1111,11,2016,12,6,14,3,5,3,1,1,0,0,0,0,0,0,8.811218205,53.080114999,Mitte,Bahnhofsvorstadt,POINT (8.811218204999999 53.080114999)
1112,11,2016,12,4,13,3,3,4,1,1,1,0,0,0,0,1,8.783906805,53.067792783,Neustadt,Neustadt,POINT (8.783906805000001 53.067792783)
1113,12,2016,12,2,14,2,0,7,1,0,0,0,0,0,0,0,8.590321761,53.523608925,Geestemünde,Buschkämpen,POINT (8.590321761 53.523608925)
1114,11,2016,12,6,4,3,5,2,1,1,0,0,0,0,2,1,8.910550411,53.047448176,Hemelingen,Arbergen,POINT (8.910550410999999 53.047448176)
1115,11,2016,11,7,20,2,5,2,1,1,0,0,0,0,2,1,8.807326148,53.082318595,Mitte,Bahnhofsvorstadt,POINT (8.807326148 53.082318595)
1116,11,2016,12,6,7,3,5,2,1,1,0,0,0,0,0,0,8.622771675,53.177048322,Vegesack,Vegesack,POINT (8.622771674999999 53.177048322)
1117,11,2016,12,6,16,3,3,6,1,1,0,0,0,0,1,0,8.927438125,53.097029715,,,POINT (8.927438125 53.097029715)
1118,11,2016,12,7,16,2,0,1,1,0,1,0,0,0,1,0,8.79618892,53.065642268,Neustadt,Südervorstadt,POINT (8.796188920000001 53.065642268)
1119,11,2016,12,6,9,3,5,3,1,1,0,0,0,0,0,0,8.819718809,53.049701637,Neustadt,Huckelriede,POINT (8.819718808999999 53.049701637)
1120,11,2016,11,4,15,3,5,3,1,1,0,0,0,0,0,0,8.786045974,53.061622931,Neustadt,Neuenland,POINT (8.786045974 53.061622931)
1121,11,2016,12,2,12,3,5,3,1,1,0,0,0,0,0,1,8.775537878,53.076821653,Woltmershausen,Woltmershausen,POINT (8.775537878 53.076821653)
1122,11,2016,11,4,14,3,5,2,1,0,0,0,0,1,0,0,8.791253627,53.091519162,Walle,Utbremen,POINT (8.791253627 53.091519162)
1123,12,2016,12,5,15,3,5,3,1,1,0,0,0,0,0,1,8.595817433,53.510195915,Wulsdorf,Geestemünde-Süd,POINT (8.595817433000001 53.510195915)
1124,11,2016,12,4,13,3,5,3,1,1,0,0,0,0,0,0,8.781888581,53.067274076,Neustadt,Hohentor,POINT (8.781888581 53.067274076)
1125,12,2016,11,1,14,3,5,3,1,1,0,0,0,0,0,0,8.632816279,53.600620197,Leherheide,Fehmoor,POINT (8.632816279 53.600620197)
1126,11,2016,12,5,1,3,1,1,1,1,0,0,0,0,2,0,8.823785705,53.077548576,Östliche Vorstadt,Fesenfeld,POINT (8.823785705000001 53.077548576)
1127,12,2016,11,1,16,2,5,3,1,1,0,0,0,0,1,1,8.592771629,53.515605909,Wulsdorf,Geestemünde-Süd,POINT (8.592771629 53.515605909)
1128,11,2016,11,4,8,2,1,6,1,0,0,0,0,0,0,0,8.728260397,53.044277902,Huchting,Sodenmatt,POINT (8.728260397 53.044277902)
1129,11,2016,12,7,15,3,5,3,1,1,0,0,0,0,0,0,8.843021251,53.068950258,Östliche Vorstadt,Peterswerder,POINT (8.843021251 53.068950258)
1130,11,2016,12,5,16,3,5,3,1,1,0,0,0,0,2,1,8.575713568,53.191205091,Blumenthal,Blumenthal,POINT (8.575713567999999 53.191205091)
1131,11,2016,11,7,5,3,0,7,1,0,0,0,0,0,2,1,8.8009044,53.061724781,Neustadt,Gartenstadt Süd,POINT (8.8009044 53.061724781)
1132,11,2016,12,2,14,2,5,3,1,1,0,0,0,0,0,1,8.835479407,53.038821644,Obervieland,Kattenturm,POINT (8.835479406999999 53.038821644)
1133,11,2016,12,2,9,3,0,1,1,0,0,0,0,0,0,1,8.805028707,53.088457949,Findorff,Findorff-Bürgerweide,POINT (8.805028707 53.088457949)
1134,12,2016,11,4,19,3,0,7,1,0,0,0,0,0,1,0,8.593879675,53.560661225,Lehe,Königsheide,POINT (8.593879675 53.560661225)
1135,11,2016,12,3,10,3,2,6,1,1,0,0,0,0,0,0,8.804841935,53.088604441,Findorff,Findorff-Bürgerweide,POINT (8.804841935000001 53.088604441)
1136,11,2016,11,4,11,3,8,1,1,0,0,0,0,0,0,0,8.899000159,53.126872057,,Borgfeld,POINT (8.899000159 53.126872057)
1137,11,2016,12,7,14,3,6,4,1,0,1,0,0,0,0,0,8.799469885,53.070168264,Neustadt,Alte Neustadt,POINT (8.799469885000001 53.070168264)
1138,11,2016,12,2,2,3,0,1,1,0,0,0,0,0,2,1,8.870597417,53.090225504,Schwachhausen,Radio Bremen,POINT (8.870597417000001 53.090225504)
1139,11,2016,12,4,9,3,3,6,1,0,0,0,0,0,0,0,8.826602512,53.085603565,Schwachhausen,Bürgerpark,POINT (8.826602511999999 53.085603565)
1140,11,2016,11,4,11,3,5,2,1,0,0,0,0,1,0,1,8.517825259,53.21037239,Blumenthal,Rekum,POINT (8.517825259 53.21037239)
1141,12,2016,12,6,11,3,4,2,1,1,0,0,0,0,0,0,8.579758521,53.547556981,Mitte,Weddewarden,POINT (8.579758521 53.547556981)
1142,11,2016,11,4,16,3,5,2,1,1,0,0,0,0,0,0,8.870546419,53.096022812,Horn-Lehe,Horn,POINT (8.870546419 53.096022812)
1143,11,2016,12,6,20,3,1,5,1,1,0,0,0,0,2,0,8.823342957,53.072980286,Östliche Vorstadt,Steintor,POINT (8.823342956999999 53.072980286)
1144,11,2016,11,3,17,3,1,5,1,1,0,0,0,0,2,0,8.831936427,53.080985243,Schwachhausen,Gete,POINT (8.831936427 53.080985243)
1145,12,2016,12,4,13,3,0,1,1,0,0,0,0,0,0,1,8.594011588,53.569168501,Lehe,Königsheide,POINT (8.594011588000001 53.569168501)
1146,11,2016,12,6,17,3,5,3,1,1,0,0,0,0,2,1,8.855141234,53.07642143,Vahr,Gartenstadt Vahr,POINT (8.855141234 53.07642143)
1147,11,2016,12,7,12,3,0,5,1,1,0,0,0,0,0,0,8.92363413,53.060427647,Osterholz,Ellener Feld,POINT (8.92363413 53.060427647)
1148,11,2016,11,4,18,3,0,7,1,0,0,0,1,0,2,0,8.809505618,53.06318104,Neustadt,Buntentor,POINT (8.809505617999999 53.06318104)
1149,12,2016,11,3,6,3,5,3,1,1,0,0,0,0,2,0,8.601340517,53.53145778,Geestemünde,Buschkämpen,POINT (8.601340517000001 53.53145778)
1150,12,2016,12,5,17,3,5,6,1,1,0,0,0,0,2,0,8.580018635,53.54386572,Mitte,Weddewarden,POINT (8.580018635 53.54386572)
1151,11,2016,11,3,16,3,5,3,1,0,0,0,0,1,1,0,8.800876235,53.094595856,Findorff,Regensburger Str.,POINT (8.800876235 53.094595856)
1152,11,2016,12,3,12,3,1,5,1,1,0,0,0,0,0,1,8.778751829,53.099003044,Walle,Walle,POINT (8.778751829000001 53.099003044)
1153,11,2016,12,2,5,3,5,3,1,0,0,0,0,1,2,1,8.916263072,53.071080995,Hemelingen,Sebaldsbrück,POINT (8.916263072 53.071080995)
1154,11,2016,12,3,17,3,5,2,1,1,0,0,0,0,1,1,8.870561138,53.089821503,Schwachhausen,Radio Bremen,POINT (8.870561137999999 53.089821503)
1155,11,2016,12,4,18,3,0,7,1,0,0,0,0,0,2,1,8.812950315,53.092058338,Findorff,Weidedamm,POINT (8.812950315 53.092058338)
1156,11,2016,12,6,7,3,4,6,1,1,0,0,0,0,1,1,8.539340804,53.193174678,Blumenthal,Rönnebeck,POINT (8.539340804 53.193174678)
1157,11,2016,12,4,13,3,5,3,1,0,0,0,0,1,0,0,8.845862845,53.073307918,Östliche Vorstadt,Hulsberg,POINT (8.845862844999999 53.073307918)
1158,11,2016,12,7,13,3,0,7,1,0,0,0,0,0,0,1,8.789962432,53.086407264,Walle,Überseestadt,POINT (8.789962431999999 53.086407264)
1159,12,2016,11,6,13,3,5,2,1,1,0,0,0,0,0,1,8.60343689,53.523436699,Geestemünde,Buschkämpen,POINT (8.603436889999999 53.523436699)
1160,11,2016,11,3,17,3,0,2,1,0,0,1,0,0,2,0,8.806540978,53.087284118,Findorff,Findorff-Bürgerweide,POINT (8.806540977999999 53.087284118)
1161,11,2016,12,5,6,3,5,3,1,1,0,0,0,0,2,0,8.890998453,53.086194664,Vahr,Neue Vahr Nord,POINT (8.890998453 53.086194664)
1162,11,2016,12,3,8,3,5,3,1,1,0,0,0,0,0,0,8.792189208,53.075276428,Neustadt,Alte Neustadt,POINT (8.792189208 53.075276428)
1163,11,2016,12,4,3,3,0,7,1,0,0,0,0,0,2,0,8.822642844,53.074673047,Östliche Vorstadt,Steintor,POINT (8.822642844000001 53.074673047)
1164,11,2016,11,3,9,3,1,5,1,1,0,0,0,0,0,0,8.88708053,53.062759242,Hemelingen,Sebaldsbrück,POINT (8.88708053 53.062759242)
1165,12,2016,12,2,7,3,5,3,1,1,0,0,0,0,0,2,8.595324946,53.520119261,Geestemünde,Buschkämpen,POINT (8.595324946 53.520119261)
1166,12,2016,12,2,17,3,5,3,1,1,0,0,0,0,2,1,8.628438233,53.526865659,Schiffdorferdamm,Buschkämpen,POINT (8.628438233000001 53.526865659)
1167,12,2016,12,1,2,3,5,3,1,1,0,0,0,0,2,1,8.569714511,53.554505741,Mitte,Weddewarden,POINT (8.569714511000001 53.554505741)
1168,11,2016,12,2,7,3,5,3,1,1,0,0,0,0,1,0,8.790541064,53.098468341,Walle,Westend,POINT (8.790541063999999 53.098468341)
1169,11,2016,12,2,17,3,3,1,1,1,0,0,0,0,0,1,8.826258078,53.079319547,Mitte,Ostertor,POINT (8.826258078 53.079319547)
1170,11,2016,12,4,18,3,0,1,1,0,0,0,0,0,2,0,8.818163649,53.077737021,Mitte,Ostertor,POINT (8.818163649000001 53.077737021)
1171,11,2016,12,3,7,3,5,2,1,1,0,0,0,0,2,0,8.848363012,53.11007913,Horn-Lehe,Lehe,POINT (8.848363012 53.11007913)
1172,12,2016,12,4,18,3,5,2,1,0,0,0,0,1,2,1,8.582219797,53.55321711,Lehe,Königsheide,POINT (8.582219797 53.55321711)
1173,11,2016,12,6,6,3,5,3,1,1,0,0,0,0,1,1,8.879708037,53.06073661,Hemelingen,Hastedt,POINT (8.879708037 53.06073661)
1174,11,2016,11,4,8,2,1,7,1,1,0,0,1,0,0,0,8.832588668,53.078323901,Östliche Vorstadt,Fesenfeld,POINT (8.832588668 53.078323901)
1175,12,2016,11,3,19,3,0,1,1,0,0,0,0,0,2,1,8.574623614,53.550923646,Mitte,Weddewarden,POINT (8.574623614 53.550923646)
1176,11,2017,12,6,11,3,5,2,1,1,0,0,0,0,0,0,8.819357703000037,53.048032859000045,Obervieland,Kattenturm,POINT (8.819357703000037 53.04803285900005)
1177,11,2017,11,5,14,3,5,3,1,1,0,0,0,0,0,0,8.814767080000024,53.04945069300004,Neustadt,Huckelriede,POINT (8.814767080000024 53.04945069300004)
1178,11,2017,11,5,7,3,0,1,1,0,0,0,0,0,0,0,8.817741150000074,53.04890343900007,Neustadt,Huckelriede,POINT (8.817741150000074 53.04890343900007)
1179,12,2017,11,4,8,3,5,3,1,1,0,0,0,0,0,0,8.575254630000074,53.54767284700006,Mitte,Weddewarden,POINT (8.575254630000074 53.54767284700006)
1180,11,2017,6,4,15,3,5,2,1,1,0,0,0,0,0,0,8.783201364000035,53.06624431000006,Neustadt,Neuenland,POINT (8.783201364000035 53.06624431000006)
1181,11,2017,6,5,13,3,0,7,1,0,0,0,0,1,0,0,8.779683698000042,53.068708068000035,Neustadt,Hohentor,POINT (8.779683698000042 53.06870806800003)
1182,11,2017,5,4,13,3,5,3,1,1,0,0,0,0,0,0,8.809638192000023,53.05115636000005,Neustadt,Huckelriede,POINT (8.809638192000023 53.05115636000005)
1183,11,2017,5,2,5,2,0,7,1,0,0,0,0,0,1,0,8.818875624000043,53.04861555800005,Neustadt,Huckelriede,POINT (8.818875624000043 53.04861555800005)
1184,11,2017,3,5,12,3,5,3,1,0,0,0,0,1,0,0,8.765870003000032,53.06067189600003,Huchting,Grolland,POINT (8.765870003000032 53.06067189600003)
1185,12,2017,3,2,13,3,5,6,1,0,0,1,0,0,0,1,8.580916561000038,53.53967299900006,Mitte,Weddewarden,POINT (8.580916561000038 53.53967299900006)
1186,11,2017,2,4,18,3,5,3,1,1,0,0,0,0,2,0,8.793886249000025,53.09658435400007,Walle,Osterfeuerberg,POINT (8.793886249000025 53.09658435400007)
1187,11,2017,2,4,17,3,1,7,1,0,0,0,0,1,2,0,8.789261489000069,53.06362080700006,Neustadt,Neustadt,POINT (8.789261489000069 53.06362080700006)
1188,11,2017,2,3,16,3,0,1,1,0,0,0,0,0,0,0,8.802199095000049,53.11417692500004,Walle,Hohweg,POINT (8.802199095000049 53.11417692500004)
1189,11,2017,2,3,8,3,5,3,1,1,0,0,0,0,0,0,8.83140621900003,53.03380924000004,Obervieland,Kattenturm,POINT (8.83140621900003 53.03380924000004)
1190,12,2017,2,2,17,2,5,3,1,0,0,0,0,1,2,0,8.572776883000074,53.560457522000036,Lehe,Königsheide,POINT (8.572776883000074 53.56045752200004)
1191,11,2017,2,2,12,3,5,3,1,1,0,0,0,0,0,0,8.736762223000028,53.04545738100006,Huchting,Kirchhuchting,POINT (8.736762223000028 53.04545738100006)
1192,11,2017,2,7,16,3,5,2,1,1,0,0,0,0,0,0,8.80689251900003,53.06037484400008,Neustadt,Huckelriede,POINT (8.80689251900003 53.06037484400008)
1193,11,2017,2,6,13,2,5,2,1,1,0,0,0,0,0,1,8.758772127000043,53.11597791500003,Gröpelingen,Lindenhof,POINT (8.758772127000043 53.11597791500003)
1194,11,2017,2,6,7,3,6,4,1,0,1,0,0,0,1,1,8.837279989000024,53.071793282000044,Östliche Vorstadt,Peterswerder,POINT (8.837279989000024 53.07179328200004)
1195,11,2017,2,5,13,2,3,5,1,1,0,0,0,0,0,1,8.800577576000023,53.094594287000064,Findorff,Regensburger Str.,POINT (8.800577576000023 53.09459428700006)
1196,11,2017,2,4,17,2,5,3,1,1,0,0,0,0,1,0,8.803906274000042,53.07237027600007,Neustadt,Alte Neustadt,POINT (8.803906274000042 53.07237027600007)
1197,12,2017,1,2,18,3,5,3,1,1,0,0,0,0,2,1,8.589759804000039,53.52845815500007,Geestemünde,Buschkämpen,POINT (8.589759804000039 53.52845815500007)
1198,11,2017,1,2,13,2,5,3,1,1,0,0,0,0,0,1,8.57932708100003,53.18326822700004,Blumenthal,Blumenthal,POINT (8.579327081000031 53.18326822700004)
1199,11,2017,1,2,14,2,3,6,1,1,0,0,0,0,0,1,8.861669449000033,53.09929393400006,Horn-Lehe,Lehe,POINT (8.861669449000033 53.09929393400006)
1200,11,2017,1,2,17,3,5,3,1,1,0,0,0,0,2,1,8.872660771000028,53.10512611300004,Horn-Lehe,Lehe,POINT (8.872660771000028 53.10512611300004)
1201,12,2017,1,7,14,3,5,3,1,0,0,0,0,1,0,0,8.599936050000053,53.512243366000064,Wulsdorf,Geestemünde-Süd,POINT (8.599936050000053 53.51224336600006)
1202,11,2017,1,7,13,3,6,4,1,0,1,0,0,0,0,0,8.798202154000023,53.080112918000054,Mitte,Altstadt,POINT (8.798202154000023 53.08011291800005)
1203,11,2017,1,7,17,3,4,2,1,1,0,0,0,0,2,0,8.813587076000033,53.09036358600008,Schwachhausen,Bürgerpark,POINT (8.813587076000033 53.09036358600008)
1204,11,2017,1,6,14,3,4,2,1,1,0,0,0,0,0,0,8.847187761000043,53.08698330100003,Schwachhausen,Schwachhausen,POINT (8.847187761000043 53.08698330100003)
1205,11,2017,1,6,5,3,5,3,1,1,0,0,0,0,2,0,8.87572646600006,53.062000510000075,Hemelingen,Hastedt,POINT (8.87572646600006 53.06200051000008)
1206,11,2017,1,6,17,3,1,5,1,1,0,0,0,0,2,1,8.823335834000034,53.083307664000074,Schwachhausen,Barkhof,POINT (8.823335834000034 53.08330766400007)
1207,11,2017,1,5,8,3,3,6,1,0,0,0,0,0,0,0,8.80129363900005,53.09179393200003,Findorff,Findorff-Bürgerweide,POINT (8.80129363900005 53.09179393200003)
1208,11,2017,1,5,20,3,5,3,1,1,0,0,0,0,2,0,8.845907608000061,53.087468433000026,Schwachhausen,Riensberg,POINT (8.845907608000061 53.08746843300003)
1209,11,2017,1,5,17,3,4,6,1,0,0,0,0,0,2,0,8.80916340500005,53.095163402000026,Findorff,Weidedamm,POINT (8.809163405000049 53.09516340200003)
1210,12,2017,1,4,12,3,5,2,1,1,0,0,0,0,0,0,8.582264485000053,53.56085369200008,Lehe,Königsheide,POINT (8.582264485000053 53.56085369200008)
1211,11,2017,1,4,9,3,2,6,1,1,0,0,0,0,0,0,8.81731725800006,53.073059466000075,Mitte,Ostertor,POINT (8.81731725800006 53.07305946600007)
1212,11,2017,1,4,11,3,5,3,1,1,0,0,0,0,0,0,8.884274577000042,53.07310647700007,Hemelingen,Sebaldsbrück,POINT (8.884274577000042 53.07310647700007)
1213,11,2017,1,4,19,3,5,3,1,1,0,0,0,0,2,2,8.85005863200007,53.094642183000076,Schwachhausen,Riensberg,POINT (8.850058632000071 53.09464218300008)
1214,11,2017,1,4,13,3,5,2,1,1,0,0,0,0,0,0,8.806412090000038,53.093970056000046,Findorff,Findorff-Bürgerweide,POINT (8.806412090000038 53.09397005600005)
1215,11,2017,1,4,14,2,5,2,1,1,0,0,0,0,0,0,8.740079079000054,53.05141149700006,Huchting,Kirchhuchting,POINT (8.740079079000054 53.05141149700006)
1216,11,2017,1,3,19,3,0,1,1,0,0,0,0,0,2,0,8.806910596000023,53.081839553000066,Mitte,Bahnhofsvorstadt,POINT (8.806910596000023 53.08183955300007)
1217,11,2017,1,3,12,3,5,3,1,1,0,0,0,0,0,0,8.848996311000064,53.02808517900007,Obervieland,Arsten,POINT (8.848996311000064 53.02808517900007)
1218,12,2017,1,2,9,3,5,3,1,1,0,0,0,0,0,0,8.597229635000076,53.57987021300005,Lehe,Königsheide,POINT (8.597229635000076 53.57987021300005)
1219,11,2017,1,2,11,3,5,6,1,1,0,0,0,0,0,0,8.83368977200007,53.03323138300004,Obervieland,Arsten,POINT (8.833689772000071 53.03323138300004)
1220,11,2017,1,2,2,2,0,1,1,0,0,0,0,0,2,1,8.810947444000021,53.07178040100007,Mitte,Altstadt,POINT (8.810947444000021 53.07178040100007)
1221,11,2017,1,7,17,3,0,7,1,1,0,0,0,0,2,1,8.80943417100002,53.073997562000045,Mitte,Altstadt,POINT (8.809434171000021 53.07399756200005)
1222,12,2017,1,6,17,3,5,3,1,0,0,0,0,1,2,1,8.588670807000028,53.565993122000066,Lehe,Königsheide,POINT (8.588670807000028 53.56599312200007)
1223,11,2017,1,6,9,3,5,2,1,1,0,0,0,0,0,1,8.792695082000023,53.07365944900005,Neustadt,Alte Neustadt,POINT (8.792695082000023 53.07365944900005)
1224,11,2017,1,6,9,3,5,2,1,1,0,0,0,0,0,0,8.791225202000021,53.09167647100003,Walle,Westend,POINT (8.791225202000021 53.09167647100003)
1225,11,2017,1,4,15,3,4,7,1,1,0,0,0,0,0,1,8.880140719000053,53.10255444400008,Horn-Lehe,Lehe,POINT (8.880140719000053 53.10255444400008)
1226,11,2017,1,4,15,3,5,3,1,1,0,0,0,0,0,0,8.831354611000052,53.08125526100008,Schwachhausen,Schwachhausen,POINT (8.831354611000052 53.08125526100008)
1227,11,2017,1,4,17,3,5,3,1,1,0,0,0,0,1,2,8.877307251000047,53.08224973800003,Vahr,Neue Vahr Südwest,POINT (8.877307251000047 53.08224973800003)
1228,11,2017,1,3,7,3,5,3,1,1,0,0,0,0,1,0,8.846452087000046,53.04842701700005,Obervieland,Habenhausen,POINT (8.846452087000046 53.04842701700005)
1229,11,2017,1,3,6,3,5,3,1,1,0,0,0,0,2,1,8.936381089000065,53.07380779700003,Osterholz,Ellenerbrok-Schevemoor,POINT (8.936381089000065 53.07380779700003)
1230,11,2017,1,2,16,3,5,3,1,1,0,0,0,0,0,2,8.852215130000047,53.111364293000065,Horn-Lehe,Lehe,POINT (8.852215130000047 53.11136429300007)
1231,11,2017,1,7,10,3,5,3,1,0,0,0,0,1,0,1,8.804131347000066,53.07240242700004,Neustadt,Alte Neustadt,POINT (8.804131347000066 53.07240242700004)
1232,11,2017,1,5,19,3,6,4,1,0,1,0,0,0,2,1,8.806589383000073,53.09406807100004,Findorff,Regensburger Str.,POINT (8.806589383000073 53.09406807100004)
1233,11,2017,1,5,7,3,0,7,1,0,0,0,0,1,2,1,8.805850651000071,53.09061802800005,Findorff,Findorff-Bürgerweide,POINT (8.805850651000071 53.09061802800005)
1234,11,2017,1,5,12,3,5,3,1,1,0,0,0,0,0,1,8.896299403000057,53.07925385400006,Vahr,Neue Vahr Südost,POINT (8.896299403000057 53.07925385400006)
1235,11,2017,1,5,7,3,5,2,1,1,0,0,0,0,2,1,8.887834969000039,53.109195482000075,Horn-Lehe,Lehesterdeich,POINT (8.887834969000039 53.10919548200008)
1236,11,2017,1,5,16,2,5,2,1,1,0,0,0,0,2,1,8.809159717000057,53.07882740700006,Mitte,Altstadt,POINT (8.809159717000057 53.07882740700006)
1237,11,2017,1,4,12,2,5,3,1,1,0,0,0,0,0,1,8.89114156200003,53.08259519200004,Vahr,Neue Vahr Nord,POINT (8.89114156200003 53.08259519200004)
1238,11,2017,1,3,15,3,1,5,1,1,0,0,0,0,0,1,8.768858900000055,53.08306730600003,Woltmershausen,Woltmershausen,POINT (8.768858900000055 53.08306730600003)
1239,11,2017,1,3,16,3,5,2,1,1,0,0,0,0,1,1,8.899940737000065,53.123427708000065,,Borgfeld,POINT (8.899940737000065 53.12342770800007)
1240,11,2017,1,3,6,3,5,3,1,1,0,0,0,0,2,1,8.856590599000072,53.07136736100006,Hemelingen,Hastedt,POINT (8.856590599000072 53.07136736100006)
1241,11,2017,1,3,8,3,5,3,1,1,0,0,0,0,1,1,8.825888128000031,53.07871280100005,Östliche Vorstadt,Fesenfeld,POINT (8.825888128000031 53.07871280100005)
1242,11,2017,1,2,16,3,5,3,1,1,0,0,0,0,0,0,8.713857049000069,53.14164865300006,Burglesum,Burg-Grambke,POINT (8.713857049000069 53.14164865300006)
1243,11,2017,1,7,13,2,0,1,1,0,0,0,0,0,0,2,8.879166171000065,53.07331876900008,Vahr,Gartenstadt Vahr,POINT (8.879166171000065 53.07331876900008)
1244,11,2017,1,6,13,3,5,3,1,1,0,0,0,0,0,0,8.82496756300003,53.08456810900003,Schwachhausen,Bürgerpark,POINT (8.82496756300003 53.08456810900003)
1245,11,2017,1,6,20,3,5,3,1,1,0,0,0,0,2,0,8.843336819000058,53.073338394000075,Östliche Vorstadt,Hulsberg,POINT (8.843336819000058 53.07333839400007)
1246,12,2017,1,4,11,3,3,2,1,1,0,0,0,0,0,1,8.572799834000023,53.560458149000056,Lehe,Königsheide,POINT (8.572799834000023 53.56045814900006)
1247,11,2017,1,3,11,3,5,3,1,1,0,0,0,0,0,1,8.838866587000041,53.05081316900004,Obervieland,Habenhausen,POINT (8.838866587000041 53.05081316900004)
1248,11,2017,1,3,13,3,3,2,1,1,0,0,0,0,0,1,8.782175668000036,53.06682878300006,Neustadt,Neuenland,POINT (8.782175668000036 53.06682878300006)
1249,11,2017,1,3,7,3,1,5,1,1,0,0,0,0,1,1,8.838151493000055,53.09597462500005,Schwachhausen,Neu-Schwachhausen,POINT (8.838151493000055 53.09597462500005)
1250,11,2017,1,3,22,3,0,1,1,0,0,0,0,0,2,1,8.828753180000035,53.08525373600003,Schwachhausen,Bürgerpark,POINT (8.828753180000035 53.08525373600003)
1251,12,2017,1,2,13,3,3,6,1,1,0,0,0,0,0,1,8.571553798000025,53.54440588600005,Mitte,Weddewarden,POINT (8.571553798000025 53.54440588600005)
1252,12,2017,1,2,17,3,5,3,1,1,0,0,0,0,2,1,8.603379073000042,53.52323837100005,Geestemünde,Buschkämpen,POINT (8.603379073000042 53.52323837100005)
1253,12,2017,1,2,8,3,5,3,1,1,0,0,0,0,1,1,8.584717090000026,53.560772728000074,Lehe,Königsheide,POINT (8.584717090000026 53.56077272800007)
1254,11,2017,1,2,14,3,3,6,1,1,0,0,0,0,0,1,8.87881857800005,53.09083703400006,Horn-Lehe,Horn,POINT (8.87881857800005 53.09083703400006)
1255,11,2017,1,2,16,3,1,5,1,1,0,0,0,0,1,1,8.809492830000067,53.07397819000005,Mitte,Altstadt,POINT (8.809492830000067 53.07397819000005)
1256,11,2017,1,2,11,3,5,7,1,1,0,0,0,0,0,1,8.790027117000022,53.10413120000004,Walle,Osterfeuerberg,POINT (8.790027117000022 53.10413120000004)
1257,11,2017,1,2,7,3,5,3,1,1,0,0,0,0,2,1,8.862530587000037,53.09928721400007,Horn-Lehe,Lehe,POINT (8.862530587000037 53.09928721400007)
1258,11,2017,1,1,18,3,0,3,1,1,0,0,0,0,2,1,8.759520132000034,53.11993028400008,Gröpelingen,Gröpelingen,POINT (8.759520132000034 53.11993028400008)
1259,12,2017,2,5,8,3,5,3,1,1,0,0,0,0,0,0,8.597109364000062,53.57525666300006,Lehe,Königsheide,POINT (8.597109364000062 53.57525666300006)
1260,11,2017,2,7,19,3,3,6,1,1,0,0,0,1,2,0,8.815223032000063,53.07047992500003,Mitte,Ostertor,POINT (8.815223032000063 53.07047992500003)
1261,11,2017,3,2,17,3,5,3,1,1,0,0,0,0,0,0,8.829269751000027,53.07006040300007,Östliche Vorstadt,Steintor,POINT (8.829269751000027 53.07006040300007)
1262,11,2017,3,7,10,3,5,2,1,0,0,0,0,0,0,0,8.856531476000043,53.08872591700003,Schwachhausen,Radio Bremen,POINT (8.856531476000043 53.08872591700003)
1263,11,2017,3,6,12,3,4,6,1,0,0,0,0,0,0,0,8.802017989000035,53.07143659500008,Neustadt,Alte Neustadt,POINT (8.802017989000035 53.07143659500008)
1264,11,2017,3,6,15,3,3,6,1,0,0,0,0,0,0,0,8.806708030000038,53.060518682000065,Neustadt,Buntentor,POINT (8.806708030000038 53.06051868200007)
1265,11,2017,3,6,13,2,6,4,1,0,1,0,0,0,0,0,8.820469875000072,53.11201453500007,Horn-Lehe,Lehe,POINT (8.820469875000072 53.11201453500007)
1266,11,2017,3,6,14,3,0,7,1,0,1,0,0,0,0,0,8.760718540000028,53.11229865800004,Gröpelingen,Lindenhof,POINT (8.760718540000028 53.11229865800004)
1267,11,2017,3,6,9,3,1,5,1,1,0,0,0,0,0,0,8.751956041000028,53.08986177000003,Woltmershausen,Rablinghausen,POINT (8.751956041000028 53.08986177000003)
1268,11,2017,3,5,12,3,0,2,1,0,0,0,0,1,0,0,8.794949978000034,53.06720795100006,Neustadt,Südervorstadt,POINT (8.794949978000034 53.06720795100006)