,UKREIS,UJAHR,UMONAT,UWOCHENTAG,USTUNDE,UKATEGORIE,UART,UTYP1,IstRad,IstPKW,IstFuss,IstKrad,IstGkfz,IstSonstig,ULICHTVERH,STRZUSTAND,longitude,latitude,Stadtteil,Ortsteil,geometry
1269,11,2017,3,5,13,3,5,3,1,1,0,0,0,0,0,0,8.789643759000057,53.08661641200007,Walle,Utbremen,POINT (8.789643759000057 53.08661641200007)
1270,11,2017,3,5,19,3,1,5,1,1,0,0,0,0,2,0,8.78115573100007,53.10700965800004,Walle,Walle,POINT (8.781155731000069 53.10700965800004)
1271,11,2017,3,5,7,2,5,3,1,1,0,0,0,0,0,0,8.84647269800007,53.048464006000074,Obervieland,Habenhausen,POINT (8.846472698000071 53.04846400600007)
1272,11,2017,3,5,17,3,5,3,1,0,0,0,0,1,0,0,8.825035108000066,53.084196226000074,Schwachhausen,Barkhof,POINT (8.825035108000066 53.08419622600007)
1273,12,2017,2,6,14,2,3,6,1,0,0,0,0,1,0,0,8.601939019000042,53.57027328600003,Lehe,Königsheide,POINT (8.601939019000042 53.57027328600003)
1274,11,2017,3,4,10,3,6,3,1,0,1,0,0,0,0,0,8.790009911000027,53.07160087600005,Neustadt,Hohentor,POINT (8.790009911000027 53.07160087600005)
1275,11,2017,3,4,18,3,1,5,1,1,0,0,0,0,0,0,8.824042525000038,53.073035540000035,Östliche Vorstadt,Steintor,POINT (8.824042525000038 53.07303554000003)
1276,11,2017,3,3,17,3,5,2,1,1,0,0,0,0,0,0,8.820244314000036,53.08403661700004,Schwachhausen,Barkhof,POINT (8.820244314000036 53.08403661700004)
1277,11,2017,3,3,16,3,5,3,1,1,0,0,0,0,0,0,8.813544939000053,53.09037364900007,Findorff,Findorff-Bürgerweide,POINT (8.813544939000053 53.09037364900007)
1278,11,2017,3,3,8,3,5,3,1,0,0,0,0,0,0,0,8.835619147000045,53.07377044100008,Östliche Vorstadt,Hulsberg,POINT (8.835619147000045 53.07377044100008)
1279,11,2017,3,2,15,3,0,1,1,0,0,0,0,0,0,1,8.578647555000032,53.183397942000056,Blumenthal,Blumenthal,POINT (8.578647555000032 53.18339794200006)
1280,11,2017,3,2,10,3,0,1,1,0,0,0,0,0,0,1,8.827655309000022,53.07256548000004,Östliche Vorstadt,Steintor,POINT (8.827655309000022 53.07256548000004)
1281,11,2017,3,2,17,3,5,2,1,1,0,0,0,0,1,1,8.799092470000062,53.05643225600005,Neustadt,Neuenland,POINT (8.799092470000062 53.05643225600005)
1282,11,2017,3,2,13,3,5,3,1,1,0,0,0,0,0,1,8.918824123000036,53.05961163600006,Osterholz,Ellener Feld,POINT (8.918824123000036 53.05961163600006)
1283,11,2017,3,2,9,3,5,2,1,1,0,0,0,0,0,1,8.765574073000039,53.07412796500006,Woltmershausen,Woltmershausen,POINT (8.765574073000039 53.07412796500006)
1284,12,2017,3,1,20,3,0,1,1,0,0,0,0,0,2,1,8.633794335000061,53.52264314800004,Surheide,Schiffdorferdamm,POINT (8.633794335000061 53.52264314800004)
1285,11,2017,3,7,20,3,5,3,1,1,0,0,0,0,2,1,8.930530279000038,53.08764059900005,,,POINT (8.930530279000038 53.08764059900005)
1286,12,2017,3,6,9,3,5,3,1,1,0,0,0,0,0,0,8.602294131000065,53.57201413700005,Lehe,Königsheide,POINT (8.602294131000065 53.57201413700005)
1287,11,2017,3,6,12,3,5,3,1,1,0,0,0,0,0,0,8.927132111000049,53.09002478500008,,,POINT (8.927132111000049 53.09002478500008)
1288,11,2017,3,6,13,3,5,2,1,1,0,0,0,0,0,0,8.804841840000051,53.08096455200007,Mitte,Bahnhofsvorstadt,POINT (8.804841840000051 53.08096455200007)
1289,11,2017,3,6,7,3,3,6,1,0,0,0,0,0,0,0,8.839896169000042,53.08174187900005,Schwachhausen,Gete,POINT (8.839896169000042 53.08174187900005)
1290,12,2017,3,5,16,3,5,3,1,1,0,0,0,0,0,0,8.599817546000054,53.49572773300008,Wulsdorf,Geestemünde-Süd,POINT (8.599817546000054 53.49572773300008)
1291,11,2017,3,5,17,2,5,3,1,1,0,0,0,0,0,0,8.75172270400003,53.16389861200008,,Blockland,POINT (8.751722704000031 53.16389861200008)
1292,11,2017,3,5,15,3,5,2,1,0,0,0,0,1,0,0,8.782590785000025,53.08709175700005,Walle,Überseestadt,POINT (8.782590785000025 53.08709175700005)
1293,11,2017,3,5,15,3,5,2,1,0,0,1,0,0,0,0,8.941683848000025,53.060365243000035,Osterholz,Ellenerbrok-Schevemoor,POINT (8.941683848000025 53.06036524300004)
1294,11,2017,3,5,13,2,5,3,1,1,0,0,0,0,0,0,8.835827307000045,53.04826142200005,Obervieland,Kattenturm,POINT (8.835827307000045 53.04826142200005)
1295,11,2017,3,4,19,1,5,3,1,0,0,0,0,1,2,0,8.722832345000029,53.05879937800006,Huchting,Mittelshuchting,POINT (8.722832345000029 53.05879937800006)
1296,11,2017,3,4,19,3,1,5,1,1,0,0,0,0,2,0,8.852351254000041,53.08186490700007,Schwachhausen,Gete,POINT (8.852351254000041 53.08186490700007)
1297,11,2017,3,4,13,3,5,3,1,1,0,0,0,0,0,0,8.794895857000029,53.09393061600008,Walle,Utbremen,POINT (8.794895857000029 53.09393061600008)
1298,11,2017,3,4,8,3,5,2,1,1,0,0,0,0,0,1,8.847103749000041,53.080229915000075,Schwachhausen,Gete,POINT (8.847103749000041 53.08022991500007)
1299,11,2017,3,3,15,3,6,4,1,0,1,0,0,0,0,0,8.820067907000066,53.07264017800003,Mitte,Ostertor,POINT (8.820067907000066 53.07264017800003)
1300,11,2017,3,3,16,3,0,5,1,1,0,0,0,0,0,0,8.83772699800005,53.09502768100003,Schwachhausen,Neu-Schwachhausen,POINT (8.837726998000051 53.09502768100003)
1301,11,2017,3,3,17,3,5,3,1,1,0,0,0,0,0,0,8.90236369300004,53.10108801600006,,,POINT (8.902363693000041 53.10108801600006)
1302,11,2017,3,3,11,3,0,1,1,0,0,0,0,0,0,0,8.826852159000055,53.07282943700005,Östliche Vorstadt,Steintor,POINT (8.826852159000055 53.07282943700005)
1303,11,2017,3,2,11,3,5,3,1,1,0,0,0,0,0,0,8.799487447000047,53.07155290800006,Neustadt,Alte Neustadt,POINT (8.799487447000047 53.07155290800006)
1304,11,2017,3,2,13,3,3,7,1,1,0,0,0,0,0,0,8.761977333000061,53.08067655000008,Woltmershausen,Woltmershausen,POINT (8.761977333000061 53.08067655000008)
1305,11,2017,3,2,14,3,5,3,1,1,0,0,0,0,0,0,8.738541584000075,53.13723675700004,Gröpelingen,Oslebshausen,POINT (8.738541584000075 53.13723675700004)
1306,11,2017,3,1,12,3,0,1,1,0,0,0,0,0,0,0,8.828230344000076,53.16005615900008,,Blockland,POINT (8.828230344000076 53.16005615900008)
1307,12,2017,3,6,13,3,5,2,1,1,0,0,0,0,0,0,8.58263260800004,53.521591227000044,Fischereihafen,Mitte-Süd,POINT (8.58263260800004 53.52159122700004)
1308,12,2017,3,6,13,3,5,1,1,1,0,0,0,0,0,0,8.584659546000069,53.55688048300004,Lehe,Königsheide,POINT (8.584659546000069 53.55688048300004)
1309,12,2017,3,5,12,3,5,2,1,0,0,0,0,1,0,1,8.595294102000025,53.51124784700005,Wulsdorf,Geestemünde-Süd,POINT (8.595294102000025 53.51124784700005)
1310,11,2017,3,5,21,3,5,2,1,0,0,1,0,0,2,1,8.893069753000077,53.049999058000026,Hemelingen,Hemelingen,POINT (8.893069753000077 53.04999905800003)
1311,11,2017,3,4,10,3,5,3,1,1,0,0,0,0,0,0,8.782148043000063,53.075616998000044,Woltmershausen,Woltmershausen,POINT (8.782148043000063 53.07561699800004)
1312,11,2017,3,4,18,2,0,7,1,0,0,0,0,0,1,1,8.789298693000035,53.06417769800004,Neustadt,Neustadt,POINT (8.789298693000035 53.06417769800004)
1313,11,2017,3,3,12,3,5,3,1,1,0,0,0,0,0,0,8.72133886100005,53.131980817000056,Häfen,Industriehäfen,POINT (8.721338861000049 53.13198081700006)
1314,11,2017,3,3,13,3,3,7,1,0,0,0,0,0,0,0,8.725820234000025,53.10035724800008,Häfen,Neustädter Hafen,POINT (8.725820234000025 53.10035724800008)
1315,11,2017,3,2,10,3,5,3,1,1,0,0,0,0,0,0,8.946508425000047,53.076591456000074,Osterholz,Tenever,POINT (8.946508425000047 53.07659145600007)
1316,11,2017,3,2,17,3,0,6,1,0,0,0,0,0,1,1,8.833484913000063,53.039716207000026,Obervieland,Kattenturm,POINT (8.833484913000063 53.03971620700003)
1317,11,2017,3,2,13,3,4,6,1,0,0,0,0,0,0,0,8.825931942000068,53.07300568800008,Östliche Vorstadt,Steintor,POINT (8.825931942000068 53.07300568800008)
1318,11,2017,3,2,15,3,5,2,1,1,0,0,0,0,0,1,8.87543054300005,53.06190690400007,Hemelingen,Hastedt,POINT (8.87543054300005 53.06190690400007)
1319,11,2017,3,7,19,3,5,3,1,1,0,0,0,0,2,0,8.71296256200003,53.145273545000066,Burglesum,Burg-Grambke,POINT (8.71296256200003 53.14527354500007)
1320,11,2017,3,7,15,2,5,3,1,0,0,0,0,1,0,0,8.858003477000068,53.04602494900007,Obervieland,Habenhausen,POINT (8.858003477000068 53.04602494900007)
1321,11,2017,3,7,15,3,5,3,1,1,0,0,0,0,0,0,8.957574863000048,53.05744755900008,Osterholz,Tenever,POINT (8.957574863000048 53.05744755900008)
1322,11,2017,3,6,14,3,5,2,1,1,0,0,0,0,0,1,8.807467856000073,53.08248038700003,Mitte,Bahnhofsvorstadt,POINT (8.807467856000073 53.08248038700003)
1323,11,2017,3,6,12,2,5,3,1,0,0,0,0,1,0,0,8.853977496000027,53.08244622600006,Schwachhausen,Gete,POINT (8.853977496000027 53.08244622600006)
1324,12,2017,3,5,11,3,5,3,1,1,0,0,0,0,0,0,8.601813570000047,53.59145769000003,Leherheide,Fehmoor,POINT (8.601813570000047 53.59145769000003)
1325,11,2017,3,5,17,3,0,3,1,1,0,0,0,0,2,1,8.781523715000048,53.08350602100006,Walle,Überseestadt,POINT (8.781523715000048 53.08350602100006)
1326,11,2017,3,4,10,3,0,1,1,0,0,0,0,0,0,1,8.800439657000027,53.078807045000076,Mitte,Altstadt,POINT (8.800439657000027 53.07880704500008)
1327,11,2017,3,4,13,3,0,7,1,0,0,0,0,0,0,0,8.844892126000047,53.04575763400004,Obervieland,Habenhausen,POINT (8.844892126000047 53.04575763400004)
1328,11,2017,2,3,13,3,6,4,1,0,1,0,0,0,0,0,8.750001929000064,53.09290344800007,Woltmershausen,Rablinghausen,POINT (8.750001929000064 53.09290344800007)
1329,11,2017,2,3,15,2,5,3,1,1,0,0,0,0,0,1,8.795603216000075,53.06763986300007,Neustadt,Neustadt,POINT (8.795603216000075 53.06763986300007)
1330,11,2017,2,3,10,3,5,2,1,1,0,0,0,0,0,1,8.798785862000045,53.079805760000056,Mitte,Altstadt,POINT (8.798785862000045 53.07980576000006)
1331,11,2017,2,3,15,3,5,3,1,1,0,0,0,0,0,0,8.880340901000068,53.07897347800008,Vahr,Neue Vahr Südwest,POINT (8.880340901000068 53.07897347800008)
1332,11,2017,2,3,6,3,5,3,1,1,0,0,0,0,2,1,8.763544323000076,53.108971902000064,Gröpelingen,Lindenhof,POINT (8.763544323000076 53.10897190200006)
1333,11,2017,2,3,19,2,5,3,1,1,0,0,0,0,2,0,8.658618895000075,53.172988823000026,Burglesum,St.Magnus,POINT (8.658618895000075 53.17298882300003)
1334,11,2017,2,2,13,3,5,3,1,1,0,0,0,0,0,0,8.82266856800004,53.07457120400005,Östliche Vorstadt,Steintor,POINT (8.82266856800004 53.07457120400005)
1335,11,2017,2,2,9,3,5,3,1,1,0,0,0,0,0,0,8.838691453000024,53.08275316700008,Schwachhausen,Schwachhausen,POINT (8.838691453000024 53.08275316700008)
1336,11,2017,2,7,5,3,0,1,1,0,0,0,0,0,2,2,8.601944071000048,53.180125529000065,Vegesack,Fähr-Lobbendorf,POINT (8.601944071000048 53.18012552900007)
1337,11,2017,2,6,7,3,5,3,1,1,0,0,0,0,0,0,8.940565832000061,53.07760136200005,,,POINT (8.940565832000061 53.07760136200005)
1338,11,2017,2,6,18,3,5,2,1,1,0,0,0,0,2,1,8.802826137000068,53.079923163000046,Mitte,Altstadt,POINT (8.802826137000068 53.07992316300005)
1339,11,2017,2,6,16,3,5,2,1,1,0,0,0,0,0,1,8.824539516000073,53.08421852400005,Schwachhausen,Barkhof,POINT (8.824539516000073 53.08421852400005)
1340,11,2017,2,5,7,3,5,3,1,1,0,0,0,0,1,1,8.824448715000074,53.08428730700007,Schwachhausen,Barkhof,POINT (8.824448715000074 53.08428730700007)
1341,11,2017,2,5,12,3,5,3,1,0,0,0,0,0,0,1,8.801892374000033,53.06779504100007,Neustadt,Buntentor,POINT (8.801892374000033 53.06779504100007)
1342,11,2017,2,5,14,3,5,3,1,1,0,0,0,0,0,1,8.944847296000034,53.07532684500006,Osterholz,Ellenerbrok-Schevemoor,POINT (8.944847296000034 53.07532684500006)
1343,12,2017,2,4,10,3,3,2,1,1,0,0,0,0,0,1,8.577404727000044,53.55390504600007,Mitte,Weddewarden,POINT (8.577404727000044 53.55390504600007)
1344,11,2017,2,3,19,3,5,2,1,1,0,0,0,0,2,0,8.833577843000057,53.070618180000054,Östliche Vorstadt,Peterswerder,POINT (8.833577843000057 53.07061818000005)
1345,12,2017,2,2,10,3,5,3,1,1,0,0,0,0,0,1,8.638166396000031,53.53490010000007,Schiffdorferdamm,Buschkämpen,POINT (8.638166396000031 53.53490010000007)
1346,12,2017,2,2,16,3,5,3,1,1,0,0,0,0,0,1,8.59097988600007,53.54399514800008,Geestemünde,Buschkämpen,POINT (8.590979886000071 53.54399514800008)
1347,11,2017,2,2,18,3,0,3,1,1,0,0,0,0,1,1,8.791226947000041,53.09515428100008,Walle,Westend,POINT (8.791226947000041 53.09515428100008)
1348,11,2017,2,2,9,2,0,1,1,0,0,0,0,0,0,1,8.82868323100007,53.08523647100003,Schwachhausen,Bürgerpark,POINT (8.82868323100007 53.08523647100003)
1349,11,2017,2,2,16,3,6,4,1,0,1,0,0,0,0,1,8.790031644000067,53.06408673100003,Neustadt,Südervorstadt,POINT (8.790031644000067 53.06408673100003)
1350,11,2017,2,1,19,3,8,6,1,1,0,0,0,0,2,1,8.944457881000062,53.05707214500006,Osterholz,Osterholz,POINT (8.944457881000062 53.05707214500006)
1351,11,2017,2,1,19,3,0,7,1,0,0,0,0,0,2,1,8.802599749000024,53.097471075000044,Findorff,Regensburger Str.,POINT (8.802599749000024 53.09747107500004)
1352,11,2017,2,6,13,3,3,6,1,1,0,0,0,0,0,0,8.847738999000057,53.07873939000007,Schwachhausen,Gete,POINT (8.847738999000057 53.07873939000007)
1353,11,2017,2,5,20,3,5,2,1,1,0,0,0,0,2,0,8.817692283000042,53.05263328600006,Neustadt,Huckelriede,POINT (8.817692283000042 53.05263328600006)
1354,11,2017,2,4,8,3,5,3,1,1,0,0,0,0,0,0,8.579140094000024,53.183384587000035,Blumenthal,Blumenthal,POINT (8.579140094000024 53.18338458700003)
1355,11,2017,2,4,8,3,5,3,1,1,0,0,0,0,0,0,8.822075244000075,53.04092207000008,Obervieland,Kattenturm,POINT (8.822075244000075 53.04092207000008)
1356,11,2017,2,4,16,3,5,3,1,1,0,0,0,0,0,0,8.892270073000077,53.07942376600005,Vahr,Neue Vahr Südwest,POINT (8.892270073000077 53.07942376600005)
1357,11,2017,2,3,13,3,5,3,1,1,0,0,0,0,0,0,8.799475261000055,53.07151457700007,Neustadt,Alte Neustadt,POINT (8.799475261000055 53.07151457700007)
1358,11,2017,2,3,15,3,1,5,1,1,0,0,0,0,0,0,8.822688713000048,53.07432475300004,Mitte,Ostertor,POINT (8.822688713000048 53.07432475300004)
1359,11,2017,2,3,17,3,1,3,1,1,0,0,0,0,2,0,8.78452747800003,53.08476902500007,Walle,Überseestadt,POINT (8.78452747800003 53.08476902500007)
1360,11,2017,2,2,7,3,5,2,1,0,0,0,0,1,0,0,8.800451113000065,53.078795135000064,Mitte,Altstadt,POINT (8.800451113000065 53.07879513500006)
1361,11,2017,2,2,10,3,5,3,1,0,0,0,0,1,0,0,8.880715158000044,53.05590338700006,Hemelingen,Hemelingen,POINT (8.880715158000044 53.05590338700006)
1362,11,2017,2,6,18,3,5,3,1,1,0,0,0,0,2,0,8.802845682000054,53.10137838300005,Findorff,Weidedamm,POINT (8.802845682000054 53.10137838300005)
1363,12,2017,5,3,14,3,5,3,1,1,0,0,0,0,0,0,8.597780962000058,53.58514498200003,Lehe,Königsheide,POINT (8.597780962000058 53.58514498200003)
1364,12,2017,5,3,11,3,5,2,1,1,0,0,0,0,0,0,8.591173886000036,53.56612086800004,Lehe,Königsheide,POINT (8.591173886000036 53.56612086800004)
1365,11,2017,5,3,9,3,5,3,1,1,0,0,0,0,0,0,8.80151853500007,53.08674130300005,Mitte,Bahnhofsvorstadt,POINT (8.801518535000071 53.08674130300005)
1366,11,2017,5,3,14,3,5,3,1,1,0,0,0,0,0,0,8.731387907000055,53.04794215700008,Huchting,Sodenmatt,POINT (8.731387907000055 53.04794215700008)
1367,11,2017,5,3,12,3,1,5,1,1,0,0,0,0,0,0,8.768469968000034,53.07996304200003,Woltmershausen,Woltmershausen,POINT (8.768469968000034 53.07996304200003)
1368,11,2017,5,2,11,3,0,1,1,0,0,0,0,0,0,1,8.804215761000023,53.08528668800005,Mitte,Bahnhofsvorstadt,POINT (8.804215761000023 53.08528668800005)
1369,11,2017,5,6,15,3,0,6,1,0,0,0,0,1,0,0,8.808490218000031,53.08809114500008,Findorff,Findorff-Bürgerweide,POINT (8.808490218000031 53.08809114500008)
1370,11,2017,5,1,19,3,0,7,1,0,0,0,0,0,0,0,8.789711453000052,53.07901912800003,Neustadt,Alte Neustadt,POINT (8.789711453000052 53.07901912800003)
1371,11,2017,5,6,9,3,0,7,1,0,0,0,0,1,0,1,8.810020337000026,53.09905157700007,Findorff,Weidedamm,POINT (8.810020337000026 53.09905157700007)
1372,11,2017,5,7,14,3,5,3,1,1,0,0,0,0,0,0,8.803844463000075,53.07233677200003,Neustadt,Alte Neustadt,POINT (8.803844463000075 53.07233677200003)
1373,11,2017,5,7,14,3,4,6,1,1,0,0,0,0,0,0,8.90155296100005,53.09344781200008,Horn-Lehe,Horn,POINT (8.90155296100005 53.09344781200008)
1374,11,2017,5,7,3,3,5,2,1,1,0,0,0,0,2,1,8.82318538800007,53.07296488800006,Mitte,Ostertor,POINT (8.82318538800007 53.07296488800006)
1375,11,2017,5,6,13,3,5,2,1,1,0,0,0,0,0,0,8.571907288000034,53.19603744300008,Blumenthal,Blumenthal,POINT (8.571907288000034 53.19603744300008)
1376,11,2017,5,6,7,3,3,6,1,0,0,0,0,0,0,1,8.83562046000003,53.03656967300003,Obervieland,Arsten,POINT (8.83562046000003 53.03656967300003)
1377,11,2017,5,5,16,3,5,3,1,1,0,0,0,0,0,1,8.783136929000023,53.08347077500008,Walle,Überseestadt,POINT (8.783136929000023 53.08347077500008)
1378,11,2017,5,4,10,3,0,7,1,0,0,0,0,0,0,1,8.816484008000032,53.07488646200005,Mitte,Ostertor,POINT (8.816484008000032 53.07488646200005)
1379,11,2017,5,4,17,3,5,2,1,0,0,0,0,0,0,0,8.84789760600006,53.04953916900007,Obervieland,Habenhausen,POINT (8.84789760600006 53.04953916900007)
1380,12,2017,5,3,11,3,5,3,1,1,0,0,0,0,0,0,8.598119367000038,53.53283669600006,Geestemünde,Buschkämpen,POINT (8.598119367000038 53.53283669600006)
1381,11,2017,5,3,16,3,5,2,1,0,0,0,0,1,0,0,8.618971965000071,53.18012463500003,Vegesack,Fähr-Lobbendorf,POINT (8.618971965000071 53.18012463500003)
1382,11,2017,5,3,10,3,5,3,1,1,0,0,0,0,0,0,8.923898954000038,53.07296401800005,Osterholz,Ellener Feld,POINT (8.923898954000038 53.07296401800005)
1383,11,2017,5,3,8,3,5,2,1,1,0,0,0,0,0,0,8.792853741000044,53.073527210000066,Neustadt,Alte Neustadt,POINT (8.792853741000044 53.07352721000007)
1384,11,2017,5,3,12,3,3,6,1,1,0,0,0,0,0,0,8.822819827000046,53.04293999500004,Obervieland,Kattenturm,POINT (8.822819827000046 53.04293999500004)
1385,11,2017,5,3,14,3,4,6,1,0,0,0,0,0,0,1,8.800077590000058,53.07905311700006,Mitte,Altstadt,POINT (8.800077590000058 53.07905311700006)
1386,12,2017,4,1,18,3,5,3,1,1,0,0,0,0,0,0,8.626398215000052,53.529621098000064,Schiffdorferdamm,Buschkämpen,POINT (8.626398215000052 53.52962109800006)
1387,11,2017,4,7,14,3,5,3,1,1,0,0,0,0,0,0,8.806255864000036,53.08431519800007,Mitte,Bahnhofsvorstadt,POINT (8.806255864000036 53.08431519800007)
1388,11,2017,4,7,21,2,4,6,1,0,0,0,0,0,2,0,8.799542122000048,53.07014515100008,Neustadt,Alte Neustadt,POINT (8.799542122000048 53.07014515100008)
1389,11,2017,4,7,3,3,0,1,1,0,0,0,0,0,2,0,8.798444967000023,53.07737826600004,Mitte,Altstadt,POINT (8.798444967000023 53.07737826600004)
1390,12,2017,4,6,12,2,5,3,1,1,0,0,0,0,0,0,8.590876861000027,53.53353829800005,Geestemünde,Buschkämpen,POINT (8.590876861000027 53.53353829800005)
1391,11,2017,4,6,17,3,5,3,1,1,0,0,0,0,0,0,8.894585017000054,53.07945953400008,Vahr,Neue Vahr Südost,POINT (8.894585017000054 53.07945953400008)
1392,11,2017,4,6,20,3,6,4,1,0,1,0,0,0,1,1,8.800680624000051,53.07867807000008,Mitte,Altstadt,POINT (8.800680624000051 53.07867807000008)
1393,11,2017,4,6,21,3,5,2,1,1,0,0,0,0,2,1,8.801830629000051,53.06393065000003,Neustadt,Buntentor,POINT (8.801830629000051 53.06393065000003)
1394,11,2017,4,6,13,3,3,6,1,1,0,0,0,0,0,0,8.796548658000063,53.08114497000008,Mitte,Altstadt,POINT (8.796548658000063 53.08114497000008)
1395,11,2017,4,6,12,3,5,3,1,1,0,0,0,0,0,0,8.862971556000048,53.071448788000055,Hemelingen,Hastedt,POINT (8.862971556000048 53.07144878800005)
1396,11,2017,4,5,17,2,3,2,1,1,0,0,0,0,0,0,8.799432763000027,53.07018014000005,Neustadt,Alte Neustadt,POINT (8.799432763000027 53.07018014000005)
1397,11,2017,4,5,5,3,4,6,1,1,0,0,0,0,1,0,8.864321245000042,53.052364441000066,Obervieland,Habenhausen,POINT (8.864321245000042 53.05236444100007)
1398,11,2017,4,5,18,3,5,3,1,1,0,0,0,0,0,0,8.904496970000025,53.04069874800007,Hemelingen,Hemelingen,POINT (8.904496970000025 53.04069874800007)
1399,11,2017,4,5,18,3,4,6,1,1,0,0,0,0,0,0,8.789774317000024,53.07144554000007,Neustadt,Hohentor,POINT (8.789774317000024 53.07144554000007)
1400,11,2017,4,5,8,3,5,3,1,1,0,0,0,0,0,0,8.791756156000076,53.10397471600004,Walle,Osterfeuerberg,POINT (8.791756156000076 53.10397471600004)
1401,11,2017,4,5,10,1,5,3,1,0,0,0,0,1,0,0,8.790320735000023,53.096289795000075,Walle,Westend,POINT (8.790320735000023 53.09628979500008)
1402,11,2017,4,4,17,3,1,5,1,1,0,0,0,0,0,0,8.839382159000024,53.09619963200004,Schwachhausen,Neu-Schwachhausen,POINT (8.839382159000024 53.09619963200004)
1403,12,2017,4,3,12,2,5,3,1,1,0,0,0,0,0,0,8.612068803000057,53.58743979400003,Leherheide,Fehmoor,POINT (8.612068803000057 53.58743979400003)
1404,12,2017,4,3,6,3,5,3,1,1,0,0,0,0,1,1,8.598017230000039,53.58513395700004,Lehe,Königsheide,POINT (8.598017230000039 53.58513395700004)
1405,11,2017,4,3,17,3,5,3,1,0,0,0,0,1,0,0,8.913101563000055,53.043128738000064,Hemelingen,Arbergen,POINT (8.913101563000055 53.04312873800006)
1406,11,2017,4,3,18,3,3,6,1,1,0,0,0,0,0,0,8.830455768000036,53.07157447900005,Östliche Vorstadt,Steintor,POINT (8.830455768000036 53.07157447900005)
1407,11,2017,4,3,12,3,5,3,1,1,0,0,0,0,0,1,8.837129230000073,53.082606902000066,Schwachhausen,Schwachhausen,POINT (8.837129230000073 53.08260690200007)
1408,11,2017,4,2,18,3,5,3,1,1,0,0,0,0,0,1,8.545340975000045,53.19427034000006,Blumenthal,Rönnebeck,POINT (8.545340975000045 53.19427034000006)
1409,11,2017,4,2,9,3,5,2,1,1,0,0,0,0,0,0,8.572745473000055,53.19514655100005,Blumenthal,Blumenthal,POINT (8.572745473000055 53.19514655100005)
1410,11,2017,4,2,10,3,5,3,1,1,0,0,0,0,0,0,8.625825505000023,53.182273587000054,Vegesack,Aumund-Hammersbeck,POINT (8.625825505000023 53.18227358700005)
1411,11,2017,4,2,16,3,5,3,1,1,0,0,0,0,0,1,8.716129042000034,53.17823056600008,Burglesum,Burgdamm,POINT (8.716129042000034 53.17823056600008)
1412,11,2017,4,2,7,3,5,3,1,1,0,0,0,0,0,0,8.870730029000072,53.09127798800006,Schwachhausen,Radio Bremen,POINT (8.870730029000072 53.09127798800006)
1413,12,2017,4,1,22,3,1,1,1,1,0,0,0,0,2,0,8.58212780100007,53.541810732000044,Mitte,Weddewarden,POINT (8.58212780100007 53.54181073200004)
1414,11,2017,4,7,21,3,3,6,1,1,0,0,0,0,1,0,8.838131632000056,53.06777665100003,Östliche Vorstadt,Peterswerder,POINT (8.838131632000056 53.06777665100003)
1415,11,2017,4,7,16,2,0,7,1,0,0,0,0,0,0,1,8.863965919000066,53.09346832700004,Horn-Lehe,Horn,POINT (8.863965919000066 53.09346832700004)
1416,11,2017,4,6,23,2,5,3,1,1,0,0,0,0,2,1,8.853992670000025,53.06610842200007,Hemelingen,Hastedt,POINT (8.853992670000025 53.06610842200007)
1417,11,2017,4,6,10,3,5,3,1,1,0,0,0,0,0,0,8.783286836000059,53.06972004700003,Neustadt,Hohentor,POINT (8.783286836000059 53.06972004700003)
1418,11,2017,4,5,22,2,0,7,1,0,0,0,0,0,2,0,8.734476199000028,53.04738024100004,Huchting,Kirchhuchting,POINT (8.734476199000028 53.04738024100004)
1419,11,2017,4,5,19,3,0,7,1,0,0,0,0,0,0,0,8.784876204000057,53.097373298000036,Walle,Westend,POINT (8.784876204000057 53.09737329800004)
1420,11,2017,4,5,8,3,5,3,1,1,0,0,0,0,0,0,8.762346716000025,53.11235970300004,Gröpelingen,Lindenhof,POINT (8.762346716000025 53.11235970300004)
1421,11,2017,4,4,10,3,3,6,1,0,0,0,0,1,0,0,8.697764388000053,53.17281676300007,Burglesum,Lesum,POINT (8.697764388000053 53.17281676300007)
1422,11,2017,4,4,16,3,1,5,1,1,0,0,0,0,0,0,8.82411852100006,53.07921703400007,Mitte,Ostertor,POINT (8.824118521000059 53.07921703400007)
1423,11,2017,4,4,9,3,5,2,1,1,0,0,0,0,0,0,8.784885471000052,53.10251179200003,Walle,Walle,POINT (8.784885471000052 53.10251179200003)
1424,11,2017,4,4,16,3,0,7,1,0,0,0,0,0,0,0,8.843773186000021,53.07436919700007,Östliche Vorstadt,Hulsberg,POINT (8.843773186000021 53.07436919700007)
1425,11,2017,4,4,7,3,5,3,1,1,0,0,0,0,0,0,8.882060555000066,53.07909741200007,Vahr,Neue Vahr Südwest,POINT (8.882060555000066 53.07909741200007)