,UKREIS,UJAHR,UMONAT,UWOCHENTAG,USTUNDE,UKATEGORIE,UART,UTYP1,IstRad,IstPKW,IstFuss,IstKrad,IstGkfz,IstSonstig,ULICHTVERH,STRZUSTAND,longitude,latitude,Stadtteil,Ortsteil,geometry
1426,12,2017,4,3,18,3,0,7,1,1,0,0,0,0,0,0,8.60731830900005,53.53721334700003,Geestemünde,Buschkämpen,POINT (8.60731830900005 53.53721334700003)
1427,11,2017,4,3,14,3,4,6,1,0,0,0,0,0,0,0,8.810637292000024,53.06236080000008,Neustadt,Buntentor,POINT (8.810637292000024 53.06236080000008)
1428,11,2017,4,3,7,3,6,4,1,0,1,0,0,0,0,1,8.810684380000055,53.08042223100006,Mitte,Bahnhofsvorstadt,POINT (8.810684380000055 53.08042223100006)
1429,11,2017,4,7,9,3,5,3,1,1,0,0,0,0,0,1,8.757841710000037,53.05835107900003,Huchting,Grolland,POINT (8.757841710000037 53.05835107900003)
1430,11,2017,4,7,11,3,5,3,1,1,0,0,0,0,0,0,8.754153124000027,53.08881024900006,Woltmershausen,Rablinghausen,POINT (8.754153124000027 53.08881024900006)
1431,11,2017,4,6,16,3,0,7,1,1,0,0,0,0,0,0,8.810710802000074,53.08367930400004,Mitte,Bahnhofsvorstadt,POINT (8.810710802000074 53.08367930400004)
1432,11,2017,4,5,18,3,4,6,1,0,0,0,0,0,0,0,8.804149464000034,53.07239225500007,Neustadt,Alte Neustadt,POINT (8.804149464000034 53.07239225500007)
1433,11,2017,4,5,8,3,5,3,1,1,0,0,0,0,0,1,8.882490129000075,53.10965755700005,Horn-Lehe,Lehesterdeich,POINT (8.882490129000075 53.10965755700005)
1434,11,2017,4,4,1,3,1,7,1,1,0,0,0,0,2,1,8.833647464000023,53.07403534500003,Östliche Vorstadt,Fesenfeld,POINT (8.833647464000023 53.07403534500003)
1435,11,2017,4,3,13,3,5,3,1,0,0,0,0,0,0,0,8.758016198000064,53.05783027500007,Huchting,Grolland,POINT (8.758016198000064 53.05783027500007)
1436,11,2017,4,3,9,3,5,3,1,1,0,0,0,0,0,0,8.798966810000024,53.10562814300005,Walle,Hohweg,POINT (8.798966810000024 53.10562814300005)
1437,11,2017,4,2,17,3,5,2,1,1,0,0,0,0,0,0,8.789874318000045,53.071512048000045,Neustadt,Hohentor,POINT (8.789874318000045 53.07151204800005)
1438,11,2017,4,2,15,3,0,1,1,0,0,0,0,0,0,0,8.830296717000067,53.07163151800006,Östliche Vorstadt,Steintor,POINT (8.830296717000067 53.07163151800006)
1439,11,2017,4,2,15,3,5,2,1,1,0,0,0,0,0,0,8.584578079000039,53.18144684200007,Blumenthal,Blumenthal,POINT (8.584578079000039 53.18144684200007)
1440,12,2017,4,1,11,3,0,7,1,0,0,0,0,0,0,0,8.615900774000067,53.58402488400003,Leherheide,Fehmoor,POINT (8.615900774000067 53.58402488400003)
1441,11,2017,4,1,17,3,5,3,1,1,0,0,0,0,0,0,8.785629269000026,53.07096506800008,Neustadt,Hohentor,POINT (8.785629269000026 53.07096506800008)
1442,11,2017,4,1,16,3,3,6,1,0,0,0,0,0,0,0,8.858998129000042,53.12457241000004,,Blockland,POINT (8.858998129000042 53.12457241000004)
1443,11,2017,4,7,14,3,5,3,1,1,0,0,0,0,0,0,8.740889150000044,53.053034884000056,Huchting,Mittelshuchting,POINT (8.740889150000044 53.05303488400006)
1444,12,2017,4,6,13,3,6,7,1,0,1,0,0,0,0,1,8.581948042000022,53.55281296700008,Lehe,Königsheide,POINT (8.581948042000022 53.55281296700008)
1445,11,2017,4,6,14,3,5,3,1,0,0,0,0,1,0,0,8.797512716000028,53.08042521700003,Mitte,Altstadt,POINT (8.797512716000028 53.08042521700003)
1446,11,2017,4,6,14,3,4,6,1,0,0,0,0,0,0,0,8.542197031000057,53.19028627400007,Blumenthal,Rönnebeck,POINT (8.542197031000057 53.19028627400007)
1447,11,2017,4,6,14,2,5,3,1,1,0,0,0,0,0,0,8.79755625100006,53.066536529000075,Neustadt,Südervorstadt,POINT (8.79755625100006 53.06653652900008)
1448,11,2017,4,6,8,3,5,3,1,1,0,0,0,0,0,0,8.787347314000044,53.07204920200007,Neustadt,Hohentor,POINT (8.787347314000044 53.07204920200007)
1449,12,2017,4,5,11,2,3,6,1,0,0,0,0,1,0,0,8.58883824700007,53.52516447100004,Geestemünde,Buschkämpen,POINT (8.588838247000069 53.52516447100004)
1450,11,2017,4,5,14,3,0,7,1,0,0,0,0,0,0,0,8.690915560000064,53.168783217000055,Burglesum,Lesum,POINT (8.690915560000064 53.16878321700005)
1451,11,2017,4,5,12,2,0,7,1,0,0,0,0,0,0,0,8.940395352000053,53.083970700000066,,,POINT (8.940395352000053 53.08397070000007)
1452,11,2017,4,5,18,3,0,1,1,0,0,0,0,0,0,0,8.679819714000075,53.172456441000065,Burglesum,Lesum,POINT (8.679819714000075 53.17245644100007)
1453,11,2017,4,5,16,3,0,1,1,0,0,0,0,0,0,0,8.832042217000037,53.07104316700003,Östliche Vorstadt,Steintor,POINT (8.832042217000037 53.07104316700003)
1454,11,2017,4,5,9,3,6,4,1,0,1,0,0,0,0,0,8.769323847000067,53.11443363800004,Gröpelingen,Gröpelingen,POINT (8.769323847000067 53.11443363800004)
1455,12,2017,4,4,17,3,1,5,1,1,0,0,0,0,0,0,8.598164095000072,53.53301895800007,Geestemünde,Buschkämpen,POINT (8.598164095000072 53.53301895800007)
1456,11,2017,4,4,19,3,6,2,1,0,1,0,0,0,0,0,8.804415224000024,53.08075552100007,Mitte,Bahnhofsvorstadt,POINT (8.804415224000024 53.08075552100007)
1457,11,2017,4,4,15,3,5,2,1,1,0,0,0,0,0,0,8.788662188000046,53.09818936000005,Walle,Westend,POINT (8.788662188000046 53.09818936000005)
1458,11,2017,4,4,8,3,5,2,1,0,0,0,0,1,0,0,8.828712860000053,53.072222088000046,Östliche Vorstadt,Steintor,POINT (8.828712860000053 53.07222208800005)
1459,11,2017,4,3,18,3,0,1,1,0,0,0,0,0,0,0,8.822520061000034,53.072884730000055,Mitte,Ostertor,POINT (8.822520061000034 53.07288473000006)
1460,11,2017,4,3,10,3,5,3,1,1,0,0,0,0,0,0,8.818128758000057,53.077729343000044,Mitte,Ostertor,POINT (8.818128758000057 53.07772934300004)
1461,11,2017,4,3,17,3,1,7,1,1,0,0,0,0,0,0,8.571707837000076,53.19619664600003,Blumenthal,Lüssum-Bockhorn,POINT (8.571707837000076 53.19619664600003)
1462,11,2017,4,3,15,3,5,2,1,1,0,0,0,0,0,0,8.819593258000054,53.075768104000076,Mitte,Ostertor,POINT (8.819593258000054 53.07576810400008)
1463,11,2017,4,3,18,3,5,3,1,1,0,0,0,0,0,0,8.823559353000064,53.044149696000034,Obervieland,Kattenturm,POINT (8.823559353000064 53.04414969600003)
1464,11,2017,4,3,15,3,5,3,1,1,0,0,0,0,0,0,8.818580079000071,53.05169326100008,Neustadt,Huckelriede,POINT (8.818580079000071 53.05169326100008)
1465,12,2017,4,2,13,3,5,3,1,1,0,0,0,0,0,0,8.593298680000032,53.55939167100007,Lehe,Königsheide,POINT (8.593298680000032 53.55939167100007)
1466,11,2017,4,2,14,3,5,3,1,0,0,0,0,0,0,0,8.793098041000064,53.06674440300003,Neustadt,Neustadt,POINT (8.793098041000064 53.06674440300003)
1467,11,2017,4,2,12,2,0,1,1,0,0,0,0,0,0,0,8.73938247500007,53.13451431200008,Gröpelingen,Oslebshausen,POINT (8.73938247500007 53.13451431200008)
1468,11,2017,4,2,11,3,5,3,1,1,0,0,0,0,0,0,8.901089459000048,53.089328427000055,,,POINT (8.901089459000048 53.08932842700005)
1469,11,2017,4,2,14,3,5,2,1,1,0,0,0,0,0,0,8.867988987000047,53.07293794800006,Hemelingen,Hastedt,POINT (8.867988987000047 53.07293794800006)
1470,11,2017,4,2,22,3,5,2,1,0,0,0,0,0,2,0,8.873034688000075,53.10065777300008,Horn-Lehe,Lehe,POINT (8.873034688000075 53.10065777300008)
1471,11,2017,4,1,15,3,0,3,1,0,0,0,0,1,0,0,8.779377347000036,53.10017318300004,Walle,Walle,POINT (8.779377347000036 53.10017318300004)
1472,11,2017,4,7,14,3,0,1,1,0,0,0,0,0,0,0,8.81187170800007,53.08185457900004,Mitte,Bahnhofsvorstadt,POINT (8.811871708000069 53.08185457900004)
1473,11,2017,3,6,22,3,1,7,1,1,0,0,0,0,2,0,8.837238529000047,53.06960027100007,Östliche Vorstadt,Peterswerder,POINT (8.837238529000047 53.06960027100007)
1474,11,2017,3,6,15,3,5,2,1,1,0,0,0,0,0,0,8.807286850000025,53.08213910200004,Mitte,Bahnhofsvorstadt,POINT (8.807286850000025 53.08213910200004)
1475,11,2017,3,6,12,3,5,2,1,1,0,0,0,0,0,0,8.736937128000022,53.047447645000034,Huchting,Kirchhuchting,POINT (8.736937128000022 53.04744764500003)
1476,11,2017,3,6,12,3,5,3,1,0,0,0,0,0,0,0,8.774752453000076,53.107982046000075,Walle,Walle,POINT (8.774752453000076 53.10798204600007)
1477,11,2017,3,6,16,3,5,3,1,1,0,0,0,0,0,0,8.760935286000063,53.12355843800003,Gröpelingen,Ohlenhof,POINT (8.760935286000063 53.12355843800003)
1478,12,2017,3,5,18,2,6,7,1,0,1,0,0,0,0,0,8.595101561000035,53.53033209100005,Geestemünde,Buschkämpen,POINT (8.595101561000035 53.53033209100005)
1479,11,2017,3,5,15,2,6,4,1,0,1,0,0,0,0,0,8.786012442000072,53.099343746000045,Walle,Westend,POINT (8.786012442000072 53.09934374600005)
1480,11,2017,3,5,4,2,0,7,1,0,0,0,0,0,2,1,8.884662830000025,53.07896277700007,Vahr,Neue Vahr Südwest,POINT (8.884662830000025 53.07896277700007)
1481,11,2017,3,5,12,3,0,1,1,0,0,0,0,0,0,0,8.807670651000024,53.07578002100007,Mitte,Altstadt,POINT (8.807670651000024 53.07578002100007)
1482,11,2017,3,5,18,3,1,5,1,1,0,0,0,0,0,0,8.936632574000043,53.038336377000064,Hemelingen,Mahndorf,POINT (8.936632574000043 53.03833637700006)
1483,12,2017,3,4,7,3,5,3,1,1,0,0,0,0,0,1,8.604313776000026,53.58794640200006,Leherheide,Fehmoor,POINT (8.604313776000026 53.58794640200006)
1484,11,2017,3,4,17,3,3,2,1,1,0,0,0,0,0,1,8.603954423000062,53.18462770100007,Vegesack,Aumund-Hammersbeck,POINT (8.603954423000062 53.18462770100007)
1485,11,2017,3,4,12,3,5,2,1,1,0,0,0,0,0,1,8.837390064000033,53.03784418600003,Obervieland,Arsten,POINT (8.837390064000033 53.03784418600003)
1486,11,2017,3,4,5,3,0,1,1,0,0,0,0,0,2,1,8.791488336000043,53.07477273100005,Neustadt,Alte Neustadt,POINT (8.791488336000043 53.07477273100005)
1487,11,2017,3,4,0,3,1,1,1,1,0,0,0,0,2,0,8.611722728000075,53.183342425000035,Vegesack,Fähr-Lobbendorf,POINT (8.611722728000075 53.18334242500003)
1488,12,2017,3,3,17,3,1,3,1,1,0,0,0,0,0,0,8.585884909000072,53.55925165800005,Lehe,Königsheide,POINT (8.585884909000072 53.55925165800005)
1489,11,2017,3,3,14,3,3,6,1,1,0,0,0,0,0,0,8.760789541000065,53.11512782900007,Gröpelingen,Gröpelingen,POINT (8.760789541000065 53.11512782900007)
1490,11,2017,3,3,15,3,3,5,1,1,0,0,0,0,0,0,8.779760105000037,53.099678667000035,Walle,Walle,POINT (8.779760105000037 53.09967866700003)
1491,11,2017,3,3,13,3,5,3,1,1,0,0,0,0,0,0,8.83833721800005,53.08139889700004,Schwachhausen,Gete,POINT (8.838337218000049 53.08139889700004)
1492,11,2017,3,3,22,3,0,1,1,0,0,0,0,0,2,0,8.877716766000049,53.08019217600008,Vahr,Neue Vahr Südwest,POINT (8.877716766000049 53.08019217600008)
1493,11,2017,3,3,16,2,0,1,1,1,0,0,0,0,0,0,8.87880414600005,53.11227233300008,Horn-Lehe,Lehesterdeich,POINT (8.87880414600005 53.11227233300008)
1494,11,2017,3,2,17,2,4,6,1,0,0,0,0,0,0,0,8.80521081300003,53.073027221000075,Mitte,Altstadt,POINT (8.805210813000031 53.07302722100007)
1495,11,2017,3,2,19,3,1,5,1,1,0,0,0,0,1,0,8.835890995000057,53.074158339000064,Östliche Vorstadt,Fesenfeld,POINT (8.835890995000057 53.07415833900006)
1496,11,2017,5,3,11,3,6,4,1,0,1,0,0,0,0,0,8.625758294000036,53.17253707900005,Vegesack,Vegesack,POINT (8.625758294000036 53.17253707900005)
1497,11,2017,3,2,6,3,5,2,1,1,0,0,0,0,0,0,8.788008577000028,53.06296183500007,Neustadt,Neustadt,POINT (8.788008577000028 53.06296183500007)
1498,11,2017,3,2,12,3,5,2,1,0,0,0,0,1,0,0,8.808220049000056,53.09459692100006,Findorff,Findorff-Bürgerweide,POINT (8.808220049000056 53.09459692100006)
1499,11,2017,6,3,13,3,5,3,1,1,0,0,0,0,0,0,8.713841629000058,53.17071829400004,Burglesum,Burgdamm,POINT (8.713841629000058 53.17071829400004)
1500,11,2017,6,3,20,3,3,2,1,1,0,0,0,0,0,0,8.791066435000062,53.091441598000074,Walle,Utbremen,POINT (8.791066435000062 53.09144159800007)
1501,11,2017,6,3,12,2,0,7,1,0,0,0,0,0,0,0,8.800409005000063,53.08445046600008,Mitte,Bahnhofsvorstadt,POINT (8.800409005000063 53.08445046600008)
1502,11,2017,6,3,16,2,6,4,1,0,1,0,0,0,0,0,8.797270450000042,53.080714208000074,Mitte,Altstadt,POINT (8.797270450000042 53.08071420800007)
1503,11,2017,6,2,9,3,5,3,1,1,0,0,0,0,0,0,8.640013009000029,53.174564892000035,Vegesack,Schönebeck,POINT (8.640013009000029 53.17456489200003)
1504,11,2017,6,2,14,3,5,2,1,1,0,0,0,0,0,0,8.80676111200006,53.08171886000008,Mitte,Bahnhofsvorstadt,POINT (8.806761112000061 53.08171886000008)
1505,11,2017,6,2,9,3,5,2,1,0,0,0,0,1,0,0,8.788164551000023,53.07647768100003,Neustadt,Alte Neustadt,POINT (8.788164551000023 53.07647768100003)
1506,11,2017,6,2,16,3,5,3,1,1,0,0,0,0,0,1,8.583551140000054,53.214329709000026,Blumenthal,Lüssum-Bockhorn,POINT (8.583551140000054 53.21432970900003)
1507,11,2017,6,1,14,3,0,1,1,0,0,0,0,0,0,0,8.782189667000068,53.123441796000066,Walle,Hohweg,POINT (8.782189667000068 53.12344179600007)
1508,11,2017,6,1,15,3,3,6,1,0,0,0,0,0,0,0,8.664779182000075,53.12134350200006,,Seehausen,POINT (8.664779182000075 53.12134350200006)
1509,11,2017,6,1,14,2,1,5,1,1,0,0,0,0,0,0,8.852099847000034,53.087650532000055,Schwachhausen,Riensberg,POINT (8.852099847000034 53.08765053200005)
1510,11,2017,6,7,10,2,5,3,1,1,0,0,0,0,0,0,8.80743846200005,53.094381902000066,Findorff,Regensburger Str.,POINT (8.80743846200005 53.09438190200007)
1511,11,2017,6,7,0,2,0,1,1,0,0,0,0,0,2,0,8.800196847000052,53.080355610000026,Mitte,Altstadt,POINT (8.800196847000052 53.08035561000003)
1512,11,2017,6,6,13,3,5,3,1,1,0,0,0,0,0,0,8.78412395600003,53.08949350700004,Walle,Überseestadt,POINT (8.78412395600003 53.08949350700004)
1513,11,2017,6,6,14,3,5,3,1,1,0,0,0,0,0,1,8.735153515000036,53.044000777000065,Huchting,Kirchhuchting,POINT (8.735153515000036 53.04400077700006)
1514,11,2017,6,6,15,2,4,7,1,0,0,0,0,0,0,1,8.853514636000057,53.08714015100003,Schwachhausen,Radio Bremen,POINT (8.853514636000057 53.08714015100003)
1515,11,2017,6,6,15,3,1,7,1,1,0,0,0,0,0,1,8.807120879000024,53.06021317600005,Neustadt,Huckelriede,POINT (8.807120879000024 53.06021317600005)
1516,12,2017,6,5,7,3,5,3,1,1,0,0,0,0,0,0,8.58837896500006,53.56651276800005,Lehe,Königsheide,POINT (8.588378965000061 53.56651276800005)
1517,11,2017,6,5,8,3,5,2,1,1,0,0,0,0,0,0,8.879470980000065,53.10138436600005,Horn-Lehe,Lehe,POINT (8.879470980000065 53.10138436600005)
1518,11,2017,6,5,13,3,5,3,1,1,0,0,0,0,0,0,8.765315069000053,53.11040253500005,Gröpelingen,Lindenhof,POINT (8.765315069000053 53.11040253500005)
1519,11,2017,6,5,15,3,5,3,1,1,0,0,0,0,0,0,8.841374421000069,53.09265942800005,Schwachhausen,Neu-Schwachhausen,POINT (8.841374421000069 53.09265942800005)
1520,11,2017,6,5,12,3,5,3,1,1,0,0,0,0,0,0,8.842758683000056,53.07229089100008,Östliche Vorstadt,Peterswerder,POINT (8.842758683000056 53.07229089100008)
1521,12,2017,6,4,13,3,5,3,1,0,0,0,0,1,0,1,8.590794966000033,53.54069990000005,Geestemünde,Buschkämpen,POINT (8.590794966000033 53.54069990000005)
1522,12,2017,6,4,12,2,5,2,1,1,0,0,0,0,0,1,8.598065535000046,53.58514746600008,Lehe,Königsheide,POINT (8.598065535000046 53.58514746600008)
1523,12,2017,6,4,16,3,3,2,1,1,0,0,0,0,0,1,8.58521309200006,53.557433521000064,Lehe,Königsheide,POINT (8.58521309200006 53.55743352100006)
1524,12,2017,6,4,15,3,5,3,1,1,0,0,0,0,0,1,8.597916013000031,53.533425641000065,Geestemünde,Buschkämpen,POINT (8.597916013000031 53.53342564100006)
1525,11,2017,6,4,13,3,5,2,1,1,0,0,0,0,0,1,8.852325333000067,53.08599152700003,Schwachhausen,Radio Bremen,POINT (8.852325333000067 53.08599152700003)
1526,11,2017,6,4,9,3,5,3,1,1,0,0,0,0,0,0,8.87566146200004,53.08249430400008,Schwachhausen,Radio Bremen,POINT (8.875661462000039 53.08249430400008)
1527,11,2017,6,4,10,3,5,2,1,1,0,0,0,0,0,1,8.704403060000061,53.155652591000035,Burglesum,Burg-Grambke,POINT (8.704403060000061 53.15565259100003)
1528,11,2017,6,4,16,3,5,3,1,0,0,0,0,0,0,0,8.803160899000034,53.08464130600004,Mitte,Bahnhofsvorstadt,POINT (8.803160899000034 53.08464130600004)
1529,11,2017,6,4,9,3,5,3,1,1,0,0,0,0,0,0,8.72262478700003,53.044142581000074,Huchting,Sodenmatt,POINT (8.722624787000029 53.04414258100007)
1530,11,2017,6,4,5,3,5,3,1,1,0,0,0,0,1,0,8.837340896000057,53.076836411000045,Östliche Vorstadt,Fesenfeld,POINT (8.837340896000057 53.07683641100004)
1531,11,2017,6,4,15,3,5,3,1,1,0,0,0,0,0,1,8.878352611000025,53.079519893000054,Vahr,Neue Vahr Südwest,POINT (8.878352611000025 53.07951989300005)
1532,12,2017,6,3,18,3,5,3,1,1,0,0,0,0,0,0,8.600203682000028,53.52876894000008,Geestemünde,Buschkämpen,POINT (8.600203682000028 53.52876894000008)
1533,11,2017,6,3,6,3,5,3,1,1,0,0,0,0,0,0,8.85659277600007,53.071372491000034,Hemelingen,Hastedt,POINT (8.85659277600007 53.07137249100003)
1534,11,2017,6,3,15,3,1,5,1,1,0,0,0,0,0,1,8.857379326000057,53.10893305600007,Horn-Lehe,Lehe,POINT (8.857379326000057 53.10893305600007)
1535,12,2017,6,2,14,3,5,3,1,1,0,0,0,0,0,0,8.582663655000033,53.544173252000064,Mitte,Weddewarden,POINT (8.582663655000033 53.54417325200006)
1536,12,2017,6,2,14,2,0,7,1,0,0,0,0,0,0,0,8.59759568100003,53.546003658000075,Geestemünde,Buschkämpen,POINT (8.59759568100003 53.54600365800007)
1537,11,2017,6,2,20,2,0,7,1,0,0,0,0,0,0,0,8.80722449500007,53.070560354000065,Neustadt,Alte Neustadt,POINT (8.807224495000071 53.07056035400007)
1538,12,2017,6,1,21,2,0,7,1,0,0,0,0,0,1,0,8.554895488000057,53.578512431000036,Häfen,Speckenbüttel,POINT (8.554895488000057 53.57851243100004)
1539,11,2017,6,1,11,3,0,3,1,1,0,0,0,0,0,0,8.720238589000076,53.03918299700007,,,POINT (8.720238589000076 53.03918299700007)
1540,12,2017,6,7,0,3,0,1,1,0,0,0,0,0,2,0,8.602855159000057,53.57034213500003,Lehe,Königsheide,POINT (8.602855159000057 53.57034213500003)
1541,12,2017,6,7,10,3,4,6,1,1,0,0,0,0,0,0,8.593666469000027,53.565776010000036,Lehe,Königsheide,POINT (8.593666469000027 53.56577601000004)
1542,11,2017,6,7,0,2,8,7,1,0,0,0,0,0,2,0,8.86378860900004,53.08229261500003,Vahr,Gartenstadt Vahr,POINT (8.863788609000039 53.08229261500003)
1543,11,2017,6,7,1,3,0,7,1,0,0,0,0,0,2,0,8.872215544000028,53.08051540300005,Vahr,Gartenstadt Vahr,POINT (8.872215544000028 53.08051540300005)
1544,12,2017,6,6,12,3,5,3,1,1,0,0,0,0,0,0,8.574872721000077,53.56055102400006,Lehe,Königsheide,POINT (8.574872721000077 53.56055102400006)
1545,12,2017,6,6,7,3,0,7,1,1,0,0,0,0,0,0,8.576764249000064,53.55233069800005,Mitte,Weddewarden,POINT (8.576764249000064 53.55233069800005)
1546,11,2017,6,6,15,3,5,3,1,1,0,0,0,0,0,0,8.78319543200007,53.08346699200007,Walle,Überseestadt,POINT (8.78319543200007 53.08346699200007)
1547,11,2017,6,6,16,3,4,6,1,0,0,0,0,0,0,0,8.82361293200006,53.07173710200004,Mitte,Ostertor,POINT (8.82361293200006 53.07173710200004)
1548,11,2017,6,6,16,2,4,6,1,0,0,0,0,0,0,0,8.83631573100007,53.09843402200005,Schwachhausen,Neu-Schwachhausen,POINT (8.83631573100007 53.09843402200005)
1549,11,2017,6,6,12,2,5,3,1,1,0,0,0,0,0,0,8.890564201000075,53.10891354200004,Horn-Lehe,Lehesterdeich,POINT (8.890564201000075 53.10891354200004)
1550,11,2017,6,6,10,3,5,3,1,1,0,0,0,0,0,0,8.890905534000069,53.08144239500007,Vahr,Neue Vahr Südwest,POINT (8.890905534000069 53.08144239500007)
1551,11,2017,6,5,14,3,4,6,1,0,0,0,0,0,0,0,8.890677846000074,53.08259832700003,Vahr,Neue Vahr Nord,POINT (8.890677846000074 53.08259832700003)
1552,11,2017,6,5,19,3,3,6,1,1,0,0,0,0,0,0,8.833582389000071,53.07982162700006,Schwachhausen,Gete,POINT (8.833582389000071 53.07982162700006)
1553,11,2017,6,5,17,3,5,3,1,1,0,0,0,0,0,0,8.739489175000074,53.055020881000075,Huchting,Mittelshuchting,POINT (8.739489175000074 53.05502088100008)
1554,11,2017,6,5,21,3,0,7,1,0,0,0,0,0,0,0,8.768684671000074,53.08321263700003,Woltmershausen,Woltmershausen,POINT (8.768684671000074 53.08321263700003)
1555,11,2017,6,5,11,3,0,1,1,0,0,0,0,0,0,0,8.871929824000063,53.09150510900008,Horn-Lehe,Horn,POINT (8.871929824000063 53.09150510900008)
1556,11,2017,6,5,10,3,5,7,1,1,0,0,0,0,0,0,8.605366606000075,53.17659919700003,Vegesack,Fähr-Lobbendorf,POINT (8.605366606000075 53.17659919700003)
1557,11,2017,6,5,7,3,6,4,1,0,1,0,0,0,0,0,8.788544559000059,53.07707545800008,Neustadt,Alte Neustadt,POINT (8.788544559000059 53.07707545800008)
1558,11,2017,5,4,16,3,4,6,1,0,0,0,0,0,0,0,8.899526265000077,53.09138879300008,Horn-Lehe,Horn,POINT (8.899526265000077 53.09138879300008)
1559,11,2017,5,4,15,3,5,2,1,1,0,0,0,0,0,0,8.886285014000066,53.071545481000044,Hemelingen,Sebaldsbrück,POINT (8.886285014000066 53.07154548100004)
1560,11,2017,5,4,19,3,6,7,1,0,1,0,0,0,0,0,8.823236398000063,53.076328509000064,Mitte,Ostertor,POINT (8.823236398000063 53.07632850900006)
1561,11,2017,5,4,18,3,1,1,1,1,0,0,0,0,0,0,8.855722187000026,53.070569601000045,Östliche Vorstadt,Hulsberg,POINT (8.855722187000026 53.07056960100005)
1562,11,2017,5,4,16,3,0,1,1,0,0,0,0,0,0,0,8.702730041000052,53.16832903000005,Burglesum,Burgdamm,POINT (8.702730041000052 53.16832903000005)
1563,11,2017,5,4,20,2,0,7,1,0,0,0,0,0,0,0,8.870062573000041,53.09713211300004,Horn-Lehe,Horn,POINT (8.870062573000041 53.09713211300004)
1564,11,2017,5,4,19,3,5,3,1,0,0,1,0,0,0,0,8.803402541000025,53.08032040300003,Mitte,Altstadt,POINT (8.803402541000025 53.08032040300003)
1565,11,2017,5,3,15,3,4,1,1,0,0,0,0,0,0,1,8.755725096000049,53.11885837900007,Gröpelingen,Ohlenhof,POINT (8.755725096000049 53.11885837900007)
1566,11,2017,5,3,17,3,0,7,1,0,0,0,0,0,0,0,8.835161653000057,53.09141753700004,Schwachhausen,Neu-Schwachhausen,POINT (8.835161653000057 53.09141753700004)
1567,11,2017,5,3,17,3,5,3,1,1,0,0,0,0,0,0,8.883740987000067,53.10839513600007,Horn-Lehe,Lehesterdeich,POINT (8.883740987000067 53.10839513600007)
1568,11,2017,5,3,16,3,4,1,1,0,0,0,0,0,0,0,8.840673078000066,53.10463613600007,Schwachhausen,Neu-Schwachhausen,POINT (8.840673078000066 53.10463613600007)
1569,11,2017,5,3,8,3,5,3,1,1,0,0,0,0,0,0,8.817099807000034,53.07880436200003,Mitte,Bahnhofsvorstadt,POINT (8.817099807000034 53.07880436200003)
1570,11,2017,5,3,11,2,0,7,1,0,0,0,0,0,0,0,8.95100463700004,53.04166266300007,Hemelingen,Mahndorf,POINT (8.95100463700004 53.04166266300007)
1571,11,2017,5,3,16,3,0,7,1,0,0,0,0,0,0,0,8.906771797000033,53.04014061700008,Hemelingen,Arbergen,POINT (8.906771797000033 53.04014061700008)
1572,11,2017,5,2,10,3,5,7,1,0,0,0,0,0,0,0,8.806772198000033,53.06046066300007,Neustadt,Huckelriede,POINT (8.806772198000033 53.06046066300007)
1573,11,2017,5,2,17,3,5,3,1,1,0,0,0,0,0,0,8.802241654000056,53.07948520800005,Mitte,Altstadt,POINT (8.802241654000056 53.07948520800005)
1574,11,2017,5,2,6,3,4,2,1,0,0,0,0,0,0,0,8.803871524000044,53.085198038000044,Mitte,Bahnhofsvorstadt,POINT (8.803871524000044 53.08519803800004)
1575,11,2017,5,2,11,3,5,7,1,0,0,0,0,1,0,0,8.816046431000075,53.07344516100005,Mitte,Ostertor,POINT (8.816046431000075 53.07344516100005)
1576,11,2017,5,2,7,3,5,3,1,1,0,0,0,0,0,0,8.89456311300006,53.07945943900006,Vahr,Neue Vahr Südost,POINT (8.894563113000061 53.07945943900006)
1577,11,2017,5,2,12,3,3,1,1,1,0,0,0,0,0,0,8.797718263000036,53.07673804900003,Neustadt,Alte Neustadt,POINT (8.797718263000036 53.07673804900003)
1578,12,2017,5,1,19,3,7,1,1,0,0,0,0,0,0,0,8.586100195000029,53.56115296200005,Lehe,Königsheide,POINT (8.586100195000029 53.56115296200005)
1579,12,2017,5,1,2,3,4,6,1,1,0,0,0,0,2,0,8.61701473200003,53.503471096000055,Wulsdorf,Geestemünde-Süd,POINT (8.61701473200003 53.50347109600006)
1580,11,2017,5,1,13,3,5,2,1,1,0,0,0,0,0,0,8.740076238000029,53.051411898000026,Huchting,Kirchhuchting,POINT (8.740076238000029 53.05141189800003)
1581,11,2017,5,1,17,3,5,3,1,1,0,0,0,0,0,0,8.886789282000052,53.10067299600007,Horn-Lehe,Lehesterdeich,POINT (8.886789282000052 53.10067299600007)
1582,12,2017,5,7,8,2,0,1,1,0,0,0,0,0,0,0,8.608800747000032,53.569607948000055,Lehe,Königsheide,POINT (8.608800747000032 53.56960794800005)
1583,12,2017,5,7,13,3,1,6,1,1,0,0,0,0,0,0,8.590243574000056,53.56535833700008,Lehe,Königsheide,POINT (8.590243574000056 53.56535833700008)