,UKREIS,UJAHR,UMONAT,UWOCHENTAG,USTUNDE,UKATEGORIE,UART,UTYP1,IstRad,IstPKW,IstFuss,IstKrad,IstGkfz,IstSonstig,ULICHTVERH,STRZUSTAND,longitude,latitude,Stadtteil,Ortsteil,geometry
1584,11,2017,5,7,12,3,5,3,1,0,0,0,0,1,0,0,8.810636205000037,53.08186393500006,Mitte,Bahnhofsvorstadt,POINT (8.810636205000037 53.08186393500006)
1585,11,2017,5,7,17,2,5,3,1,0,0,0,0,1,0,0,8.854280583000047,53.07068310100004,Östliche Vorstadt,Hulsberg,POINT (8.854280583000047 53.07068310100004)
1586,11,2017,5,7,11,2,5,3,1,1,0,0,0,0,0,0,8.818113911000069,53.07772607600003,Mitte,Ostertor,POINT (8.818113911000069 53.07772607600003)
1587,11,2017,5,7,13,3,2,6,1,0,0,0,0,0,0,0,8.78910247600004,53.07098253200007,Neustadt,Hohentor,POINT (8.789102476000039 53.07098253200007)
1588,12,2017,5,6,18,3,5,3,1,1,0,0,0,0,0,0,8.584667897000031,53.56071076600006,Lehe,Königsheide,POINT (8.584667897000031 53.56071076600006)
1589,12,2017,5,6,11,2,5,3,1,1,0,0,0,0,0,0,8.597446220000052,53.59126501700007,Leherheide,Fehmoor,POINT (8.597446220000052 53.59126501700007)
1590,11,2017,5,6,10,3,5,3,1,1,0,0,0,0,0,0,8.796991740000067,53.06854835400003,Neustadt,Südervorstadt,POINT (8.796991740000067 53.06854835400003)
1591,11,2017,5,6,18,3,5,3,1,0,0,0,0,0,0,0,8.908195813000077,53.071296861000064,Hemelingen,Sebaldsbrück,POINT (8.908195813000077 53.07129686100006)
1592,11,2017,5,6,17,3,0,7,1,0,1,0,0,0,0,0,8.788927224000076,53.09343518000003,Walle,Westend,POINT (8.788927224000076 53.09343518000003)
1593,11,2017,5,6,17,3,5,3,1,1,0,0,0,0,0,0,8.809627166000041,53.058447940000065,Neustadt,Huckelriede,POINT (8.809627166000041 53.05844794000006)
1594,11,2017,5,6,17,2,5,2,1,1,0,0,0,0,0,0,8.890661238000064,53.06303028000008,Hemelingen,Sebaldsbrück,POINT (8.890661238000064 53.06303028000008)
1595,11,2017,5,6,15,3,0,7,1,0,0,0,0,0,0,0,8.80379394800002,53.06663340700004,Neustadt,Buntentor,POINT (8.80379394800002 53.06663340700004)
1596,11,2017,5,5,18,3,6,7,1,0,1,0,0,0,0,0,8.828033146000053,53.071664303000034,Östliche Vorstadt,Steintor,POINT (8.828033146000053 53.07166430300003)
1597,11,2017,5,5,18,3,1,7,1,1,0,0,0,1,0,0,8.770303007000052,53.08226366800005,Woltmershausen,Woltmershausen,POINT (8.770303007000052 53.08226366800005)
1598,11,2017,5,5,18,3,3,6,1,1,0,0,0,0,0,0,8.722305603000052,53.15906601100005,Burglesum,Burg-Grambke,POINT (8.722305603000052 53.15906601100005)
1599,12,2017,5,4,8,3,5,3,1,1,0,0,0,0,0,0,8.63855602500007,53.530885295000076,Schiffdorferdamm,Buschkämpen,POINT (8.638556025000071 53.53088529500008)
1600,11,2017,5,4,18,3,5,3,1,1,0,0,0,0,0,0,8.723836771000038,53.04350758800007,Huchting,Sodenmatt,POINT (8.723836771000038 53.04350758800007)
1601,11,2017,5,4,8,3,3,2,1,1,0,0,0,0,0,0,8.837098604000062,53.082647974000054,Schwachhausen,Schwachhausen,POINT (8.837098604000062 53.08264797400005)
1602,12,2017,5,3,8,3,2,3,1,1,0,0,0,0,0,0,8.58588792200004,53.55927083900008,Lehe,Königsheide,POINT (8.58588792200004 53.55927083900008)
1603,12,2017,5,3,3,3,5,3,1,1,0,0,0,0,2,0,8.603934725000045,53.57422254100004,Lehe,Königsheide,POINT (8.603934725000045 53.57422254100004)
1604,11,2017,5,3,15,3,5,3,1,1,0,0,0,0,0,0,8.79262071100004,53.08270957000008,Mitte,Altstadt,POINT (8.792620711000041 53.08270957000008)
1605,11,2017,5,3,15,3,5,3,1,0,0,1,0,0,0,0,8.763515206000022,53.08638573700006,Woltmershausen,Woltmershausen,POINT (8.763515206000022 53.08638573700006)
1606,11,2017,5,3,13,3,5,2,1,1,0,0,0,0,0,0,8.785523615000045,53.07484878200006,Neustadt,Hohentor,POINT (8.785523615000045 53.07484878200006)
1607,12,2017,5,2,7,3,3,6,1,0,0,1,0,0,0,0,8.601111304000028,53.567257916000074,Lehe,Königsheide,POINT (8.601111304000028 53.56725791600007)
1608,11,2017,5,2,11,3,5,3,1,1,0,0,0,0,0,0,8.61895523800007,53.17914609600007,Vegesack,Vegesack,POINT (8.618955238000069 53.17914609600007)
1609,11,2017,5,2,18,3,1,7,1,1,0,0,0,0,0,0,8.80088164600005,53.07115495900007,Neustadt,Alte Neustadt,POINT (8.80088164600005 53.07115495900007)
1610,11,2017,5,2,15,3,5,2,1,0,0,0,0,1,0,0,8.791456620000076,53.09098241300006,Walle,Utbremen,POINT (8.791456620000076 53.09098241300006)
1611,11,2017,5,2,18,2,5,3,1,1,0,0,0,0,0,0,8.56200870400005,53.18331385700003,Blumenthal,Blumenthal,POINT (8.56200870400005 53.18331385700003)
1612,11,2017,5,7,19,3,0,1,1,0,0,0,0,0,0,0,8.80891966400003,53.090717821000055,Findorff,Findorff-Bürgerweide,POINT (8.80891966400003 53.09071782100006)
1613,11,2017,5,7,11,3,1,5,1,1,0,0,0,0,0,0,8.874067398000022,53.10420291600008,Horn-Lehe,Lehe,POINT (8.874067398000022 53.10420291600008)
1614,11,2017,5,7,18,3,1,5,1,1,0,0,0,0,0,0,8.788505543000042,53.069315937000056,Neustadt,Neustadt,POINT (8.788505543000042 53.06931593700006)
1615,12,2017,5,6,13,3,4,6,1,1,0,0,0,0,0,0,8.595369508000033,53.55742574300007,Lehe,Königsheide,POINT (8.595369508000033 53.55742574300007)
1616,12,2017,5,6,13,3,6,1,1,0,1,0,0,0,0,0,8.597742345000029,53.534802315000036,Geestemünde,Buschkämpen,POINT (8.597742345000029 53.53480231500004)
1617,12,2017,5,6,12,2,5,3,1,1,0,0,0,0,0,0,8.608843252000042,53.586876053000026,Leherheide,Fehmoor,POINT (8.608843252000042 53.58687605300003)
1618,12,2017,5,6,13,3,5,3,1,0,0,0,0,1,0,0,8.58837180100005,53.566510883000035,Lehe,Königsheide,POINT (8.588371801000051 53.56651088300003)
1619,11,2017,5,6,11,3,5,3,1,1,0,0,0,0,0,0,8.779420301000073,53.07605721900006,Woltmershausen,Woltmershausen,POINT (8.779420301000073 53.07605721900006)
1620,11,2017,5,6,7,3,1,7,1,1,0,0,0,0,0,0,8.842671332000066,53.06903801800007,Östliche Vorstadt,Peterswerder,POINT (8.842671332000066 53.06903801800007)
1621,11,2017,5,6,7,3,0,7,1,1,0,0,0,0,0,0,8.756883763000076,53.12578013000007,Gröpelingen,Ohlenhof,POINT (8.756883763000076 53.12578013000007)
1622,11,2017,5,6,15,3,3,6,1,1,0,0,0,0,0,0,8.787389229000041,53.062475074000076,Neustadt,Neuenland,POINT (8.787389229000041 53.06247507400008)
1623,11,2017,5,6,9,3,3,7,1,1,0,0,0,0,0,0,8.831055755000023,53.07478923600007,Östliche Vorstadt,Fesenfeld,POINT (8.831055755000023 53.07478923600007)
1624,11,2017,5,6,14,3,3,2,1,0,0,0,0,0,0,0,8.864964159000067,53.06687494500005,Hemelingen,Hastedt,POINT (8.864964159000067 53.06687494500005)
1625,12,2017,5,5,11,3,2,6,1,0,0,0,0,1,0,0,8.608532697000044,53.51841134400007,Geestemünde,Buschkämpen,POINT (8.608532697000044 53.51841134400007)
1626,12,2017,5,5,14,3,0,1,1,0,0,0,0,0,0,0,8.597163547000036,53.53598263500004,Geestemünde,Buschkämpen,POINT (8.597163547000036 53.53598263500004)
1627,11,2017,5,5,12,3,5,3,1,1,0,0,0,0,0,0,8.893336653000063,53.08242836200003,Vahr,Neue Vahr Südost,POINT (8.893336653000063 53.08242836200003)
1628,12,2017,5,4,16,3,0,1,1,0,0,0,0,0,0,0,8.594477106000056,53.53147781600006,Geestemünde,Buschkämpen,POINT (8.594477106000056 53.53147781600006)
1629,11,2017,5,4,16,2,0,1,1,0,0,0,0,0,0,0,8.65032721800003,53.18122875700004,Vegesack,Schönebeck,POINT (8.650327218000029 53.18122875700004)
1630,11,2017,5,4,19,3,0,1,1,0,0,0,0,0,0,0,8.856124802000068,53.066795796000065,Hemelingen,Hastedt,POINT (8.856124802000068 53.06679579600006)
1631,11,2017,5,4,16,3,5,3,1,1,0,0,0,0,0,0,8.686084571000038,53.173313335000046,Burglesum,Lesum,POINT (8.686084571000038 53.17331333500005)
1632,11,2017,5,4,18,3,3,6,1,1,0,0,0,0,0,0,8.854310075000058,53.08212644500003,Schwachhausen,Gete,POINT (8.854310075000058 53.08212644500003)
1633,11,2017,5,4,7,3,0,1,1,0,0,0,0,0,0,0,8.805132361000062,53.10017050000005,Findorff,Regensburger Str.,POINT (8.805132361000062 53.10017050000005)
1634,11,2017,5,3,16,3,5,3,1,1,0,0,0,0,0,0,8.836905586000057,53.09927630800007,Schwachhausen,Neu-Schwachhausen,POINT (8.836905586000057 53.09927630800007)
1635,11,2017,5,3,12,3,5,2,1,0,0,0,0,0,0,0,8.802555016000042,53.097422678000044,Findorff,Regensburger Str.,POINT (8.802555016000042 53.09742267800004)
1636,11,2017,5,3,16,3,4,6,1,0,0,0,0,0,0,0,8.802054377000047,53.094574297000065,Findorff,Regensburger Str.,POINT (8.802054377000047 53.09457429700007)
1637,11,2017,5,3,7,3,3,5,1,1,0,0,0,0,0,1,8.809374083000023,53.07770376000008,Mitte,Altstadt,POINT (8.809374083000023 53.07770376000008)
1638,11,2017,5,3,13,3,5,3,1,1,0,0,0,0,0,1,8.717266535000022,53.17292340000006,Burglesum,Burgdamm,POINT (8.717266535000022 53.17292340000006)
1639,11,2017,5,3,9,3,4,6,1,0,0,0,0,0,0,1,8.91012723600005,53.09309649700003,,,POINT (8.910127236000051 53.09309649700003)
1640,12,2017,5,2,14,3,5,3,1,1,0,0,0,0,0,0,8.590782055000034,53.54066817700004,Geestemünde,Buschkämpen,POINT (8.590782055000034 53.54066817700004)
1641,11,2017,5,2,15,2,5,3,1,1,0,0,0,0,0,0,8.661638584000059,53.16709569800008,Burglesum,St.Magnus,POINT (8.661638584000059 53.16709569800008)
1642,11,2017,5,2,9,3,0,1,1,0,0,0,0,0,0,0,8.81096272600007,53.09251775100006,Findorff,Weidedamm,POINT (8.810962726000071 53.09251775100006)
1643,12,2017,5,1,13,3,0,1,1,0,0,0,0,0,0,0,8.590581342000064,53.53069562600007,Geestemünde,Buschkämpen,POINT (8.590581342000064 53.53069562600007)
1644,11,2017,5,1,8,3,0,7,1,0,0,0,0,1,0,0,8.89075385800004,53.07144129400007,Hemelingen,Sebaldsbrück,POINT (8.890753858000039 53.07144129400007)
1645,11,2017,5,1,12,2,5,3,1,0,0,0,0,0,0,0,8.816512614000032,53.070167224000045,Mitte,Ostertor,POINT (8.816512614000032 53.07016722400004)
1646,11,2017,5,1,21,3,1,5,1,1,0,0,0,0,2,1,8.831784076000076,53.08600037200006,Schwachhausen,Bürgerpark,POINT (8.831784076000076 53.08600037200006)
1647,11,2017,5,1,18,3,0,1,1,0,0,0,0,0,1,1,8.806823178000059,53.089673583000035,Findorff,Findorff-Bürgerweide,POINT (8.806823178000059 53.08967358300004)
1648,11,2017,5,1,15,3,4,6,1,1,0,0,0,0,0,0,8.934548353000025,53.09215115000006,,,POINT (8.934548353000025 53.09215115000006)
1649,12,2017,5,7,12,3,3,2,1,1,0,0,0,0,0,0,8.594980512000063,53.57019442200004,Lehe,Königsheide,POINT (8.594980512000063 53.57019442200004)
1650,11,2017,5,7,12,3,2,7,1,1,0,0,0,0,0,0,8.707971238000027,53.17642486300008,Burglesum,Burgdamm,POINT (8.707971238000027 53.17642486300008)
1651,12,2017,5,6,12,3,5,3,1,1,0,0,0,0,0,1,8.591068948000043,53.54152254600007,Geestemünde,Buschkämpen,POINT (8.591068948000043 53.54152254600007)
1652,11,2017,5,6,10,3,5,3,1,1,0,0,0,0,0,1,8.858541772000024,53.11028585400004,Horn-Lehe,Lehe,POINT (8.858541772000024 53.11028585400004)
1653,11,2017,5,6,11,2,0,1,1,0,0,0,0,0,0,0,8.901627443000052,53.125264438000045,,Borgfeld,POINT (8.901627443000052 53.12526443800004)
1654,12,2017,5,5,17,3,3,6,1,0,0,0,0,1,0,0,8.563983392000068,53.58907779000003,Lehe,Königsheide,POINT (8.563983392000068 53.58907779000003)
1655,11,2017,5,5,6,3,4,6,1,0,0,0,0,0,0,0,8.713813870000024,53.14174356400008,Burglesum,Burg-Grambke,POINT (8.713813870000024 53.14174356400008)
1656,11,2017,5,5,13,3,4,2,1,0,0,0,0,0,0,0,8.913178822000077,53.119445581000036,,Borgfeld,POINT (8.913178822000077 53.11944558100004)
1657,11,2017,5,5,17,3,5,2,1,1,0,0,0,0,0,0,8.854447710000045,53.08242681200005,Vahr,Gartenstadt Vahr,POINT (8.854447710000045 53.08242681200005)
1658,12,2017,5,4,13,3,8,1,1,0,0,0,0,0,0,0,8.597850356000038,53.58347345000004,Lehe,Königsheide,POINT (8.597850356000038 53.58347345000004)
1659,11,2017,5,4,19,3,5,2,1,1,0,0,0,0,0,0,8.80559661600006,53.09086403200007,Findorff,Findorff-Bürgerweide,POINT (8.805596616000059 53.09086403200007)
1660,11,2017,5,4,13,2,0,7,1,0,0,0,0,0,0,0,8.589438366000024,53.183151664000036,Blumenthal,Blumenthal,POINT (8.589438366000024 53.18315166400004)
1661,11,2017,7,1,11,2,1,7,1,1,0,0,0,0,0,0,8.94830401400003,53.065982441000074,Osterholz,Ellenerbrok-Schevemoor,POINT (8.94830401400003 53.06598244100007)
1662,11,2017,7,1,11,3,1,5,1,1,0,0,0,0,0,0,8.848321344000055,53.08886191800008,Schwachhausen,Riensberg,POINT (8.848321344000055 53.08886191800008)
1663,12,2017,7,6,12,3,5,3,1,1,0,0,0,0,0,0,8.589107642000045,53.53323868600006,Geestemünde,Buschkämpen,POINT (8.589107642000045 53.53323868600006)
1664,11,2017,7,6,8,3,0,1,1,0,0,0,0,0,0,0,8.901981801000034,53.073389794000036,Hemelingen,Sebaldsbrück,POINT (8.901981801000034 53.07338979400004)
1665,11,2017,7,6,17,3,5,3,1,1,0,0,0,0,0,0,8.944626541000048,53.06587919700007,Osterholz,Ellenerbrok-Schevemoor,POINT (8.944626541000048 53.06587919700007)
1666,11,2017,7,5,16,3,5,3,1,1,0,0,0,0,0,0,8.866429261000064,53.103693400000054,Horn-Lehe,Lehe,POINT (8.866429261000064 53.10369340000005)
1667,11,2017,7,5,15,3,5,3,1,1,0,0,0,0,0,0,8.890795678000075,53.05721156000004,Hemelingen,Hemelingen,POINT (8.890795678000075 53.05721156000004)
1668,11,2017,7,4,16,3,4,6,1,0,0,0,0,0,0,0,8.805605248000063,53.08118198200003,Mitte,Bahnhofsvorstadt,POINT (8.805605248000063 53.08118198200003)
1669,11,2017,7,4,17,3,6,4,1,0,1,0,0,0,0,0,8.834579766000047,53.03924500000005,Obervieland,Kattenturm,POINT (8.834579766000047 53.03924500000005)
1670,11,2017,7,4,16,2,5,3,1,1,0,0,0,0,0,0,8.882049123000058,53.079097525000066,Vahr,Neue Vahr Südwest,POINT (8.882049123000058 53.07909752500007)
1671,11,2017,7,4,15,2,3,7,1,0,0,0,0,0,0,0,8.863270864000071,53.09921148400008,Horn-Lehe,Lehe,POINT (8.863270864000071 53.09921148400008)
1672,11,2017,7,3,17,3,5,2,1,1,0,0,0,0,0,1,8.796330104000049,53.08263080100005,Mitte,Altstadt,POINT (8.796330104000049 53.08263080100005)
1673,11,2017,7,3,9,3,1,5,1,1,0,0,0,0,0,1,8.902812706000077,53.048698985000044,Hemelingen,Hemelingen,POINT (8.902812706000077 53.04869898500004)
1674,11,2017,7,2,15,3,0,7,1,1,0,0,0,0,0,0,8.857509287000028,53.066607445000045,Hemelingen,Hastedt,POINT (8.857509287000028 53.06660744500005)
1675,11,2017,7,2,12,3,5,2,1,1,0,0,0,0,0,0,8.788585241000021,53.10332719200005,Walle,Osterfeuerberg,POINT (8.788585241000021 53.10332719200005)
1676,11,2017,7,2,20,2,5,3,1,1,0,0,0,0,2,1,8.892866157000071,53.082440260000055,Vahr,Neue Vahr Südost,POINT (8.892866157000071 53.08244026000006)
1677,11,2017,7,1,0,3,5,3,1,1,0,0,0,0,2,1,8.626954175000037,53.16976134600003,Vegesack,Vegesack,POINT (8.626954175000037 53.16976134600003)
1678,11,2017,7,7,11,3,6,4,1,0,1,0,0,0,0,1,8.805609779000065,53.081183905000046,Mitte,Bahnhofsvorstadt,POINT (8.805609779000065 53.08118390500005)
1679,11,2017,7,7,23,3,4,6,1,0,0,0,0,0,2,0,8.82638158900005,53.07868954400004,Östliche Vorstadt,Fesenfeld,POINT (8.82638158900005 53.07868954400004)
1680,11,2017,7,7,7,3,5,2,1,1,0,0,0,0,0,0,8.761148667000043,53.12132059700008,Gröpelingen,Gröpelingen,POINT (8.761148667000043 53.12132059700008)
1681,11,2017,7,6,13,3,0,7,1,1,0,0,0,0,0,0,8.814976632000025,53.07971943100006,Mitte,Bahnhofsvorstadt,POINT (8.814976632000025 53.07971943100006)
1682,11,2017,7,6,14,3,0,7,1,0,0,0,0,0,0,0,8.773866562000023,53.09994587700004,Walle,Überseestadt,POINT (8.773866562000023 53.09994587700004)
1683,11,2017,7,6,14,3,0,7,1,0,0,0,0,0,0,0,8.772862022000027,53.100613828000064,Walle,Überseestadt,POINT (8.772862022000027 53.10061382800006)
1684,11,2017,7,6,19,2,2,6,1,0,0,0,0,0,0,0,8.812361476000035,53.07131372400005,Mitte,Altstadt,POINT (8.812361476000035 53.07131372400005)
1685,11,2017,7,6,14,3,5,3,1,1,0,0,0,0,0,0,8.838127454000073,53.08218308800008,Schwachhausen,Gete,POINT (8.838127454000073 53.08218308800008)
1686,11,2017,7,5,13,3,0,7,1,0,0,0,0,0,0,0,8.823660539000059,53.07300971800004,Östliche Vorstadt,Steintor,POINT (8.823660539000059 53.07300971800004)
1687,11,2017,7,5,18,3,5,3,1,0,0,0,0,0,0,0,8.766590149000024,53.115342455000075,Gröpelingen,Gröpelingen,POINT (8.766590149000024 53.11534245500008)
1688,11,2017,7,5,8,3,5,3,1,1,0,0,0,0,0,0,8.730855796000071,53.09162355600006,Häfen,Neustädter Hafen,POINT (8.730855796000071 53.09162355600006)
1689,11,2017,7,4,12,3,4,7,1,1,0,0,0,0,0,0,8.742624785000032,53.13026649200003,Gröpelingen,Oslebshausen,POINT (8.742624785000032 53.13026649200003)
1690,11,2017,7,4,13,3,6,4,1,0,1,0,0,0,0,0,8.62817430900003,53.18655753000007,Vegesack,Aumund-Hammersbeck,POINT (8.62817430900003 53.18655753000007)
1691,11,2017,7,4,22,2,0,7,1,0,0,0,0,0,2,1,8.870859108000047,53.09136806200007,Schwachhausen,Radio Bremen,POINT (8.870859108000047 53.09136806200007)
1692,11,2017,7,4,6,3,5,2,1,1,0,0,0,0,0,0,8.92338628400006,53.059346994000066,Osterholz,Osterholz,POINT (8.92338628400006 53.05934699400007)
1693,11,2017,7,3,21,3,5,3,1,1,0,0,0,0,0,0,8.93241432000002,53.06418448000005,Osterholz,Ellenerbrok-Schevemoor,POINT (8.932414320000021 53.06418448000005)
1694,11,2017,7,3,15,3,5,3,1,1,0,0,0,0,0,0,8.811416290000068,53.08033371200003,Mitte,Bahnhofsvorstadt,POINT (8.811416290000068 53.08033371200003)
1695,11,2017,7,3,15,3,4,2,1,1,0,0,0,0,0,0,8.728643224000052,53.03887633200003,Huchting,Kirchhuchting,POINT (8.728643224000052 53.03887633200003)
1696,11,2017,7,3,6,3,0,1,1,0,0,0,0,0,0,0,8.831281836000073,53.085875058000056,Schwachhausen,Bürgerpark,POINT (8.831281836000073 53.08587505800006)
1697,11,2017,7,3,17,2,5,3,1,0,0,0,0,1,0,0,8.901173154000048,53.07886855400005,Vahr,Neue Vahr Südost,POINT (8.901173154000048 53.07886855400005)
1698,11,2017,7,2,10,3,5,2,1,1,0,0,0,0,0,0,8.862872324000023,53.07147351700007,Hemelingen,Hastedt,POINT (8.862872324000023 53.07147351700007)
1699,11,2017,7,2,11,3,5,2,1,1,0,0,0,0,0,0,8.62618248800004,53.18384330600003,Vegesack,Aumund-Hammersbeck,POINT (8.62618248800004 53.18384330600003)
1700,11,2017,7,2,18,3,1,5,1,1,0,0,0,0,0,0,8.802843265000035,53.06720932400003,Neustadt,Buntentor,POINT (8.802843265000035 53.06720932400003)
1701,11,2017,7,1,15,3,0,1,1,0,0,0,0,0,0,1,8.819872616000055,53.08080334200008,Mitte,Bahnhofsvorstadt,POINT (8.819872616000055 53.08080334200008)
1702,11,2017,7,7,10,3,0,1,1,0,0,0,0,0,0,0,8.898488747000044,53.13467503900006,,Borgfeld,POINT (8.898488747000044 53.13467503900006)
1703,12,2017,7,6,16,3,5,3,1,1,0,0,0,0,0,0,8.59283418800004,53.55857159700008,Lehe,Königsheide,POINT (8.59283418800004 53.55857159700008)
1704,11,2017,7,6,14,3,0,7,1,0,0,0,0,0,0,0,8.978498029000036,53.13074098700008,,Borgfeld,POINT (8.978498029000036 53.13074098700008)
1705,11,2017,7,6,16,3,5,3,1,1,0,0,0,0,0,0,8.948427912000056,53.05803543900004,Osterholz,Ellenerbrok-Schevemoor,POINT (8.948427912000056 53.05803543900004)
1706,11,2017,7,6,16,3,5,3,1,0,0,0,0,1,0,0,8.698987472000056,53.09259441900008,,Strom,POINT (8.698987472000056 53.09259441900008)
1707,11,2017,7,6,15,3,1,5,1,1,0,0,0,0,0,0,8.831992072000048,53.07105786900007,Östliche Vorstadt,Steintor,POINT (8.831992072000048 53.07105786900007)
1708,11,2017,7,6,15,3,5,3,1,1,0,0,0,0,0,0,8.711037673000021,53.148331590000055,Burglesum,Burg-Grambke,POINT (8.711037673000021 53.14833159000005)
1709,11,2017,7,6,11,3,0,7,1,0,0,0,0,1,0,0,8.947109173000058,53.05281468600003,Osterholz,Osterholz,POINT (8.947109173000058 53.05281468600003)
1710,11,2017,7,6,15,3,5,3,1,1,0,0,0,0,0,0,8.74880749700003,53.12488157400003,Gröpelingen,Ohlenhof,POINT (8.74880749700003 53.12488157400003)
1711,11,2017,7,6,5,2,5,2,1,1,0,0,0,0,0,0,8.86996748200005,53.06186273800006,Hemelingen,Hastedt,POINT (8.86996748200005 53.06186273800006)
1712,11,2017,7,5,15,3,5,7,1,0,0,0,0,1,0,0,8.78079503400005,53.05798939500005,Neustadt,Neuenland,POINT (8.78079503400005 53.05798939500005)
1713,11,2017,7,5,8,3,3,2,1,1,0,0,0,0,0,0,8.81694368500007,53.07855047000004,Mitte,Ostertor,POINT (8.816943685000069 53.07855047000004)
1714,11,2017,7,5,14,3,2,6,1,0,0,0,0,0,0,0,8.79662490800007,53.08922580500007,Walle,Utbremen,POINT (8.796624908000069 53.08922580500007)
1715,11,2017,7,4,9,3,5,3,1,1,0,0,0,0,0,1,8.787011169000039,53.08292397800005,Walle,Überseestadt,POINT (8.787011169000039 53.08292397800005)
1716,11,2017,7,4,11,3,5,2,1,0,0,0,0,1,0,1,8.785411562000036,53.08867701300005,Walle,Überseestadt,POINT (8.785411562000036 53.08867701300005)
1717,11,2017,7,4,19,3,1,7,1,1,0,0,0,0,0,0,8.845574673000044,53.08652368300005,Schwachhausen,Schwachhausen,POINT (8.845574673000044 53.08652368300005)
1718,11,2017,7,4,15,3,5,2,1,1,0,0,0,0,0,1,8.878419200000053,53.07906566400004,Vahr,Gartenstadt Vahr,POINT (8.878419200000053 53.07906566400004)
1719,12,2017,7,3,14,3,2,6,1,1,0,0,0,0,0,0,8.579687109000076,53.54533468600005,Mitte,Weddewarden,POINT (8.579687109000076 53.54533468600005)
1720,12,2017,7,2,9,2,0,7,1,0,0,0,0,0,0,0,8.554787820000058,53.57853246600007,Häfen,Speckenbüttel,POINT (8.554787820000058 53.57853246600007)
1721,11,2017,7,2,17,3,0,5,1,1,0,0,0,0,0,1,8.892466873000046,53.083053877000054,Vahr,Neue Vahr Nord,POINT (8.892466873000046 53.08305387700005)
1722,11,2017,7,2,18,3,0,5,1,1,0,0,0,0,0,0,8.823328631000038,53.03135454800008,Obervieland,Kattenesch,POINT (8.823328631000038 53.03135454800008)
1723,11,2017,7,2,15,3,5,2,1,1,0,0,0,0,0,0,8.811211540000045,53.08012273000003,Mitte,Bahnhofsvorstadt,POINT (8.811211540000045 53.08012273000003)
1724,11,2017,7,2,16,3,4,2,1,1,0,0,0,0,0,0,8.814028584000027,53.10041614800008,Findorff,Weidedamm,POINT (8.814028584000027 53.10041614800008)
1725,11,2017,7,2,0,3,3,6,1,1,0,0,0,0,2,0,8.830829719000064,53.07439386500005,Östliche Vorstadt,Steintor,POINT (8.830829719000064 53.07439386500005)
1726,11,2017,7,1,11,3,5,2,1,1,0,0,0,0,0,0,8.835523330000058,53.03532964400006,Obervieland,Arsten,POINT (8.835523330000058 53.03532964400006)
1727,11,2017,7,1,14,2,1,7,1,1,0,0,0,0,0,0,8.638887117000024,53.18166230600008,Vegesack,Schönebeck,POINT (8.638887117000024 53.18166230600008)
1728,11,2017,7,7,22,3,4,6,1,0,0,0,0,0,2,0,8.851930723000066,53.05582565900005,Obervieland,Habenhausen,POINT (8.851930723000066 53.05582565900005)
1729,11,2017,7,7,0,3,6,4,1,0,1,0,0,0,2,0,8.808233047000044,53.07450224400003,Mitte,Altstadt,POINT (8.808233047000044 53.07450224400003)
1730,11,2017,7,7,0,3,0,1,1,0,0,0,0,0,2,0,8.843701097000064,53.06686279100006,Östliche Vorstadt,Peterswerder,POINT (8.843701097000064 53.06686279100006)
1731,12,2017,7,6,9,3,5,3,1,1,0,0,0,0,0,0,8.536987300000021,53.60522221700006,Weddewarden,Speckenbüttel,POINT (8.536987300000021 53.60522221700006)
1732,12,2017,7,6,16,3,6,1,1,0,1,0,0,0,0,0,8.543209622000063,53.58698108300007,Häfen,Speckenbüttel,POINT (8.543209622000063 53.58698108300007)
1733,11,2017,7,6,16,3,5,2,1,1,0,0,0,0,0,0,8.896288665000043,53.08241977700004,Vahr,Neue Vahr Nord,POINT (8.896288665000043 53.08241977700004)
1734,11,2017,7,6,8,3,0,7,1,0,0,0,0,0,0,0,8.75280616300006,53.121392273000026,Gröpelingen,Ohlenhof,POINT (8.752806163000059 53.12139227300003)
1735,11,2017,7,5,17,3,6,4,1,0,1,0,0,0,0,0,8.851933236000036,53.05830977900007,Obervieland,Habenhausen,POINT (8.851933236000036 53.05830977900007)
1736,11,2017,7,5,8,3,3,6,1,0,0,0,0,0,0,0,8.826258078000023,53.07931954700007,Mitte,Ostertor,POINT (8.826258078000023 53.07931954700007)
1737,11,2017,7,5,23,3,4,6,1,0,0,0,0,0,2,0,8.824674853000033,53.08459472000004,Schwachhausen,Bürgerpark,POINT (8.824674853000033 53.08459472000004)
1738,11,2017,7,4,13,3,0,1,1,0,0,0,0,0,0,0,8.819186352000031,53.07254097100008,Mitte,Ostertor,POINT (8.819186352000031 53.07254097100008)
1739,11,2017,7,4,14,3,4,2,1,1,0,0,0,0,0,0,8.784345037000037,53.09638861800005,Walle,Westend,POINT (8.784345037000037 53.09638861800005)
1740,11,2017,7,4,15,3,4,6,1,1,0,0,0,0,0,0,8.801389989000029,53.09064609300003,Findorff,Findorff-Bürgerweide,POINT (8.801389989000029 53.09064609300003)