,UKREIS,UJAHR,UMONAT,UWOCHENTAG,USTUNDE,UKATEGORIE,UART,UTYP1,IstRad,IstPKW,IstFuss,IstKrad,IstGkfz,IstSonstig,ULICHTVERH,STRZUSTAND,longitude,latitude,Stadtteil,Ortsteil,geometry
1741,11,2017,7,4,16,3,0,3,1,0,0,0,0,1,0,0,8.893974228000047,53.05453551900007,Hemelingen,Hemelingen,POINT (8.893974228000047 53.05453551900007)
1742,11,2017,7,4,19,3,3,6,1,0,0,0,0,0,0,0,8.843399856000076,53.072170619000076,Östliche Vorstadt,Hulsberg,POINT (8.843399856000076 53.07217061900008)
1743,11,2017,7,4,7,3,5,3,1,1,0,0,0,0,0,1,8.876445283000066,53.09119565700007,Horn-Lehe,Horn,POINT (8.876445283000066 53.09119565700007)
1744,11,2017,7,4,9,3,5,3,1,1,0,0,0,0,0,0,8.872445167000024,53.06312661100003,Hemelingen,Hastedt,POINT (8.872445167000024 53.06312661100003)
1745,11,2017,7,4,11,2,1,7,1,1,0,0,0,0,0,0,8.847234582000056,53.03301790800003,Obervieland,Arsten,POINT (8.847234582000056 53.03301790800003)
1746,11,2017,7,3,19,3,4,6,1,1,0,0,0,0,0,0,8.794717933000072,53.05526003600005,Neustadt,Neuenland,POINT (8.794717933000072 53.05526003600005)
1747,11,2017,7,3,9,3,5,2,1,0,0,0,0,1,0,0,8.88615148100007,53.078957176000074,Vahr,Neue Vahr Südwest,POINT (8.88615148100007 53.07895717600007)
1748,12,2017,7,2,5,3,5,2,1,1,0,0,0,0,0,0,8.611905444000058,53.58760175500004,Leherheide,Fehmoor,POINT (8.611905444000058 53.58760175500004)
1749,11,2017,7,2,14,3,1,5,1,0,0,0,0,0,0,0,8.814603798000064,53.081313556000055,Mitte,Bahnhofsvorstadt,POINT (8.814603798000064 53.08131355600005)
1750,11,2017,7,2,18,3,1,5,1,1,0,0,0,0,0,0,8.823338008000064,53.07255263600007,Mitte,Ostertor,POINT (8.823338008000064 53.07255263600007)
1751,11,2017,7,2,20,3,5,3,1,1,0,0,0,0,0,0,8.799132563000057,53.06944918000005,Neustadt,Alte Neustadt,POINT (8.799132563000057 53.06944918000005)
1752,11,2017,7,2,13,2,5,3,1,1,0,0,0,0,0,0,8.776849441000024,53.05345943400005,Neustadt,Neuenland,POINT (8.776849441000024 53.05345943400005)
1753,11,2017,7,2,13,3,1,5,1,1,0,0,0,0,0,0,8.801427884000077,53.06808243000006,Neustadt,Südervorstadt,POINT (8.801427884000077 53.06808243000006)
1754,11,2017,7,2,17,3,5,3,1,1,0,0,0,0,0,0,8.941745574000038,53.03812270200007,Hemelingen,Mahndorf,POINT (8.941745574000038 53.03812270200007)
1755,12,2017,7,1,17,3,5,3,1,1,0,0,0,0,0,0,8.598159088000045,53.57017188600008,Lehe,Königsheide,POINT (8.598159088000045 53.57017188600008)
1756,11,2017,7,7,22,3,0,7,1,1,0,0,0,0,1,0,8.893112964000068,53.060377850000066,Hemelingen,Sebaldsbrück,POINT (8.893112964000068 53.06037785000007)
1757,12,2017,6,6,11,3,5,3,1,1,0,0,0,0,0,1,8.586300143000074,53.51694084800005,Fischereihafen,Mitte-Süd,POINT (8.586300143000074 53.51694084800005)
1758,11,2017,6,6,14,3,5,3,1,1,0,0,0,0,0,1,8.757214786000077,53.07926169800004,Woltmershausen,Woltmershausen,POINT (8.757214786000077 53.07926169800004)
1759,11,2017,6,5,20,3,0,7,1,1,0,0,0,0,1,1,8.853833131000044,53.08241719500006,Schwachhausen,Gete,POINT (8.853833131000044 53.08241719500006)
1760,11,2017,6,5,20,3,0,7,1,0,0,0,0,0,1,1,8.739204629000028,53.11728623100004,Häfen,Industriehäfen,POINT (8.739204629000028 53.11728623100004)
1761,11,2017,6,4,13,2,5,3,1,0,0,0,0,0,0,1,8.737325292000037,53.04611675900003,Huchting,Kirchhuchting,POINT (8.737325292000037 53.04611675900003)
1762,11,2017,6,4,8,3,1,5,1,1,0,0,0,0,0,0,8.643937626000024,53.164881156000035,Vegesack,Grohn,POINT (8.643937626000024 53.16488115600004)
1763,12,2017,6,3,13,3,5,2,1,0,0,0,0,1,0,0,8.543055089000063,53.58716515900005,Häfen,Speckenbüttel,POINT (8.543055089000063 53.58716515900005)
1764,11,2017,6,3,9,3,5,3,1,1,0,0,0,0,0,0,8.799833094000064,53.07045985000008,Neustadt,Alte Neustadt,POINT (8.799833094000064 53.07045985000008)
1765,11,2017,6,3,13,3,1,7,1,1,0,0,0,0,0,0,8.900970460000053,53.05929251100008,Hemelingen,Sebaldsbrück,POINT (8.900970460000053 53.05929251100008)
1766,11,2017,6,3,14,3,3,6,1,1,0,0,0,0,0,0,8.850451293000049,53.070915385000035,Östliche Vorstadt,Peterswerder,POINT (8.850451293000049 53.07091538500003)
1767,11,2017,7,2,15,3,5,3,1,1,0,0,0,0,0,0,8.854811064000046,53.06770681900008,Hemelingen,Hastedt,POINT (8.854811064000046 53.06770681900008)
1768,11,2017,6,2,23,3,0,7,1,0,0,0,0,0,2,0,8.820226804000072,53.07517648600003,Mitte,Ostertor,POINT (8.820226804000072 53.07517648600003)
1769,11,2017,8,4,18,3,5,2,1,1,0,0,0,0,0,0,8.560674869000025,53.19638775000004,Blumenthal,Lüssum-Bockhorn,POINT (8.560674869000025 53.19638775000004)
1770,11,2017,6,2,16,3,5,3,1,1,0,0,0,0,0,0,8.883634867000069,53.04841123700004,Hemelingen,Hemelingen,POINT (8.883634867000069 53.04841123700004)
1771,11,2017,6,1,17,3,0,7,1,0,0,0,0,0,0,1,8.827179115000035,53.08644663200005,Schwachhausen,Bürgerpark,POINT (8.827179115000035 53.08644663200005)
1772,11,2017,6,1,18,3,5,3,1,1,0,0,0,0,0,1,8.784766919000049,53.07146380200004,Neustadt,Hohentor,POINT (8.784766919000049 53.07146380200004)
1773,11,2017,6,1,15,2,8,1,1,0,0,0,0,0,0,0,8.633492708000063,53.16580441100007,Vegesack,Grohn,POINT (8.633492708000063 53.16580441100007)
1774,12,2017,6,7,16,3,6,3,1,0,1,0,0,0,0,1,8.61399448700007,53.59781116700003,Leherheide,Fehmoor,POINT (8.61399448700007 53.59781116700003)
1775,11,2017,6,7,12,2,2,7,1,1,0,0,0,0,0,1,8.819854219000035,53.04904220900005,Neustadt,Huckelriede,POINT (8.819854219000035 53.04904220900005)
1776,11,2017,6,7,18,3,0,3,1,0,0,0,0,0,0,0,8.788369554000042,53.07048125800003,Neustadt,Hohentor,POINT (8.788369554000042 53.07048125800003)
1777,12,2017,6,6,17,3,6,7,1,0,1,0,0,0,0,0,8.630574567000053,53.592825350000055,Leherheide,Fehmoor,POINT (8.630574567000053 53.59282535000006)
1778,11,2017,8,4,20,2,0,7,1,0,0,0,0,0,1,0,8.612077627000076,53.17841150500004,Vegesack,Fähr-Lobbendorf,POINT (8.612077627000076 53.17841150500004)
1779,11,2017,8,4,18,3,1,5,1,1,0,0,0,0,0,0,8.754952611000022,53.11305616100003,Gröpelingen,Lindenhof,POINT (8.754952611000022 53.11305616100003)
1780,11,2017,6,6,16,3,5,3,1,1,0,0,0,0,0,0,8.837798245000045,53.08510427700003,Schwachhausen,Schwachhausen,POINT (8.837798245000045 53.08510427700003)
1781,11,2017,8,4,1,3,5,3,1,1,0,0,0,0,2,0,8.89327628500007,53.047110916000065,Hemelingen,Hemelingen,POINT (8.89327628500007 53.04711091600007)
1782,11,2017,6,6,12,3,5,3,1,1,0,0,0,0,0,0,8.805996726000046,53.092447898000046,Findorff,Findorff-Bürgerweide,POINT (8.805996726000046 53.09244789800005)
1783,11,2017,6,6,23,3,1,5,1,0,0,0,0,1,2,1,8.82972503800005,53.07789401100007,Östliche Vorstadt,Fesenfeld,POINT (8.829725038000049 53.07789401100007)
1784,11,2017,6,6,12,3,5,3,1,1,0,0,0,0,0,1,8.81876749600002,53.05314735400003,Neustadt,Huckelriede,POINT (8.818767496000021 53.05314735400003)
1785,11,2017,6,5,20,3,5,3,1,1,0,0,0,0,0,1,8.854075665000039,53.082551686000045,Schwachhausen,Radio Bremen,POINT (8.854075665000039 53.08255168600004)
1786,11,2017,6,5,13,3,5,2,1,1,0,0,0,0,0,0,8.833708673000046,53.071047098000065,Östliche Vorstadt,Steintor,POINT (8.833708673000046 53.07104709800007)
1787,11,2017,6,4,18,3,0,1,1,0,0,0,0,0,0,0,8.851252240000065,53.08542794600004,Schwachhausen,Radio Bremen,POINT (8.851252240000065 53.08542794600004)
1788,11,2017,6,4,11,3,5,3,1,1,0,0,0,0,0,0,8.893153103000031,53.082222313000045,Vahr,Neue Vahr Südost,POINT (8.893153103000031 53.08222231300005)
1789,11,2017,6,4,9,3,5,3,1,1,0,0,0,0,0,0,8.832020405000037,53.068648179000036,Östliche Vorstadt,Steintor,POINT (8.832020405000037 53.06864817900004)
1790,11,2017,8,4,16,2,1,5,1,1,0,0,0,0,0,0,8.791857847000074,53.06843290900008,Neustadt,Neustadt,POINT (8.791857847000074 53.06843290900008)
1791,12,2017,8,3,10,3,0,7,1,1,0,0,0,0,0,0,8.586697872000059,53.53798153100007,Geestemünde,Buschkämpen,POINT (8.586697872000059 53.53798153100007)
1792,11,2017,6,4,10,3,5,3,1,1,0,0,0,0,0,0,8.806329073000029,53.07344152700006,Mitte,Altstadt,POINT (8.806329073000029 53.07344152700006)
1793,11,2017,6,4,15,3,5,2,1,1,0,0,0,0,0,0,8.78985592500004,53.07150000000007,Neustadt,Hohentor,POINT (8.78985592500004 53.07150000000007)
1794,11,2017,6,4,8,2,5,2,1,0,0,0,0,1,0,0,8.841016909000075,53.085645999000064,Schwachhausen,Schwachhausen,POINT (8.841016909000075 53.08564599900006)
1795,12,2017,8,3,12,3,3,6,1,1,0,0,0,0,0,0,8.597955257000024,53.583315191000054,Lehe,Königsheide,POINT (8.597955257000024 53.58331519100005)
1796,11,2017,6,4,17,3,0,7,1,1,0,0,0,0,0,0,8.811678209000036,53.09155089800004,Findorff,Findorff-Bürgerweide,POINT (8.811678209000036 53.09155089800004)
1797,12,2017,8,3,12,3,5,2,1,1,0,0,0,0,0,0,8.597907856000063,53.53342390100005,Geestemünde,Buschkämpen,POINT (8.597907856000063 53.53342390100005)
1798,11,2017,6,3,11,3,5,7,1,1,0,0,0,0,0,0,8.858281306000038,53.10285351400006,Horn-Lehe,Lehe,POINT (8.858281306000038 53.10285351400006)
1799,11,2017,6,3,11,3,5,2,1,1,0,0,0,0,0,0,8.85409271900005,53.06865189800004,Östliche Vorstadt,Peterswerder,POINT (8.85409271900005 53.06865189800004)
1800,11,2017,6,3,16,3,5,3,1,1,0,0,0,0,0,0,8.761925560000066,53.12190184200006,Gröpelingen,Ohlenhof,POINT (8.761925560000066 53.12190184200006)
1801,11,2017,6,3,11,3,1,5,1,1,0,0,0,0,0,0,8.807111356000064,53.064650990000075,Neustadt,Buntentor,POINT (8.807111356000064 53.06465099000008)
1802,11,2017,6,3,17,2,6,4,1,0,1,0,0,0,0,0,8.792391595000026,53.099344220000035,Walle,Osterfeuerberg,POINT (8.792391595000026 53.09934422000003)
1803,11,2017,6,3,18,2,5,3,1,1,0,0,0,0,0,0,8.854832697000063,53.07647939600008,Schwachhausen,Gete,POINT (8.854832697000063 53.07647939600008)
1804,12,2017,6,2,19,3,0,7,1,0,0,0,0,0,0,0,8.596396231000028,53.52779304100005,Geestemünde,Buschkämpen,POINT (8.596396231000028 53.52779304100005)
1805,11,2017,6,2,10,3,5,3,1,1,0,0,0,0,0,0,8.88486012900006,53.05520961800005,Hemelingen,Hemelingen,POINT (8.88486012900006 53.05520961800005)
1806,11,2017,6,2,19,3,5,2,1,1,0,0,0,0,0,0,8.72669161600004,53.04509869100008,Huchting,Sodenmatt,POINT (8.726691616000039 53.04509869100008)
1807,12,2017,6,1,12,3,3,2,1,0,0,1,0,0,0,0,8.60394358800005,53.58430028200007,Lehe,Königsheide,POINT (8.60394358800005 53.58430028200007)
1808,12,2017,6,1,21,3,5,2,1,1,0,0,0,0,0,0,8.591409442000042,53.58138537600007,Lehe,Königsheide,POINT (8.591409442000042 53.58138537600007)
1809,11,2017,6,1,14,3,0,1,1,0,0,0,0,0,0,0,8.816674267000053,53.07013318200006,Mitte,Ostertor,POINT (8.816674267000053 53.07013318200006)
1810,11,2017,6,1,16,3,0,7,1,0,0,0,0,0,0,0,8.773715973000037,53.09734655200003,Walle,Überseestadt,POINT (8.773715973000037 53.09734655200003)
1811,11,2017,6,1,15,3,1,5,1,1,0,0,0,0,0,0,8.809610933000044,53.079347846000076,Mitte,Altstadt,POINT (8.809610933000044 53.07934784600008)
1812,11,2017,6,7,9,3,4,3,1,1,0,0,0,0,0,0,8.804225778000045,53.07235078900004,Neustadt,Alte Neustadt,POINT (8.804225778000045 53.07235078900004)
1813,11,2017,6,7,16,3,2,7,1,1,0,0,0,0,0,0,8.786515980000047,53.10068937500006,Walle,Walle,POINT (8.786515980000047 53.10068937500006)
1814,11,2017,6,7,18,3,1,5,1,1,0,0,0,0,0,0,8.82325421400003,53.072809446000065,Mitte,Ostertor,POINT (8.823254214000031 53.07280944600006)
1815,11,2017,8,3,18,3,0,1,1,0,0,0,0,0,0,1,8.914352496000049,53.07507523500004,Hemelingen,Sebaldsbrück,POINT (8.914352496000049 53.07507523500004)
1816,12,2017,6,6,12,3,5,3,1,1,0,0,0,0,0,0,8.588350107000053,53.53991959700005,Geestemünde,Buschkämpen,POINT (8.588350107000053 53.53991959700005)
1817,12,2017,6,6,11,3,5,3,1,0,0,0,0,1,0,0,8.590032509000025,53.52546070600005,Geestemünde,Buschkämpen,POINT (8.590032509000025 53.52546070600005)
1818,11,2017,6,6,16,3,0,7,1,0,0,0,0,0,0,0,8.809950078000043,53.079531727000074,Mitte,Bahnhofsvorstadt,POINT (8.809950078000043 53.07953172700007)
1819,11,2017,6,6,8,2,5,3,1,1,0,0,0,0,0,0,8.812988511000071,53.09013562600006,Findorff,Findorff-Bürgerweide,POINT (8.812988511000071 53.09013562600006)
1820,11,2017,6,6,12,3,2,5,1,1,0,0,0,0,0,0,8.82382111100003,53.07929643400007,Mitte,Ostertor,POINT (8.823821111000029 53.07929643400007)
1821,12,2017,6,5,15,3,5,3,1,1,0,0,0,0,0,0,8.593446485000072,53.570110939000074,Lehe,Königsheide,POINT (8.593446485000072 53.57011093900007)
1822,12,2017,6,5,7,3,3,2,1,1,0,0,0,0,0,0,8.593173617000048,53.57363676400007,Lehe,Königsheide,POINT (8.593173617000048 53.57363676400007)
1823,12,2017,6,5,15,3,4,6,1,0,0,0,0,0,0,0,8.600029196000037,53.573382464000076,Lehe,Königsheide,POINT (8.600029196000037 53.57338246400008)
1824,11,2017,6,5,19,3,5,2,1,1,0,0,0,0,0,1,8.83374882000004,53.08186703000007,Schwachhausen,Schwachhausen,POINT (8.833748820000039 53.08186703000007)
1825,11,2017,6,5,12,3,5,3,1,1,0,0,0,0,0,0,8.891885754000043,53.113182108000046,Horn-Lehe,Lehesterdeich,POINT (8.891885754000043 53.11318210800005)
1826,11,2017,8,3,17,3,5,3,1,1,0,0,0,0,0,0,8.730054492000022,53.05599908100004,Huchting,Mittelshuchting,POINT (8.730054492000022 53.05599908100004)
1827,11,2017,8,3,14,3,5,3,1,1,0,0,0,0,0,0,8.785059796000041,53.102316691000055,Walle,Walle,POINT (8.785059796000041 53.10231669100006)
1828,12,2017,6,4,18,3,5,3,1,1,0,0,0,0,0,0,8.601544525000065,53.50608688400007,Wulsdorf,Geestemünde-Süd,POINT (8.601544525000065 53.50608688400007)
1829,11,2017,6,4,8,3,1,5,1,1,0,0,0,0,0,0,8.928846031000035,53.061116223000056,Osterholz,Ellener Feld,POINT (8.928846031000035 53.06111622300006)
1830,11,2017,6,4,19,3,5,3,1,1,0,0,0,0,0,0,8.626987000000042,53.169743905000075,Vegesack,Vegesack,POINT (8.626987000000042 53.16974390500008)
1831,11,2017,8,3,16,3,5,3,1,1,0,0,0,0,0,0,8.883403804000068,53.056877514000064,Hemelingen,Hemelingen,POINT (8.883403804000068 53.05687751400006)
1832,11,2017,6,4,9,3,5,3,1,1,0,0,0,0,0,0,8.89702188800004,53.11839577300003,Horn-Lehe,Lehesterdeich,POINT (8.89702188800004 53.11839577300003)
1833,11,2017,6,4,11,3,5,3,1,1,0,0,0,0,0,0,8.81970632100007,53.07261011500003,Mitte,Ostertor,POINT (8.819706321000069 53.07261011500003)
1834,11,2017,6,4,16,3,3,6,1,1,0,0,0,0,0,0,8.811743422000063,53.09852751100004,Findorff,Weidedamm,POINT (8.811743422000063 53.09852751100004)
1835,11,2017,6,4,7,3,0,7,1,0,0,0,0,0,0,0,8.843990070000075,53.06880272600006,Östliche Vorstadt,Peterswerder,POINT (8.843990070000075 53.06880272600006)
1836,12,2017,7,2,13,3,5,3,1,1,0,0,0,0,0,0,8.591397753000024,53.54298699100008,Geestemünde,Buschkämpen,POINT (8.591397753000024 53.54298699100008)
1837,11,2017,7,2,21,3,1,7,1,1,0,0,0,0,2,0,8.843401720000031,53.09186765100003,Schwachhausen,Neu-Schwachhausen,POINT (8.843401720000031 53.09186765100003)
1838,11,2017,9,5,16,3,5,3,1,1,0,0,0,0,0,1,8.851101368000059,53.085204109000074,Schwachhausen,Radio Bremen,POINT (8.851101368000059 53.08520410900007)
1839,11,2017,9,5,11,3,5,2,1,1,0,0,0,0,0,0,8.85659277600007,53.071372491000034,Hemelingen,Hastedt,POINT (8.85659277600007 53.07137249100003)
1840,11,2017,9,5,15,2,0,7,1,0,0,0,0,0,0,1,8.821663715000057,53.07279693500004,Mitte,Ostertor,POINT (8.821663715000057 53.07279693500004)
1841,11,2017,9,5,13,3,5,2,1,1,0,0,0,0,0,1,8.76356286600003,53.10897995000005,Gröpelingen,Lindenhof,POINT (8.763562866000029 53.10897995000005)
1842,11,2017,9,5,15,3,5,3,1,1,0,0,0,0,0,1,8.87814116800007,53.07941678000003,Vahr,Gartenstadt Vahr,POINT (8.87814116800007 53.07941678000003)
1843,11,2017,9,4,5,3,5,2,1,1,0,0,0,0,2,1,8.915991205000068,53.071200935000036,Hemelingen,Sebaldsbrück,POINT (8.915991205000068 53.07120093500004)
1844,12,2017,8,4,9,3,5,3,1,1,0,0,0,0,0,0,8.591407058000073,53.54310534900003,Geestemünde,Buschkämpen,POINT (8.591407058000073 53.54310534900003)
1845,11,2017,9,4,18,3,5,3,1,1,0,0,0,0,1,1,8.763791296000022,53.10631546400003,Walle,Überseestadt,POINT (8.763791296000022 53.10631546400003)
1846,11,2017,9,4,6,2,5,3,1,1,0,0,0,0,1,1,8.81237634200005,53.080870986000036,Mitte,Bahnhofsvorstadt,POINT (8.81237634200005 53.08087098600004)
1847,11,2017,8,4,13,3,5,3,1,1,0,0,0,0,0,0,8.81611900200005,53.08000963400008,Mitte,Bahnhofsvorstadt,POINT (8.81611900200005 53.08000963400008)
1848,11,2017,9,4,17,2,5,3,1,1,0,0,0,0,0,1,8.878136882000035,53.07942131000004,Vahr,Gartenstadt Vahr,POINT (8.878136882000035 53.07942131000004)
1849,12,2017,9,3,5,3,1,5,1,0,0,0,0,1,2,0,8.606049086000041,53.58912309500005,Leherheide,Fehmoor,POINT (8.606049086000041 53.58912309500005)
1850,11,2017,9,3,6,3,1,5,1,1,0,0,0,0,0,0,8.839991745000077,53.032437204000075,Obervieland,Arsten,POINT (8.839991745000077 53.03243720400008)
1851,11,2017,9,3,11,3,5,3,1,0,0,1,0,0,0,0,8.738469809000037,53.04725099500007,Huchting,Kirchhuchting,POINT (8.738469809000037 53.04725099500007)
1852,11,2017,9,3,8,3,5,2,1,1,0,0,0,0,0,1,8.92766496300004,53.07267262200003,Osterholz,Blockdiek,POINT (8.927664963000041 53.07267262200003)
1853,11,2017,9,3,15,3,0,1,1,0,0,0,0,0,0,0,8.787075982000033,53.05627446700004,Neustadt,Neuenland,POINT (8.787075982000033 53.05627446700004)
1854,11,2017,9,2,13,3,0,1,1,0,0,0,0,0,0,0,8.827248433000022,53.072691880000036,Östliche Vorstadt,Steintor,POINT (8.827248433000022 53.07269188000004)
1855,11,2017,9,2,13,3,5,3,1,1,0,0,0,0,0,0,8.825779841000042,53.03574428300004,Obervieland,Kattenturm,POINT (8.825779841000042 53.03574428300004)
1856,12,2017,9,1,14,3,0,1,1,0,0,0,0,0,0,0,8.55104467600006,53.579866106000054,Häfen,Speckenbüttel,POINT (8.55104467600006 53.57986610600005)
1857,11,2017,9,1,0,3,1,7,1,1,0,0,0,0,2,0,8.789486401000033,53.071246838000036,Neustadt,Hohentor,POINT (8.789486401000033 53.07124683800004)
1858,11,2017,9,7,19,3,1,7,1,1,0,0,0,0,1,1,8.657503848000033,53.173678790000054,Burglesum,St.Magnus,POINT (8.657503848000033 53.17367879000005)
1859,11,2017,9,7,12,3,0,5,1,1,0,0,0,0,0,0,8.762169855000025,53.088419653000074,Woltmershausen,Woltmershausen,POINT (8.762169855000025 53.08841965300007)
1860,11,2017,9,6,18,2,0,7,1,0,0,0,0,0,1,1,8.820564683000043,53.072684163000076,Mitte,Ostertor,POINT (8.820564683000043 53.07268416300008)
1861,11,2017,9,6,13,3,5,3,1,1,0,0,0,0,0,1,8.813083638000023,53.05844852600006,Neustadt,Huckelriede,POINT (8.813083638000023 53.05844852600006)
1862,11,2017,8,4,15,3,3,6,1,1,0,0,0,0,0,0,8.801611453000021,53.06796860400004,Neustadt,Südervorstadt,POINT (8.801611453000021 53.06796860400004)
1863,11,2017,8,4,16,3,5,3,1,1,0,0,0,0,0,0,8.899783339000066,53.097459265000055,,,POINT (8.899783339000066 53.09745926500005)
1864,11,2017,9,6,16,2,0,1,1,0,0,0,0,0,0,1,8.790233192000073,53.094692516000066,Walle,Westend,POINT (8.790233192000073 53.09469251600007)
1865,11,2017,8,4,18,2,5,2,1,1,0,0,0,0,0,0,8.786732533000077,53.074394701000074,Neustadt,Alte Neustadt,POINT (8.786732533000077 53.07439470100007)
1866,11,2017,9,6,14,3,1,5,1,1,0,0,0,0,0,1,8.933290993000071,53.06663144600003,Osterholz,Ellener Feld,POINT (8.933290993000071 53.06663144600003)
1867,11,2017,8,4,15,3,7,1,1,0,0,0,0,0,0,0,8.827249805000065,53.07269140400007,Östliche Vorstadt,Steintor,POINT (8.827249805000065 53.07269140400007)
1868,12,2017,8,3,7,3,5,2,1,1,0,0,0,0,0,0,8.617930191000028,53.59351872800005,Leherheide,Fehmoor,POINT (8.617930191000028 53.59351872800005)
1869,11,2017,9,6,14,3,5,2,1,1,0,0,0,0,0,1,8.825010956000028,53.08418363800007,Schwachhausen,Barkhof,POINT (8.825010956000028 53.08418363800007)
1870,11,2017,9,5,9,3,6,6,1,0,1,0,0,0,0,0,8.84372660400004,53.07207296800004,Östliche Vorstadt,Hulsberg,POINT (8.84372660400004 53.07207296800004)
1871,11,2017,9,5,18,3,5,2,1,1,0,0,0,0,0,0,8.82443999800006,53.08451838600007,Schwachhausen,Bürgerpark,POINT (8.824439998000059 53.08451838600007)
1872,11,2017,8,3,13,3,0,2,1,1,0,0,0,0,0,0,8.755269744000032,53.12767216000003,Gröpelingen,Ohlenhof,POINT (8.755269744000032 53.12767216000003)
1873,11,2017,9,4,7,3,0,6,1,1,0,0,0,0,0,1,8.85186948300003,53.088654305000034,Schwachhausen,Riensberg,POINT (8.85186948300003 53.08865430500003)
1874,11,2017,9,4,10,3,5,3,1,1,0,0,0,0,0,0,8.949854106000032,53.03535187700004,Hemelingen,Mahndorf,POINT (8.949854106000032 53.03535187700004)
1875,11,2017,9,4,15,3,8,1,1,0,0,0,0,0,0,0,8.820170181000037,53.04585356500007,Obervieland,Kattenturm,POINT (8.820170181000037 53.04585356500007)
1876,11,2017,9,4,9,3,0,1,1,0,0,0,0,0,0,1,8.789342927000064,53.09432027300005,Walle,Westend,POINT (8.789342927000064 53.09432027300005)
1877,11,2017,9,4,12,3,5,3,1,0,0,1,0,0,0,1,8.572712359000036,53.18607568900006,Blumenthal,Blumenthal,POINT (8.572712359000036 53.18607568900006)
1878,11,2017,9,4,11,3,5,3,1,1,0,0,0,0,0,1,8.629980369000066,53.18898302200006,Vegesack,Aumund-Hammersbeck,POINT (8.629980369000066 53.18898302200006)
1879,11,2017,9,4,5,3,5,3,1,1,0,0,0,0,2,1,8.857373868000025,53.088962138000056,Schwachhausen,Radio Bremen,POINT (8.857373868000025 53.08896213800006)
1880,11,2017,8,3,16,3,5,2,1,1,0,0,0,0,0,1,8.784693989000061,53.090175497000075,Walle,Steffensweg,POINT (8.784693989000061 53.09017549700008)
1881,11,2017,8,3,7,2,5,2,1,0,0,0,0,1,0,0,8.788161097000057,53.07647159600003,Neustadt,Alte Neustadt,POINT (8.788161097000057 53.07647159600003)
1882,11,2017,9,5,13,2,3,2,1,1,0,0,0,0,0,0,8.870352590000039,53.09788361000005,Horn-Lehe,Horn,POINT (8.870352590000039 53.09788361000005)
1883,11,2017,8,3,22,3,0,6,1,0,0,0,0,0,2,0,8.766168105000077,53.112352919000045,Gröpelingen,Gröpelingen,POINT (8.766168105000077 53.11235291900005)
1884,11,2017,8,3,9,3,5,3,1,1,0,0,0,0,0,0,8.89105468300005,53.071472017000076,Hemelingen,Sebaldsbrück,POINT (8.89105468300005 53.07147201700008)
1885,11,2017,9,3,17,3,3,7,1,0,0,0,0,0,0,0,8.852858032000029,53.086498636000044,Schwachhausen,Riensberg,POINT (8.852858032000029 53.08649863600004)
1886,12,2017,9,2,15,3,0,7,1,0,0,0,0,0,0,0,8.59328255500003,53.51466142700008,Wulsdorf,Geestemünde-Süd,POINT (8.59328255500003 53.51466142700008)
1887,12,2017,9,2,11,3,0,7,1,0,0,0,0,0,0,0,8.634869627000057,53.517119422000064,Surheide,Schiffdorferdamm,POINT (8.634869627000057 53.51711942200006)
1888,12,2017,9,2,3,3,0,7,1,0,0,0,0,0,2,0,8.580720644000053,53.56364152100008,Lehe,Königsheide,POINT (8.580720644000053 53.56364152100008)
1889,11,2017,9,2,14,3,3,6,1,1,0,0,0,0,0,0,8.830090634000044,53.04126400200005,Obervieland,Kattenturm,POINT (8.830090634000044 53.04126400200005)
1890,11,2017,9,2,8,3,1,5,1,1,0,0,0,0,0,0,8.621134563000055,53.176662097000076,Vegesack,Vegesack,POINT (8.621134563000055 53.17666209700008)
1891,11,2017,9,2,17,3,1,3,1,1,0,0,0,0,0,0,8.85905253900006,53.042635242000074,Obervieland,Habenhausen,POINT (8.859052539000061 53.04263524200007)
1892,11,2017,8,3,18,3,4,7,1,1,0,0,0,0,0,1,8.828623307000043,53.074675495000065,Östliche Vorstadt,Fesenfeld,POINT (8.828623307000043 53.07467549500006)
1893,12,2017,8,2,6,3,3,2,1,1,0,0,0,0,0,0,8.604768663000073,53.52334753900004,Geestemünde,Buschkämpen,POINT (8.604768663000073 53.52334753900004)
1894,12,2017,8,2,11,3,5,2,1,1,0,0,0,0,0,0,8.572621149000042,53.55144101900004,Mitte,Weddewarden,POINT (8.572621149000042 53.55144101900004)
1895,11,2017,9,2,16,3,0,1,1,0,0,0,0,0,0,0,8.579707523000025,53.179128054000046,Blumenthal,Blumenthal,POINT (8.579707523000025 53.17912805400005)
1896,11,2017,9,2,19,3,5,3,1,1,0,0,0,0,0,0,8.854491961000065,53.088263390000066,Schwachhausen,Radio Bremen,POINT (8.854491961000065 53.08826339000007)