,UKREIS,UJAHR,UMONAT,UWOCHENTAG,USTUNDE,UKATEGORIE,UART,UTYP1,IstRad,IstPKW,IstFuss,IstKrad,IstGkfz,IstSonstig,ULICHTVERH,STRZUSTAND,longitude,latitude,Stadtteil,Ortsteil,geometry
2055,11,2017,11,5,13,3,5,3,1,1,0,0,0,0,0,0,8.883905034000065,53.07909507100004,Vahr,Neue Vahr Südwest,POINT (8.883905034000065 53.07909507100004)
2056,11,2017,11,5,9,3,5,2,1,0,0,0,0,1,0,1,8.828742426000076,53.07808181200005,Östliche Vorstadt,Fesenfeld,POINT (8.828742426000076 53.07808181200005)
2057,11,2017,11,5,8,3,5,3,1,1,0,0,0,0,0,1,8.836361588000045,53.07482980000003,Östliche Vorstadt,Fesenfeld,POINT (8.836361588000045 53.07482980000003)
2058,11,2017,11,5,13,3,5,3,1,1,0,0,0,0,0,0,8.794607729000063,53.09161975400008,Walle,Utbremen,POINT (8.794607729000063 53.09161975400008)
2059,11,2017,11,5,15,3,0,7,1,1,0,0,0,0,0,0,8.76298772900003,53.11399247500003,Gröpelingen,Gröpelingen,POINT (8.762987729000031 53.11399247500003)
2060,11,2017,11,4,13,3,5,3,1,1,0,0,0,0,0,1,8.635645329000056,53.17911148400003,Vegesack,Schönebeck,POINT (8.635645329000056 53.17911148400003)
2061,11,2017,11,4,9,3,2,7,1,1,0,0,0,0,0,1,8.818715086000054,53.08010164800004,Mitte,Bahnhofsvorstadt,POINT (8.818715086000054 53.08010164800004)
2062,11,2017,11,4,19,3,5,3,1,1,0,0,0,0,2,1,8.809785394000073,53.068821298000046,Neustadt,Alte Neustadt,POINT (8.809785394000073 53.06882129800005)
2063,11,2017,11,4,13,3,5,2,1,0,0,0,0,1,0,1,8.833937418000062,53.07108788600004,Östliche Vorstadt,Peterswerder,POINT (8.833937418000062 53.07108788600004)
2064,11,2017,9,2,7,3,5,2,1,1,0,0,0,0,1,1,8.850564615000053,53.07111758900004,Östliche Vorstadt,Peterswerder,POINT (8.850564615000053 53.07111758900004)
2065,12,2017,9,1,13,3,5,2,1,1,0,0,0,0,0,0,8.614347001000056,53.53178528900003,Geestemünde,Buschkämpen,POINT (8.614347001000056 53.53178528900003)
2066,11,2017,9,1,20,3,5,2,1,1,0,0,0,0,2,1,8.838182988000028,53.07889173600006,Schwachhausen,Gete,POINT (8.838182988000028 53.07889173600006)
2067,11,2017,11,4,7,3,0,7,1,1,0,0,0,0,1,1,8.871571782000046,53.08649186900004,Schwachhausen,Radio Bremen,POINT (8.871571782000046 53.08649186900004)
2068,11,2017,11,4,7,3,5,3,1,0,0,0,0,0,1,1,8.777123120000056,53.106605339000055,Walle,Walle,POINT (8.777123120000056 53.10660533900005)
2069,11,2017,9,1,13,2,0,7,1,0,0,0,0,0,0,0,8.799046905000068,53.090878589000056,Mitte,Bahnhofsvorstadt,POINT (8.799046905000068 53.09087858900006)
2070,11,2017,9,1,22,3,2,6,1,1,0,0,0,0,2,0,8.871441117000074,53.07667482900007,Vahr,Gartenstadt Vahr,POINT (8.871441117000074 53.07667482900007)
2071,11,2017,11,4,21,3,5,2,1,1,0,0,0,0,2,0,8.875431873000025,53.08209483600007,Vahr,Gartenstadt Vahr,POINT (8.875431873000025 53.08209483600007)
2072,11,2017,9,1,3,3,6,4,1,0,1,0,0,0,2,0,8.919272697000054,53.03822031800007,Hemelingen,Arbergen,POINT (8.919272697000054 53.03822031800007)
2073,11,2017,11,4,8,3,5,3,1,1,0,0,0,0,0,1,8.786724843000059,53.074398243000076,Neustadt,Alte Neustadt,POINT (8.786724843000059 53.07439824300008)
2074,11,2017,10,3,15,3,5,3,1,1,0,0,0,0,0,0,8.777876003000074,53.09508875500006,Walle,Steffensweg,POINT (8.777876003000074 53.09508875500006)
2075,11,2017,10,3,13,2,0,1,1,0,0,0,0,0,0,0,8.882562561000043,53.063615739000056,Hemelingen,Hastedt,POINT (8.882562561000043 53.06361573900006)
2076,11,2017,11,3,16,3,5,2,1,1,0,0,0,0,1,0,8.854489434000072,53.07066658100007,Östliche Vorstadt,Hulsberg,POINT (8.854489434000072 53.07066658100007)
2077,12,2017,10,2,11,3,6,6,1,0,1,0,0,0,0,0,8.57558638300003,53.54724705800004,Mitte,Weddewarden,POINT (8.575586383000029 53.54724705800004)
2078,11,2017,9,7,20,2,5,3,1,1,0,0,0,0,2,0,8.838002137000046,53.06787396200008,Östliche Vorstadt,Peterswerder,POINT (8.838002137000046 53.06787396200008)
2079,11,2017,11,5,18,3,5,2,1,1,0,0,0,0,2,0,8.80804218000003,53.05956987800005,Neustadt,Huckelriede,POINT (8.808042180000029 53.05956987800005)
2080,11,2017,10,2,12,3,5,2,1,1,0,0,0,0,0,0,8.803200226000058,53.084672099000045,Mitte,Bahnhofsvorstadt,POINT (8.803200226000058 53.08467209900004)
2081,11,2017,11,6,22,3,5,3,1,1,0,0,0,0,2,1,8.961588103000054,53.066835311000034,Osterholz,Tenever,POINT (8.961588103000054 53.06683531100003)
2082,11,2017,10,2,10,3,3,6,1,0,0,0,0,0,0,0,8.870799586000032,53.09848948500007,Horn-Lehe,Lehe,POINT (8.870799586000032 53.09848948500007)
2083,11,2017,10,2,14,3,5,3,1,1,0,0,0,0,0,1,8.919916644000068,53.07337609100006,Osterholz,Blockdiek,POINT (8.919916644000068 53.07337609100006)
2084,11,2017,10,2,13,3,3,6,1,0,0,0,0,0,0,1,8.89572337200002,53.097137116000056,Horn-Lehe,Lehesterdeich,POINT (8.89572337200002 53.09713711600006)
2085,11,2017,10,1,11,2,6,7,1,0,1,0,0,0,0,1,8.816947983000034,53.06600634100005,Neustadt,Huckelriede,POINT (8.816947983000034 53.06600634100005)
2086,11,2017,10,1,17,2,0,1,1,0,0,0,0,0,2,1,8.859433572000057,53.04680990300005,Obervieland,Habenhausen,POINT (8.859433572000057 53.04680990300005)
2087,11,2017,10,7,17,3,5,2,1,1,0,0,0,0,1,1,8.796885168000074,53.094670740000026,Findorff,Regensburger Str.,POINT (8.796885168000074 53.09467074000003)
2088,11,2017,9,7,9,2,0,1,1,0,0,0,0,0,0,0,8.877204315000029,53.07480355000007,Vahr,Gartenstadt Vahr,POINT (8.877204315000029 53.07480355000007)
2089,12,2017,10,6,16,3,5,3,1,1,0,0,0,0,0,1,8.610865581000041,53.52242193100005,Geestemünde,Buschkämpen,POINT (8.610865581000041 53.52242193100005)
2090,11,2017,9,6,11,2,5,3,1,1,0,0,0,0,0,0,8.88260546500004,53.10081010700003,Horn-Lehe,Lehe,POINT (8.88260546500004 53.10081010700003)
2091,12,2017,10,6,12,3,5,3,1,1,0,0,0,0,0,0,8.599493467000059,53.50527958200007,Wulsdorf,Geestemünde-Süd,POINT (8.599493467000059 53.50527958200007)
2092,11,2017,10,6,13,3,5,3,1,1,0,0,0,0,0,1,8.755534477000026,53.12476496200003,Gröpelingen,Ohlenhof,POINT (8.755534477000026 53.12476496200003)
2093,11,2017,10,6,7,2,5,3,1,0,0,0,0,1,0,1,8.782741205000036,53.08711509800003,Walle,Überseestadt,POINT (8.782741205000036 53.08711509800003)
2094,11,2017,10,6,19,3,5,3,1,1,0,0,0,0,2,1,8.870986497000047,53.08748469600005,Schwachhausen,Radio Bremen,POINT (8.870986497000047 53.08748469600005)
2095,11,2017,10,6,7,3,5,3,1,1,0,0,0,0,0,1,8.823915157000044,53.03347179100007,Obervieland,Kattenturm,POINT (8.823915157000044 53.03347179100007)
2096,11,2017,10,6,14,2,5,2,1,0,0,0,0,1,0,0,8.790396401000066,53.08624622500008,Walle,Überseestadt,POINT (8.790396401000066 53.08624622500008)
2097,11,2017,10,5,12,3,6,1,1,0,1,0,0,0,0,0,8.848719389000053,53.071479330000045,Östliche Vorstadt,Peterswerder,POINT (8.848719389000053 53.07147933000005)
2098,11,2017,9,6,7,3,5,3,1,1,0,0,0,0,0,0,8.963291943000058,53.057947838000075,Osterholz,Tenever,POINT (8.963291943000058 53.05794783800008)
2099,11,2017,10,5,12,3,7,7,1,0,0,0,0,1,0,0,8.809028205000061,53.060316052000076,Neustadt,Huckelriede,POINT (8.809028205000061 53.06031605200008)
2100,11,2017,10,5,14,3,5,3,1,1,0,0,0,0,0,0,8.882032856000023,53.07909768500008,Vahr,Neue Vahr Südwest,POINT (8.882032856000023 53.07909768500008)
2101,12,2017,10,4,13,3,5,3,1,1,0,0,0,0,0,1,8.589864454000065,53.53806164500003,Geestemünde,Buschkämpen,POINT (8.589864454000065 53.53806164500003)
2102,12,2017,10,4,13,3,0,7,1,1,0,0,0,0,0,1,8.594961259000058,53.530907479000064,Geestemünde,Buschkämpen,POINT (8.594961259000058 53.53090747900006)
2103,11,2017,9,5,11,3,6,4,1,0,1,0,0,0,0,0,8.837098682000033,53.08264786900003,Schwachhausen,Schwachhausen,POINT (8.837098682000033 53.08264786900003)
2104,11,2017,11,2,13,3,5,3,1,1,0,0,0,0,0,0,8.825295976000064,53.04356236800004,Obervieland,Kattenturm,POINT (8.825295976000064 53.04356236800004)
2105,11,2017,10,4,16,3,0,7,1,0,0,0,0,0,0,1,8.80912186200004,53.09889474800008,Findorff,Weidedamm,POINT (8.80912186200004 53.09889474800008)
2106,11,2017,9,5,20,2,5,3,1,0,0,0,0,0,1,1,8.892655448000028,53.12924942400008,,Borgfeld,POINT (8.892655448000028 53.12924942400008)
2107,11,2017,10,4,20,2,3,2,1,1,0,0,0,0,2,1,8.882558320000044,53.10082629600004,Horn-Lehe,Lehe,POINT (8.882558320000044 53.10082629600004)
2108,11,2017,10,3,8,3,5,7,1,1,0,0,0,0,0,1,8.732556246000058,53.047804314000075,Huchting,Sodenmatt,POINT (8.732556246000058 53.04780431400008)
2109,11,2017,10,3,7,3,5,3,1,1,0,0,0,0,1,1,8.565334250000035,53.19718192500005,Blumenthal,Lüssum-Bockhorn,POINT (8.565334250000035 53.19718192500005)
2110,11,2017,10,3,19,3,6,4,1,0,1,0,0,0,2,1,8.83687928300003,53.07695315900003,Östliche Vorstadt,Fesenfeld,POINT (8.83687928300003 53.07695315900003)
2111,11,2017,10,3,20,3,5,2,1,1,0,0,0,0,2,1,8.847162035000053,53.08699371700004,Schwachhausen,Schwachhausen,POINT (8.847162035000053 53.08699371700004)
2112,11,2017,10,3,22,3,6,4,1,0,1,0,0,0,2,1,8.882084649000035,53.10314049600004,Horn-Lehe,Lehesterdeich,POINT (8.882084649000035 53.10314049600004)
2113,11,2017,10,3,13,3,2,6,1,0,0,0,0,0,0,1,8.796860735000053,53.08095422200006,Mitte,Altstadt,POINT (8.796860735000053 53.08095422200006)
2114,11,2017,10,3,18,2,5,3,1,1,0,0,0,0,2,1,8.781096246000061,53.05509587600005,Neustadt,Neuenland,POINT (8.781096246000061 53.05509587600005)
2115,11,2017,10,3,21,3,5,3,1,1,0,0,0,0,2,1,8.82443855300005,53.08429737200004,Schwachhausen,Barkhof,POINT (8.82443855300005 53.08429737200004)
2116,12,2017,10,2,17,2,5,3,1,1,0,0,0,0,0,0,8.578244428000062,53.55562181300007,Lehe,Königsheide,POINT (8.578244428000062 53.55562181300007)
2117,11,2017,9,5,16,3,5,2,1,1,0,0,0,0,0,0,8.887819320000062,53.03458108400008,Hemelingen,Hemelingen,POINT (8.887819320000062 53.03458108400008)
2118,12,2017,10,2,13,3,5,3,1,1,0,0,0,0,0,1,8.58836199500007,53.566508303000035,Lehe,Königsheide,POINT (8.588361995000071 53.56650830300003)
2119,11,2017,11,1,14,3,5,3,1,1,0,0,0,0,0,0,8.820725946000039,53.06933642300004,Mitte,Ostertor,POINT (8.820725946000039 53.06933642300004)
2120,11,2017,10,2,10,3,5,3,1,1,0,0,0,0,0,1,8.623830781000038,53.17600794100008,Vegesack,Vegesack,POINT (8.623830781000038 53.17600794100008)
2121,11,2017,11,6,15,3,0,6,1,0,0,0,0,0,0,1,8.803164110000068,53.08464382000005,Mitte,Bahnhofsvorstadt,POINT (8.803164110000068 53.08464382000005)
2122,11,2017,11,2,10,2,0,7,1,0,0,0,0,0,0,0,8.934545296000067,53.09030430000007,,,POINT (8.934545296000067 53.09030430000007)
2123,11,2017,10,2,15,3,5,2,1,0,0,0,0,0,0,1,8.816384808000066,53.097208548000026,Findorff,Weidedamm,POINT (8.816384808000066 53.09720854800003)
2124,11,2017,10,2,8,3,0,7,1,0,0,0,0,1,1,1,8.81543300900006,53.06230714700007,Neustadt,Huckelriede,POINT (8.81543300900006 53.06230714700007)
2125,11,2017,10,2,17,3,3,6,1,1,0,0,0,0,0,1,8.803200249000042,53.08459834700005,Mitte,Bahnhofsvorstadt,POINT (8.803200249000042 53.08459834700005)
2126,11,2017,11,1,15,3,3,6,1,1,0,0,0,0,0,0,8.91458248300006,53.09418660300008,,,POINT (8.914582483000061 53.09418660300008)
2127,11,2017,10,7,20,3,0,1,1,0,0,0,0,0,2,1,8.851339394000036,53.07228103700004,Östliche Vorstadt,Hulsberg,POINT (8.851339394000036 53.07228103700004)
2128,11,2017,10,7,9,2,6,4,1,0,1,0,0,0,0,0,8.791992350000044,53.067329276000066,Neustadt,Neustadt,POINT (8.791992350000044 53.06732927600007)
2129,11,2017,10,7,15,3,0,7,1,0,0,0,0,1,0,1,8.873870005000072,53.06450410900004,Hemelingen,Hastedt,POINT (8.873870005000072 53.06450410900004)
2130,12,2017,10,6,16,3,0,1,1,0,0,0,0,0,0,1,8.59199609500007,53.57615484000007,Lehe,Königsheide,POINT (8.59199609500007 53.57615484000007)
2131,12,2017,10,6,15,3,5,3,1,1,0,0,0,0,0,1,8.584941818000061,53.56421832800004,Lehe,Königsheide,POINT (8.584941818000061 53.56421832800004)
2132,11,2017,9,4,18,3,1,7,1,0,0,0,0,1,0,1,8.736905880000052,53.05176549000004,Huchting,Kirchhuchting,POINT (8.736905880000052 53.05176549000004)
2133,11,2017,10,6,13,3,8,1,1,1,0,0,0,0,0,1,8.84338398400007,53.06692268000006,Östliche Vorstadt,Peterswerder,POINT (8.84338398400007 53.06692268000006)
2134,11,2017,9,4,11,3,5,7,1,0,0,0,0,1,0,0,8.736276841000063,53.04133106900008,Huchting,Kirchhuchting,POINT (8.736276841000063 53.04133106900008)
2135,11,2017,10,6,17,3,3,2,1,1,0,0,0,0,0,0,8.76422351900004,53.11321687100008,Gröpelingen,Lindenhof,POINT (8.764223519000041 53.11321687100008)
2136,11,2017,10,6,7,3,4,6,1,0,0,0,0,0,1,1,8.902300452000077,53.082139760000075,Vahr,Neue Vahr Südost,POINT (8.902300452000077 53.08213976000008)
2137,11,2017,10,5,20,3,5,3,1,1,0,0,0,0,2,0,8.825099098000067,53.08423996700003,Schwachhausen,Bürgerpark,POINT (8.825099098000067 53.08423996700003)
2138,11,2017,10,5,18,3,5,3,1,1,0,0,0,0,0,0,8.832167080000033,53.040308365000044,Obervieland,Kattenturm,POINT (8.832167080000033 53.04030836500004)
2139,11,2017,10,5,13,3,4,7,1,0,0,0,0,0,0,0,8.807958813000027,53.08784777400007,Findorff,Findorff-Bürgerweide,POINT (8.807958813000027 53.08784777400007)
2140,11,2017,10,5,17,3,5,2,1,1,0,0,0,0,0,0,8.786792711000032,53.07448855500007,Neustadt,Alte Neustadt,POINT (8.786792711000032 53.07448855500007)
2141,12,2017,10,4,15,3,5,2,1,1,0,0,0,0,0,0,8.62747295400004,53.52801609000005,Schiffdorferdamm,Buschkämpen,POINT (8.627472954000041 53.52801609000005)
2142,12,2017,10,4,11,3,5,3,1,1,0,0,0,0,0,0,8.595147913000062,53.56562305400007,Lehe,Königsheide,POINT (8.595147913000062 53.56562305400007)
2143,11,2017,9,3,17,3,5,3,1,1,0,0,0,0,0,1,8.810987969000053,53.061259989000064,Neustadt,Huckelriede,POINT (8.810987969000053 53.06125998900006)
2144,11,2017,10,4,18,3,5,2,1,1,0,0,0,0,1,0,8.76150721700003,53.12159936100005,Gröpelingen,Gröpelingen,POINT (8.76150721700003 53.12159936100005)
2145,11,2017,9,3,7,3,4,6,1,0,0,0,0,0,1,1,8.784400964000042,53.07545615300006,Woltmershausen,Woltmershausen,POINT (8.784400964000042 53.07545615300006)
2146,11,2017,9,3,7,3,4,2,1,1,0,0,0,0,0,0,8.803969261000077,53.103457166000055,Findorff,In den Hufen,POINT (8.803969261000077 53.10345716600006)
2147,11,2017,9,3,19,3,5,3,1,1,0,0,0,0,2,0,8.794901883000023,53.09393821000003,Walle,Utbremen,POINT (8.794901883000023 53.09393821000003)
2148,11,2017,10,4,7,3,5,3,1,1,0,0,0,0,0,0,8.786586678000049,53.08795065400005,Walle,Überseestadt,POINT (8.786586678000049 53.08795065400005)
2149,11,2017,10,3,17,2,0,7,1,0,0,0,0,0,0,0,8.832083491000049,53.071031067000035,Östliche Vorstadt,Steintor,POINT (8.832083491000049 53.07103106700004)
2150,11,2017,10,3,8,3,5,3,1,1,0,0,0,0,1,0,8.789575496000054,53.054726223000046,Neustadt,Neuenland,POINT (8.789575496000054 53.05472622300005)
2151,11,2017,10,3,16,3,5,3,1,1,0,0,0,0,0,0,8.864261938000027,53.06270569800006,Hemelingen,Hastedt,POINT (8.864261938000027 53.06270569800006)
2152,11,2017,10,2,15,3,1,5,1,1,0,0,0,0,0,0,8.803520929000058,53.06679617300006,Neustadt,Buntentor,POINT (8.803520929000058 53.06679617300006)
2153,11,2017,10,2,18,3,0,7,1,0,0,0,0,0,1,1,8.889999075000048,53.108908788000065,Horn-Lehe,Lehesterdeich,POINT (8.889999075000048 53.10890878800006)
2154,11,2017,10,2,11,3,5,3,1,1,0,0,0,0,0,0,8.820427840000036,53.03799286900005,Obervieland,Kattenturm,POINT (8.820427840000036 53.03799286900005)
2155,11,2017,10,2,18,3,5,3,1,1,0,0,0,0,1,0,8.870748523000032,53.09590693600006,Horn-Lehe,Horn,POINT (8.870748523000032 53.09590693600006)
2156,11,2017,10,2,13,3,5,2,1,1,0,0,0,0,0,0,8.696457918000021,53.16859389800004,Burglesum,Lesum,POINT (8.696457918000021 53.16859389800004)
2157,11,2017,10,1,11,3,4,2,1,1,0,0,0,0,0,0,8.850200108000024,53.06557663700005,Östliche Vorstadt,Peterswerder,POINT (8.850200108000024 53.06557663700005)
2158,11,2017,10,1,18,3,5,2,1,1,0,0,0,0,1,0,8.833399349000047,53.08638025700003,Schwachhausen,Bürgerpark,POINT (8.833399349000047 53.08638025700003)
2159,11,2017,9,3,14,3,5,3,1,1,0,0,0,0,0,0,8.874773486000038,53.061230411000054,Hemelingen,Hastedt,POINT (8.874773486000038 53.06123041100005)
2160,11,2017,9,3,7,2,5,7,1,0,0,0,0,1,0,0,8.904489727000055,53.10948767900004,,Borgfeld,POINT (8.904489727000055 53.10948767900004)
2161,11,2017,11,5,19,3,5,2,1,1,0,0,0,0,2,1,8.869278767000026,53.074808817000076,Vahr,Gartenstadt Vahr,POINT (8.869278767000026 53.07480881700008)
2162,11,2017,10,1,14,2,4,6,1,1,0,0,0,0,0,0,8.807871155000043,53.07257918100004,Mitte,Altstadt,POINT (8.807871155000043 53.07257918100004)
2163,11,2017,10,1,11,3,6,4,1,0,1,0,0,0,0,0,8.819994713000028,53.069466738000074,Mitte,Ostertor,POINT (8.819994713000028 53.06946673800007)
2164,11,2017,10,7,12,3,5,3,1,1,0,0,0,0,0,0,8.826354220000042,53.07935564500008,Mitte,Ostertor,POINT (8.826354220000042 53.07935564500008)
2165,11,2017,9,3,8,2,5,3,1,1,0,0,0,0,0,0,8.803242029000046,53.069617262000065,Neustadt,Alte Neustadt,POINT (8.803242029000046 53.06961726200007)
2166,11,2017,10,7,8,2,0,6,1,0,0,0,0,0,0,0,8.899587397000062,53.10016694500007,,,POINT (8.899587397000062 53.10016694500007)
2167,12,2017,10,6,11,3,5,2,1,1,0,0,0,0,0,0,8.581130109000071,53.55109562400003,Lehe,Königsheide,POINT (8.581130109000071 53.55109562400003)
2168,11,2017,10,6,15,3,5,3,1,1,0,0,0,0,0,0,8.802590052000028,53.07979540700006,Mitte,Altstadt,POINT (8.802590052000028 53.07979540700006)
2169,11,2017,10,6,13,3,3,2,1,1,0,0,0,0,0,0,8.854035143000033,53.082547102000035,Schwachhausen,Radio Bremen,POINT (8.854035143000033 53.08254710200004)
2170,11,2017,10,5,15,3,5,3,1,0,0,1,0,0,0,0,8.799540056000069,53.07014581100003,Neustadt,Alte Neustadt,POINT (8.799540056000069 53.07014581100003)
2171,11,2017,10,5,16,3,5,3,1,1,0,0,0,0,0,0,8.813752932000057,53.08024565200003,Mitte,Bahnhofsvorstadt,POINT (8.813752932000057 53.08024565200003)
2172,11,2017,11,3,17,3,5,2,1,1,0,0,0,0,2,0,8.794917756000075,53.09395820700007,Walle,Utbremen,POINT (8.794917756000075 53.09395820700007)
2173,11,2017,10,5,17,3,4,2,1,1,0,0,0,0,0,0,8.796360967000055,53.08255433900007,Mitte,Altstadt,POINT (8.796360967000055 53.08255433900007)
2174,11,2017,10,5,13,3,5,2,1,1,0,0,0,0,0,0,8.854797202000043,53.07643883600008,Schwachhausen,Gete,POINT (8.854797202000043 53.07643883600008)
2175,12,2017,10,4,14,3,0,7,1,0,0,0,0,0,0,1,8.586010088000023,53.56026063200005,Lehe,Königsheide,POINT (8.586010088000023 53.56026063200005)
2176,11,2017,9,2,13,3,2,6,1,0,0,0,0,0,0,0,8.833506791000048,53.070631211000034,Östliche Vorstadt,Peterswerder,POINT (8.833506791000048 53.07063121100003)
2177,12,2017,9,1,13,3,6,7,1,0,1,0,0,0,0,0,8.580386788000055,53.560736820000045,Lehe,Königsheide,POINT (8.580386788000055 53.56073682000005)
2178,12,2017,10,4,11,3,5,3,1,1,0,0,0,0,0,0,8.595994903000076,53.566884781000056,Lehe,Königsheide,POINT (8.595994903000076 53.56688478100006)
2179,11,2017,10,4,10,3,5,2,1,0,0,0,0,1,0,1,8.831372128000055,53.08124783400007,Schwachhausen,Barkhof,POINT (8.831372128000055 53.08124783400007)
2180,11,2017,10,4,13,3,5,2,1,1,0,0,0,0,0,0,8.805817370000057,53.071460142000035,Neustadt,Alte Neustadt,POINT (8.805817370000057 53.07146014200003)
2181,11,2017,10,3,12,3,5,3,1,1,0,0,0,0,0,0,8.881070395000052,53.08065200500005,Vahr,Neue Vahr Südwest,POINT (8.881070395000052 53.08065200500005)
2182,11,2017,10,3,12,3,0,1,1,0,0,0,0,0,0,0,8.800670979000074,53.078596642000036,Mitte,Altstadt,POINT (8.800670979000074 53.07859664200004)
2183,11,2017,10,3,16,3,5,2,1,1,0,0,0,0,0,0,8.837346206000063,53.07684937500005,Östliche Vorstadt,Hulsberg,POINT (8.837346206000063 53.07684937500005)
2184,11,2017,10,3,19,3,5,3,1,1,0,0,0,0,2,1,8.637669651000067,53.16683655000003,Vegesack,Grohn,POINT (8.637669651000067 53.16683655000003)
2185,11,2017,9,1,20,3,5,3,1,1,0,0,0,0,2,1,8.802018017000023,53.07143647100003,Neustadt,Alte Neustadt,POINT (8.802018017000023 53.07143647100003)
2186,12,2017,11,3,7,3,2,6,1,1,0,0,0,0,0,0,8.606360607000056,53.51680128500004,Geestemünde,Buschkämpen,POINT (8.606360607000056 53.51680128500004)
2187,11,2017,10,3,9,3,5,3,1,1,0,0,0,0,0,0,8.731323024000062,53.04795207900003,Huchting,Sodenmatt,POINT (8.731323024000062 53.04795207900003)
2188,11,2017,10,3,11,3,5,3,1,1,0,0,0,0,0,0,8.862523980000049,53.09928782000003,Horn-Lehe,Lehe,POINT (8.862523980000049 53.09928782000003)
2189,11,2017,10,2,14,3,5,3,1,0,0,0,0,1,0,1,8.799813075000031,53.078365732000066,Mitte,Altstadt,POINT (8.799813075000031 53.07836573200007)
2190,11,2017,10,2,11,3,3,6,1,0,0,0,0,0,0,0,8.804264525000065,53.06223674800003,Neustadt,Buntentor,POINT (8.804264525000065 53.06223674800003)
2191,11,2017,10,1,17,3,5,3,1,1,0,0,0,0,0,0,8.838029431000052,53.067853452000065,Östliche Vorstadt,Peterswerder,POINT (8.838029431000052 53.06785345200007)
2192,11,2017,10,7,16,3,5,3,1,1,0,0,0,0,0,1,8.929305973000055,53.07176467800008,Osterholz,Blockdiek,POINT (8.929305973000055 53.07176467800008)
2193,11,2017,10,6,15,3,0,1,1,0,0,0,0,0,0,1,8.831869235000056,53.07109688600008,Östliche Vorstadt,Steintor,POINT (8.831869235000056 53.07109688600008)
2194,11,2017,10,6,8,3,6,4,1,0,1,0,0,0,0,1,8.80512254200005,53.10016007300004,Findorff,Regensburger Str.,POINT (8.805122542000049 53.10016007300004)
2195,11,2017,10,5,6,3,4,2,1,0,0,0,0,1,2,1,8.880308133000028,53.08244101500003,Vahr,Neue Vahr Südwest,POINT (8.880308133000028 53.08244101500003)
2196,11,2017,11,6,14,3,5,3,1,0,0,0,0,0,0,1,8.724476335000077,53.052818804000026,Huchting,Sodenmatt,POINT (8.724476335000077 53.05281880400003)
2197,12,2017,10,4,16,3,5,3,1,1,0,0,0,0,0,1,8.58359180900004,53.55518467300004,Lehe,Königsheide,POINT (8.58359180900004 53.55518467300004)
2198,11,2017,10,4,11,3,5,3,1,1,0,0,0,0,0,0,8.882517328000063,53.100840375000075,Horn-Lehe,Lehe,POINT (8.882517328000063 53.10084037500008)
2199,11,2017,11,5,10,3,5,3,1,1,0,0,0,0,0,0,8.818163649000041,53.077737021000075,Mitte,Ostertor,POINT (8.818163649000041 53.07773702100008)
2200,11,2017,10,4,22,3,5,3,1,1,0,0,0,0,2,0,8.798561251000024,53.05452003600004,Neustadt,Neuenland,POINT (8.798561251000024 53.05452003600004)
2201,11,2017,11,6,16,3,5,2,1,1,0,0,0,0,1,1,8.770458913000027,53.11404735000008,Gröpelingen,Gröpelingen,POINT (8.770458913000027 53.11404735000008)
2202,12,2017,10,3,1,2,0,7,1,0,0,0,0,0,2,0,8.641639922000024,53.52033274400003,Surheide,Schiffdorferdamm,POINT (8.641639922000024 53.52033274400003)
2203,12,2017,10,2,6,3,0,7,1,1,0,0,0,0,2,1,8.597498100000053,53.571536826000056,Lehe,Königsheide,POINT (8.597498100000053 53.57153682600006)
2204,12,2017,10,2,6,3,5,3,1,1,0,0,0,0,2,1,8.596694575000072,53.571761552000055,Lehe,Königsheide,POINT (8.596694575000072 53.57176155200005)
2205,12,2017,10,2,17,3,5,3,1,1,0,0,0,0,0,0,8.593182815000034,53.57364079600006,Lehe,Königsheide,POINT (8.593182815000034 53.57364079600006)
2206,11,2017,10,2,11,3,0,1,1,0,0,0,0,0,0,1,8.818002267000054,53.07239704500006,Mitte,Ostertor,POINT (8.818002267000054 53.07239704500006)
2207,11,2017,10,2,15,3,1,5,1,1,0,0,0,0,0,0,8.826063676000047,53.07298875300006,Östliche Vorstadt,Steintor,POINT (8.826063676000047 53.07298875300006)
2208,11,2017,10,1,12,3,0,6,1,0,0,0,0,0,0,1,8.891367655000067,53.129627629000026,,Borgfeld,POINT (8.891367655000067 53.12962762900003)
2209,11,2017,10,1,10,3,0,7,1,0,0,0,0,0,0,0,8.80473409900003,53.06606241900005,Neustadt,Buntentor,POINT (8.804734099000029 53.06606241900005)
2210,11,2017,10,1,13,3,5,3,1,1,0,0,0,0,0,0,8.621480013000053,53.195131556000035,Vegesack,Aumund-Hammersbeck,POINT (8.621480013000053 53.19513155600004)