,UKREIS,UJAHR,UMONAT,UWOCHENTAG,USTUNDE,UKATEGORIE,UART,UTYP1,IstRad,IstPKW,IstFuss,IstKrad,IstGkfz,IstSonstig,ULICHTVERH,STRZUSTAND,longitude,latitude,Stadtteil,Ortsteil,geometry
2368,11,2018,7,5,12,3,5,3,1,1,0,0,0,0,0,0,8.803160795000053,53.053338291000046,Neustadt,Huckelriede,POINT (8.803160795000053 53.05333829100005)
2369,11,2018,5,3,12,3,0,7,1,0,0,0,0,0,0,0,8.819362975000047,53.04844100300005,Neustadt,Huckelriede,POINT (8.819362975000047 53.04844100300005)
2370,11,2018,1,2,16,3,3,6,1,1,0,0,0,0,0,1,8.873230337000052,53.10137267200008,Horn-Lehe,Lehe,POINT (8.873230337000052 53.10137267200008)
2371,12,2018,1,4,7,3,0,7,1,0,0,0,0,0,1,1,8.604579217000037,53.58231377200008,Lehe,Königsheide,POINT (8.604579217000037 53.58231377200008)
2372,11,2018,1,5,18,3,5,3,1,1,0,0,0,0,2,1,8.79914248600005,53.08399500300004,Mitte,Bahnhofsvorstadt,POINT (8.799142486000051 53.08399500300004)
2373,11,2018,1,2,18,3,5,2,1,1,0,0,0,0,2,0,8.837391108000077,53.03784281900005,Obervieland,Arsten,POINT (8.837391108000077 53.03784281900005)
2374,11,2018,1,3,15,3,5,2,1,1,0,0,0,0,0,0,8.788800277000064,53.09803745000005,Walle,Westend,POINT (8.788800277000064 53.09803745000005)
2375,11,2018,1,6,6,3,5,3,1,1,0,0,0,0,2,2,8.899956749000069,53.12368824500004,,Borgfeld,POINT (8.899956749000069 53.12368824500004)
2376,11,2018,1,3,14,3,5,3,1,0,0,0,0,1,0,0,8.803400095000029,53.080321008000055,Mitte,Altstadt,POINT (8.803400095000029 53.08032100800006)
2377,11,2018,1,6,12,3,0,7,1,0,0,0,0,0,0,1,8.803863293000063,53.085191515000076,Mitte,Bahnhofsvorstadt,POINT (8.803863293000063 53.08519151500008)
2378,11,2018,1,2,8,3,1,5,1,1,0,0,0,0,0,1,8.839142906000063,53.071188438000036,Östliche Vorstadt,Peterswerder,POINT (8.839142906000063 53.07118843800004)
2379,12,2018,1,5,16,3,6,4,1,0,1,0,0,0,0,1,8.586122705000037,53.561402616000066,Lehe,Königsheide,POINT (8.586122705000037 53.56140261600007)
2380,11,2018,1,2,22,2,6,6,1,0,1,0,0,0,2,1,8.946098919000065,53.06863920600006,Osterholz,Ellenerbrok-Schevemoor,POINT (8.946098919000065 53.06863920600006)
2381,11,2018,1,6,7,2,5,3,1,1,0,0,0,0,2,1,8.83554459000004,53.03534171000007,Obervieland,Arsten,POINT (8.83554459000004 53.03534171000007)
2382,11,2018,1,5,14,3,5,3,1,0,0,0,1,0,0,1,8.785744583000053,53.061303903000066,Neustadt,Neuenland,POINT (8.785744583000053 53.06130390300007)
2383,11,2018,1,4,8,3,9,6,1,1,0,0,0,0,0,0,8.800410158000034,53.06995999500003,Neustadt,Alte Neustadt,POINT (8.800410158000034 53.06995999500003)
2384,11,2018,1,5,18,3,5,2,1,1,0,0,0,0,2,1,8.593511799000055,53.18431110900008,Vegesack,Fähr-Lobbendorf,POINT (8.593511799000055 53.18431110900008)
2385,11,2018,1,2,17,3,5,3,1,1,0,0,0,0,2,1,8.814173696000069,53.08521824300004,Findorff,Findorff-Bürgerweide,POINT (8.814173696000069 53.08521824300004)
2386,11,2018,1,6,8,3,0,1,1,0,0,0,0,0,0,2,8.85560139100005,53.084331631000055,Schwachhausen,Radio Bremen,POINT (8.85560139100005 53.08433163100005)
2387,11,2018,1,4,8,3,6,4,1,0,1,0,0,0,2,1,8.794424209000056,53.07456654100008,Neustadt,Alte Neustadt,POINT (8.794424209000056 53.07456654100008)
2388,11,2018,1,5,13,3,5,3,1,1,0,0,0,0,0,0,8.838056588000029,53.06788540500003,Östliche Vorstadt,Peterswerder,POINT (8.838056588000029 53.06788540500003)
2389,11,2018,1,5,7,2,4,6,1,0,0,0,0,0,2,1,8.787144369000032,53.07564240200003,Neustadt,Alte Neustadt,POINT (8.787144369000032 53.07564240200003)
2390,11,2018,1,6,21,3,6,4,1,0,1,0,0,0,2,1,8.88057182700004,53.07672743000006,Vahr,Gartenstadt Vahr,POINT (8.88057182700004 53.07672743000006)
2391,11,2018,1,6,9,3,4,2,1,1,0,0,0,0,0,1,8.811245528000029,53.09218532700004,Findorff,Findorff-Bürgerweide,POINT (8.811245528000029 53.09218532700004)
2392,12,2018,1,6,7,2,0,7,1,0,0,0,0,0,1,2,8.601289296000061,53.57344813700007,Lehe,Königsheide,POINT (8.601289296000061 53.57344813700007)
2393,11,2018,1,2,23,3,0,7,1,0,0,0,0,0,2,1,8.855222242000025,53.07758442900007,Schwachhausen,Gete,POINT (8.855222242000025 53.07758442900007)
2394,11,2018,1,3,17,3,5,3,1,0,0,0,0,1,2,1,8.822164282000074,53.072801078000055,Mitte,Ostertor,POINT (8.822164282000074 53.07280107800005)
2395,11,2018,1,7,16,2,0,3,1,0,0,0,1,0,1,0,8.95921955800003,53.041875394000044,Hemelingen,Mahndorf,POINT (8.959219558000029 53.04187539400004)
2396,11,2018,1,2,5,3,5,3,1,1,0,0,0,0,2,0,8.68607892500006,53.17333814400007,Burglesum,Lesum,POINT (8.686078925000061 53.17333814400007)
2397,11,2018,1,2,7,3,5,3,1,1,0,0,0,0,1,1,8.797959337000066,53.07333256900006,Neustadt,Alte Neustadt,POINT (8.797959337000066 53.07333256900006)
2398,11,2018,1,6,9,3,5,2,1,1,0,0,0,0,0,0,8.603494355000066,53.18464230700005,Vegesack,Aumund-Hammersbeck,POINT (8.603494355000066 53.18464230700005)
2399,11,2018,1,5,13,3,3,2,1,1,0,0,0,0,0,0,8.88954013600005,53.06166170200004,Hemelingen,Sebaldsbrück,POINT (8.889540136000051 53.06166170200004)
2400,11,2018,1,6,6,3,5,2,1,1,0,0,0,0,2,1,8.770261929000071,53.09311446000004,Walle,Überseestadt,POINT (8.770261929000071 53.09311446000004)
2401,11,2018,1,2,15,3,3,6,1,0,0,0,0,0,1,1,8.836834856000053,53.06809230300007,Östliche Vorstadt,Peterswerder,POINT (8.836834856000053 53.06809230300007)
2402,11,2018,1,4,15,3,5,3,1,1,0,0,0,0,0,0,8.796708239000054,53.08920973100004,Walle,Utbremen,POINT (8.796708239000054 53.08920973100004)
2403,11,2018,1,4,9,3,0,7,1,0,0,0,0,0,0,2,8.839274357000022,53.09877006700003,Schwachhausen,Neu-Schwachhausen,POINT (8.839274357000022 53.09877006700003)
2404,11,2018,1,6,6,3,5,3,1,1,0,0,0,0,2,2,8.576085393000028,53.19043166500006,Blumenthal,Blumenthal,POINT (8.576085393000028 53.19043166500006)
2405,11,2018,1,3,11,3,3,6,1,0,0,0,0,0,0,0,8.799135206000074,53.069390845000044,Neustadt,Alte Neustadt,POINT (8.799135206000074 53.06939084500004)
2406,11,2018,1,2,11,2,5,3,1,1,0,0,0,0,0,0,8.750272589000076,53.12646333400005,Gröpelingen,Ohlenhof,POINT (8.750272589000076 53.12646333400005)
2407,11,2018,1,3,17,3,5,3,1,1,0,0,0,0,2,0,8.847168921000048,53.08699092900008,Schwachhausen,Schwachhausen,POINT (8.847168921000048 53.08699092900008)
2408,11,2018,1,3,12,3,5,3,1,1,0,0,0,0,0,0,8.86165012500004,53.09929103500008,Horn-Lehe,Lehe,POINT (8.86165012500004 53.09929103500008)
2409,12,2018,1,2,15,3,5,3,1,1,0,0,0,0,0,1,8.591273323000053,53.559037887000045,Lehe,Königsheide,POINT (8.591273323000053 53.55903788700004)
2410,11,2018,1,1,16,3,3,6,1,1,0,0,0,0,1,0,8.828126419000057,53.072418113000026,Östliche Vorstadt,Steintor,POINT (8.828126419000057 53.07241811300003)
2411,11,2018,1,4,17,3,6,3,1,0,1,0,0,0,2,1,8.788983895000058,53.069037611000056,Neustadt,Neustadt,POINT (8.788983895000058 53.06903761100006)
2412,11,2018,1,3,10,3,4,6,1,0,0,0,0,0,0,1,8.798212658000068,53.080104980000044,Mitte,Altstadt,POINT (8.798212658000068 53.08010498000004)
2413,11,2018,1,5,7,3,2,7,1,1,0,0,0,0,1,1,8.826166148000027,53.083683353000026,Schwachhausen,Bürgerpark,POINT (8.826166148000027 53.08368335300003)
2414,11,2018,1,4,10,3,0,2,1,1,0,0,0,0,0,1,8.690876125000045,53.16880958100006,Burglesum,Lesum,POINT (8.690876125000045 53.16880958100006)
2415,11,2018,1,7,10,3,5,3,1,1,0,0,0,0,0,0,8.890819192000038,53.10894701700005,Horn-Lehe,Lehesterdeich,POINT (8.890819192000038 53.10894701700005)
2416,11,2018,1,5,10,3,5,3,1,1,0,0,0,0,0,0,8.555965153000045,53.185845974000074,Blumenthal,Rönnebeck,POINT (8.555965153000045 53.18584597400007)
2417,11,2018,1,2,9,3,2,2,1,1,0,0,0,0,0,1,8.54972439100004,53.19090357400006,Blumenthal,Rönnebeck,POINT (8.549724391000041 53.19090357400006)
2418,11,2018,1,6,7,3,5,3,1,1,0,0,0,0,2,0,8.792660871000066,53.08278308700005,Mitte,Altstadt,POINT (8.792660871000066 53.08278308700005)
2419,11,2018,1,5,21,3,0,1,1,0,0,0,0,0,2,1,8.87085184700004,53.067090859000075,Hemelingen,Hastedt,POINT (8.87085184700004 53.06709085900007)
2420,11,2018,1,5,18,3,5,3,1,1,0,0,0,0,2,1,8.782588955000051,53.08709276800005,Walle,Überseestadt,POINT (8.782588955000051 53.08709276800005)
2421,12,2018,1,2,7,2,0,7,1,0,1,0,0,0,2,0,8.57822565600003,53.54449449100008,Mitte,Weddewarden,POINT (8.578225656000029 53.54449449100008)
2422,11,2018,1,6,12,3,5,3,1,1,0,0,0,0,0,1,8.786920018000046,53.10020719100004,Walle,Walle,POINT (8.786920018000046 53.10020719100004)
2423,11,2018,1,3,14,3,5,2,1,0,0,0,1,0,0,0,8.713995124000064,53.13940981200005,Burglesum,Burg-Grambke,POINT (8.713995124000064 53.13940981200005)
2424,11,2018,1,2,15,2,5,2,1,1,0,0,0,0,0,0,8.788572719000058,53.072901296000055,Neustadt,Hohentor,POINT (8.788572719000058 53.07290129600005)
2425,11,2018,1,3,18,3,3,6,1,1,0,0,0,0,2,1,8.823788642000068,53.07760801000006,Östliche Vorstadt,Fesenfeld,POINT (8.823788642000068 53.07760801000006)
2426,11,2018,2,4,7,3,5,2,1,1,0,0,0,0,1,0,8.863419385000043,53.06843806200004,Hemelingen,Hastedt,POINT (8.863419385000043 53.06843806200004)
2427,11,2018,3,1,18,3,1,7,1,1,0,0,0,0,2,0,8.806090955000059,53.093903072000046,Findorff,Findorff-Bürgerweide,POINT (8.806090955000059 53.09390307200005)
2428,11,2018,2,3,10,3,2,6,1,0,0,0,0,0,0,0,8.882612763000054,53.06370006600008,Hemelingen,Hastedt,POINT (8.882612763000054 53.06370006600008)
2429,11,2018,3,1,21,3,5,3,1,0,0,0,0,1,2,0,8.781585557000028,53.10098626400003,Walle,Walle,POINT (8.781585557000028 53.10098626400003)
2430,11,2018,2,3,22,2,5,2,1,1,0,0,0,0,2,0,8.812743451000074,53.07328870500004,Mitte,Altstadt,POINT (8.812743451000074 53.07328870500004)
2431,12,2018,2,2,17,3,5,3,1,1,0,0,0,0,1,0,8.597353187000067,53.53644919300007,Geestemünde,Buschkämpen,POINT (8.597353187000067 53.53644919300007)
2432,11,2018,2,2,8,3,1,5,1,1,0,0,0,0,0,0,8.837049834000027,53.082719213000075,Schwachhausen,Schwachhausen,POINT (8.837049834000027 53.08271921300008)
2433,11,2018,3,7,11,3,5,3,1,1,0,0,0,0,0,1,8.808801621000043,53.078440571000044,Mitte,Altstadt,POINT (8.808801621000043 53.07844057100004)
2434,11,2018,2,4,22,2,0,7,1,0,0,0,0,0,2,0,8.819744618000072,53.053711630000066,Neustadt,Huckelriede,POINT (8.819744618000072 53.05371163000007)
2435,12,2018,2,7,11,3,0,7,1,1,0,0,0,0,0,0,8.614388158000054,53.59314216000007,Leherheide,Fehmoor,POINT (8.614388158000054 53.59314216000007)
2436,11,2018,2,7,13,3,6,4,1,0,1,0,0,0,0,0,8.940609384000027,53.079028460000075,,,POINT (8.940609384000027 53.07902846000007)
2437,11,2018,3,5,18,3,5,2,1,1,0,0,0,0,2,1,8.806800340000052,53.060478180000075,Neustadt,Huckelriede,POINT (8.806800340000052 53.06047818000008)
2438,12,2018,2,6,18,2,5,3,1,1,0,0,0,0,2,1,8.596035182000037,53.56687859800007,Lehe,Königsheide,POINT (8.596035182000037 53.56687859800007)
2439,11,2018,3,4,14,3,6,4,1,0,1,0,0,0,0,0,8.86741879400006,53.06598690800007,Hemelingen,Hastedt,POINT (8.867418794000059 53.06598690800007)
2440,11,2018,2,6,11,3,5,2,1,1,0,0,0,0,0,0,8.82464109700004,53.06891121800004,Östliche Vorstadt,Steintor,POINT (8.82464109700004 53.06891121800004)
2441,11,2018,2,6,13,3,5,3,1,1,0,0,0,0,0,0,8.613339580000059,53.18430960400008,Vegesack,Fähr-Lobbendorf,POINT (8.613339580000059 53.18430960400008)
2442,11,2018,3,6,16,3,5,2,1,1,0,0,0,0,0,1,8.804149099000028,53.07239246300003,Neustadt,Alte Neustadt,POINT (8.804149099000028 53.07239246300003)
2443,11,2018,3,4,7,3,5,2,1,1,0,0,0,0,0,0,8.716726798000025,53.05652557900004,Huchting,Mittelshuchting,POINT (8.716726798000025 53.05652557900004)
2444,11,2018,2,5,10,2,6,3,1,0,1,0,0,0,0,1,8.836919945000034,53.082401177000065,Schwachhausen,Gete,POINT (8.836919945000034 53.08240117700007)
2445,11,2018,2,5,9,3,5,3,1,1,0,0,0,0,0,1,8.809496635000073,53.09538961900006,Findorff,Weidedamm,POINT (8.809496635000073 53.09538961900006)
2446,11,2018,2,5,7,3,5,3,1,1,0,0,0,0,1,0,8.564760318000026,53.19772276200007,Blumenthal,Lüssum-Bockhorn,POINT (8.564760318000026 53.19772276200007)
2447,11,2018,3,2,16,3,5,2,1,1,0,0,0,0,0,0,8.862549948000037,53.067639608000036,Hemelingen,Hastedt,POINT (8.862549948000037 53.06763960800004)
2448,11,2018,2,4,13,3,3,5,1,0,0,0,0,1,0,0,8.80091898400002,53.07127708500008,Neustadt,Alte Neustadt,POINT (8.80091898400002 53.07127708500008)
2449,11,2018,2,4,11,2,5,3,1,1,0,0,0,0,0,0,8.610552545000075,53.17590310300005,Vegesack,Fähr-Lobbendorf,POINT (8.610552545000075 53.17590310300005)
2450,12,2018,3,5,12,3,5,3,1,1,0,0,0,0,0,0,8.591274240000075,53.55903013600005,Lehe,Königsheide,POINT (8.591274240000075 53.55903013600005)
2451,11,2018,2,4,8,3,5,3,1,1,0,0,0,0,0,0,8.690221680000036,53.174098352000044,Burglesum,Lesum,POINT (8.690221680000036 53.17409835200004)
2452,11,2018,2,4,10,3,0,7,1,0,0,0,0,0,0,2,8.802792328000066,53.07990525000008,Mitte,Altstadt,POINT (8.802792328000066 53.07990525000008)
2453,11,2018,3,3,14,3,0,7,1,0,0,0,0,0,0,0,8.577520014000072,53.183551280000074,Blumenthal,Blumenthal,POINT (8.577520014000072 53.18355128000007)
2454,11,2018,2,4,14,3,5,3,1,1,0,0,0,0,0,0,8.63439657500004,53.17307386600004,Vegesack,Vegesack,POINT (8.634396575000039 53.17307386600004)
2455,11,2018,3,2,9,3,5,3,1,1,0,0,0,0,0,0,8.875867400000061,53.079827753000075,Vahr,Gartenstadt Vahr,POINT (8.875867400000061 53.07982775300007)
2456,11,2018,2,3,16,3,5,3,1,1,0,0,0,0,0,0,8.874284893000038,53.07840615900005,Vahr,Gartenstadt Vahr,POINT (8.874284893000038 53.07840615900005)
2457,11,2018,2,3,8,3,5,3,1,1,0,0,0,0,0,1,8.827681165000058,53.08301604500008,Schwachhausen,Schwachhausen,POINT (8.827681165000058 53.08301604500008)
2458,11,2018,3,6,14,3,5,3,1,1,0,0,0,0,0,1,8.714133182000069,53.138389181000036,Burglesum,Burg-Grambke,POINT (8.714133182000069 53.13838918100004)
2459,11,2018,2,3,14,3,5,3,1,1,0,0,0,0,0,0,8.805092068000022,53.092051180000055,Findorff,Findorff-Bürgerweide,POINT (8.805092068000022 53.09205118000006)
2460,11,2018,3,5,16,3,5,3,1,1,0,0,0,0,0,0,8.768761459000075,53.079752348000056,Woltmershausen,Woltmershausen,POINT (8.768761459000075 53.07975234800006)
2461,11,2018,2,2,12,3,5,2,1,1,0,0,0,0,0,0,8.795603602000028,53.067584612000076,Neustadt,Südervorstadt,POINT (8.795603602000028 53.06758461200008)
2462,12,2018,3,3,11,2,5,3,1,1,0,0,0,0,0,1,8.608810481000035,53.586812973000065,Leherheide,Fehmoor,POINT (8.608810481000035 53.58681297300006)
2463,11,2018,2,1,23,3,0,1,1,0,0,0,0,0,2,1,8.82764813600005,53.07256760700005,Östliche Vorstadt,Steintor,POINT (8.82764813600005 53.07256760700005)
2464,11,2018,2,1,14,3,0,7,1,0,0,0,0,0,0,0,8.72172314200003,53.141813083000045,Gröpelingen,Oslebshausen,POINT (8.72172314200003 53.14181308300005)
2465,11,2018,2,4,10,3,5,3,1,1,0,0,0,0,0,0,8.876511859000061,53.08103427600008,Vahr,Gartenstadt Vahr,POINT (8.876511859000061 53.08103427600008)
2466,11,2018,3,4,16,3,6,4,1,0,1,0,0,0,0,0,8.825147486000049,53.08450744600003,Schwachhausen,Bürgerpark,POINT (8.825147486000049 53.08450744600003)
2467,11,2018,2,1,16,3,5,3,1,1,0,0,0,0,0,1,8.87340127400006,53.08478416100007,Schwachhausen,Radio Bremen,POINT (8.873401274000059 53.08478416100007)
2468,11,2018,2,6,11,3,5,3,1,1,0,0,0,0,0,0,8.804132755000069,53.07240163900008,Neustadt,Alte Neustadt,POINT (8.804132755000069 53.07240163900008)
2469,11,2018,3,2,23,2,0,1,1,0,0,0,0,0,2,1,8.849104992000036,53.06837636200004,Östliche Vorstadt,Peterswerder,POINT (8.849104992000036 53.06837636200004)
2470,11,2018,2,1,11,3,5,3,1,1,0,0,0,0,0,0,8.78498877000004,53.060880206000036,Neustadt,Neuenland,POINT (8.784988770000041 53.06088020600004)
2471,11,2018,3,3,8,3,5,3,1,1,0,0,0,0,0,0,8.919028350000076,53.03846813800004,Hemelingen,Arbergen,POINT (8.919028350000076 53.03846813800004)
2472,11,2018,2,6,7,3,0,7,1,0,0,0,0,0,0,0,8.81093820500007,53.089200031000075,Findorff,Findorff-Bürgerweide,POINT (8.81093820500007 53.08920003100008)
2473,11,2018,2,6,11,3,5,2,1,1,0,0,0,0,0,0,8.83280060100003,53.07746575600004,Östliche Vorstadt,Fesenfeld,POINT (8.832800601000031 53.07746575600004)
2474,12,2018,2,5,17,3,4,2,1,1,0,0,0,0,2,1,8.584749672000044,53.55685817900007,Lehe,Königsheide,POINT (8.584749672000044 53.55685817900007)
2475,11,2018,3,1,17,3,5,3,1,1,0,0,0,0,0,0,8.753026464000072,53.118862017000026,Gröpelingen,Lindenhof,POINT (8.753026464000072 53.11886201700003)
2476,11,2018,3,2,7,3,5,3,1,1,0,0,0,0,0,1,8.815543110000021,53.05153109500003,Neustadt,Huckelriede,POINT (8.815543110000021 53.05153109500003)
2477,11,2018,2,5,9,3,5,2,1,1,0,0,0,0,0,0,8.79286730900003,53.091344821000064,Walle,Utbremen,POINT (8.79286730900003 53.09134482100006)
2478,11,2018,3,6,18,3,5,2,1,1,0,0,0,0,2,0,8.853548115000024,53.06489062900005,Östliche Vorstadt,Peterswerder,POINT (8.853548115000024 53.06489062900005)
2479,11,2018,2,5,8,3,5,3,1,1,0,0,0,0,0,0,8.715547382000068,53.14264282700003,Burglesum,Burg-Grambke,POINT (8.715547382000068 53.14264282700003)
2480,11,2018,3,6,23,3,0,7,1,0,0,0,0,0,2,0,8.960629491000077,53.069433021000066,Osterholz,Tenever,POINT (8.960629491000077 53.06943302100007)
2481,11,2018,3,6,14,3,5,7,1,1,0,0,0,0,0,1,8.77368649300007,53.11090053700008,Walle,Walle,POINT (8.773686493000071 53.11090053700008)
2482,11,2018,3,5,13,3,5,3,1,0,0,0,0,1,0,0,8.910933412000077,53.077349542000036,Vahr,Neue Vahr Südost,POINT (8.910933412000077 53.07734954200004)
2483,12,2018,3,6,9,3,1,5,1,1,0,0,0,0,0,1,8.616750706000062,53.58603449800006,Leherheide,Fehmoor,POINT (8.616750706000062 53.58603449800006)
2484,11,2018,3,3,7,3,5,3,1,1,0,0,0,0,0,1,8.76177283800007,53.12178911800004,Gröpelingen,Gröpelingen,POINT (8.76177283800007 53.12178911800004)
2485,11,2018,2,4,5,3,5,3,1,1,0,0,0,0,2,1,8.93895572300005,53.058543987000064,Osterholz,Ellenerbrok-Schevemoor,POINT (8.938955723000049 53.05854398700006)
2486,11,2018,3,4,13,3,5,3,1,1,0,0,0,0,0,0,8.817659742000046,53.07849627000007,Mitte,Ostertor,POINT (8.817659742000046 53.07849627000007)
2487,11,2018,2,6,14,3,5,2,1,1,0,0,0,0,0,0,8.923544303000028,53.059401904000026,Osterholz,Ellener Feld,POINT (8.923544303000028 53.05940190400003)
2488,11,2018,2,3,8,3,5,3,1,1,0,0,0,0,1,0,8.780989961000046,53.10164040600006,Walle,Walle,POINT (8.780989961000046 53.10164040600006)
2489,11,2018,2,3,7,3,0,3,1,1,0,0,0,0,0,0,8.731062224000027,53.13528010400006,Gröpelingen,Oslebshausen,POINT (8.731062224000027 53.13528010400006)
2490,11,2018,3,3,15,3,4,6,1,1,0,0,0,0,0,0,8.804099012000052,53.072382247000064,Neustadt,Alte Neustadt,POINT (8.804099012000052 53.07238224700006)
2491,11,2018,2,6,7,3,3,3,1,0,0,0,0,1,1,1,8.81314053500006,53.078457135000065,Mitte,Bahnhofsvorstadt,POINT (8.813140535000059 53.07845713500006)
2492,11,2018,3,3,10,3,0,7,1,1,0,0,0,0,0,0,8.937093420000053,53.08879716300004,,,POINT (8.937093420000053 53.08879716300004)
2493,11,2018,3,2,10,3,5,3,1,1,0,0,0,0,0,0,8.82508688400003,53.084593770000026,Schwachhausen,Bürgerpark,POINT (8.825086884000029 53.08459377000003)
2494,11,2018,2,3,11,3,5,3,1,1,0,0,0,0,0,0,8.809323297000049,53.07888338200007,Mitte,Altstadt,POINT (8.809323297000049 53.07888338200007)
2495,11,2018,3,4,8,3,0,7,1,1,0,0,0,0,0,0,8.779715157000055,53.05945475500005,Neustadt,Neuenland,POINT (8.779715157000055 53.05945475500005)
2496,11,2018,3,2,11,3,5,3,1,1,0,0,0,0,0,0,8.881258657000046,53.10130423600003,Horn-Lehe,Lehe,POINT (8.881258657000046 53.10130423600003)
2497,12,2018,3,7,15,3,5,3,1,1,0,0,0,0,0,1,8.595734624000045,53.48754180200007,Fischereihafen,Mitte-Süd,POINT (8.595734624000045 53.48754180200007)
2498,11,2018,2,6,12,3,5,3,1,0,0,0,1,0,0,0,8.887977094000064,53.06677648200008,Hemelingen,Sebaldsbrück,POINT (8.887977094000064 53.06677648200008)
2499,12,2018,3,5,15,3,5,3,1,1,0,0,0,0,0,0,8.607594121000034,53.53525374800006,Geestemünde,Buschkämpen,POINT (8.607594121000034 53.53525374800006)
2500,11,2018,3,5,15,3,5,3,1,1,0,0,0,0,0,0,8.898359640000024,53.11996260600006,,Borgfeld,POINT (8.898359640000024 53.11996260600006)
2501,11,2018,2,7,11,3,1,5,1,1,0,0,0,0,0,1,8.808476648000067,53.08808496100005,Findorff,Findorff-Bürgerweide,POINT (8.808476648000067 53.08808496100005)
2502,11,2018,3,5,15,3,5,3,1,1,0,0,0,0,0,0,8.889269317000071,53.098842422000075,Horn-Lehe,Lehesterdeich,POINT (8.889269317000071 53.09884242200008)
2503,11,2018,2,6,19,3,5,3,1,1,0,0,0,0,2,1,8.78950035500003,53.105927164000036,Walle,Hohweg,POINT (8.78950035500003 53.10592716400004)
2504,11,2018,2,5,19,3,5,3,1,1,0,0,0,0,2,1,8.804443045000028,53.062118515000066,Neustadt,Buntentor,POINT (8.804443045000028 53.06211851500007)
2505,12,2018,1,4,16,3,5,3,1,1,0,0,0,0,0,1,8.59029540900002,53.534835834000035,Geestemünde,Buschkämpen,POINT (8.590295409000021 53.53483583400003)
2506,11,2018,1,4,7,3,6,4,1,0,1,0,0,0,2,1,8.853971424000065,53.083343315000036,Schwachhausen,Radio Bremen,POINT (8.853971424000065 53.08334331500004)
2507,11,2018,3,2,15,3,0,7,1,0,0,0,0,0,0,0,8.721096240000065,53.04487285300007,Huchting,Sodenmatt,POINT (8.721096240000065 53.04487285300007)
2508,12,2018,1,3,8,3,1,5,1,1,0,0,0,0,0,1,8.601150442000062,53.53580891900003,Geestemünde,Buschkämpen,POINT (8.601150442000062 53.53580891900003)
2509,11,2018,2,4,15,3,6,4,1,0,1,0,0,0,0,0,8.870687675000056,53.09589829600003,Horn-Lehe,Horn,POINT (8.870687675000056 53.09589829600003)
2510,11,2018,1,2,13,3,5,2,1,0,0,0,0,1,0,1,8.788522382000053,53.093937872000026,Walle,Westend,POINT (8.788522382000053 53.09393787200003)
2511,11,2018,3,2,16,2,0,7,1,0,0,0,0,0,0,0,8.750064617000021,53.09287646300004,Woltmershausen,Rablinghausen,POINT (8.750064617000021 53.09287646300004)
2512,11,2018,3,6,15,3,5,2,1,1,0,0,0,0,0,1,8.838308899000026,53.06783721100004,Östliche Vorstadt,Peterswerder,POINT (8.838308899000026 53.06783721100004)
2513,12,2018,1,7,16,3,5,3,1,1,0,0,0,0,0,0,8.590640761000031,53.53070404300007,Geestemünde,Buschkämpen,POINT (8.590640761000031 53.53070404300007)
2514,11,2018,3,5,18,3,6,4,1,0,1,0,0,0,1,0,8.886635733000048,53.05161237800007,Hemelingen,Hemelingen,POINT (8.886635733000048 53.05161237800007)
2515,11,2018,3,5,8,3,4,6,1,0,0,0,0,0,0,0,8.833871310000063,53.03955211300007,Obervieland,Kattenturm,POINT (8.833871310000063 53.03955211300007)
2516,11,2018,3,4,14,3,0,1,1,0,0,0,0,0,0,0,8.632019598000056,53.17692491200006,Vegesack,Vegesack,POINT (8.632019598000056 53.17692491200006)
2517,11,2018,3,4,17,3,5,3,1,1,0,0,0,0,0,0,8.807315823000067,53.082160087000034,Mitte,Bahnhofsvorstadt,POINT (8.807315823000067 53.08216008700003)
2518,12,2018,1,5,7,3,6,4,1,0,1,0,0,0,1,1,8.590758956000059,53.56583035300008,Lehe,Königsheide,POINT (8.590758956000059 53.56583035300008)
2519,11,2018,3,4,22,3,4,6,1,0,0,0,0,0,2,1,8.92886367400007,53.07197177300003,Osterholz,Ellener Feld,POINT (8.92886367400007 53.07197177300003)
2520,12,2018,1,5,13,3,1,7,1,1,0,0,0,0,0,0,8.63148927800006,53.59596519000007,Leherheide,Fehmoor,POINT (8.63148927800006 53.59596519000007)
2521,11,2018,3,2,14,3,5,3,1,1,0,0,0,0,0,0,8.891169129000048,53.04960985500003,Hemelingen,Hemelingen,POINT (8.891169129000048 53.04960985500003)
2522,11,2018,1,5,7,3,5,3,1,1,0,0,0,0,1,0,8.940558514000031,53.07758980600005,,,POINT (8.940558514000031 53.07758980600005)
2523,11,2018,3,3,6,3,5,3,1,1,0,0,0,0,1,1,8.766555070000038,53.11531719900006,Gröpelingen,Gröpelingen,POINT (8.766555070000038 53.11531719900006)
2524,11,2018,2,4,8,3,5,3,1,0,0,0,0,1,0,1,8.817110372000059,53.078770570000074,Mitte,Ostertor,POINT (8.817110372000059 53.07877057000007)