,UKREIS,UJAHR,UMONAT,UWOCHENTAG,USTUNDE,UKATEGORIE,UART,UTYP1,IstRad,IstPKW,IstFuss,IstKrad,IstGkfz,IstSonstig,ULICHTVERH,STRZUSTAND,longitude,latitude,Stadtteil,Ortsteil,geometry
2525,11,2018,4,6,10,3,5,3,1,1,0,0,0,0,0,1,8.85958314000004,53.07219018100005,Hemelingen,Hastedt,POINT (8.859583140000041 53.07219018100005)
2526,11,2018,5,4,7,3,5,3,1,1,0,0,0,0,0,0,8.87886502400005,53.079099255000074,Vahr,Neue Vahr Südwest,POINT (8.878865024000049 53.07909925500007)
2527,11,2018,4,6,11,2,5,3,1,1,0,0,0,0,0,0,8.867990145000022,53.07293937500003,Hemelingen,Hastedt,POINT (8.867990145000022 53.07293937500003)
2528,11,2018,4,4,8,3,5,2,1,1,0,0,0,0,0,0,8.870608437000044,53.09485834600008,Horn-Lehe,Horn,POINT (8.870608437000044 53.09485834600008)
2529,11,2018,4,6,8,2,2,6,1,0,0,0,0,0,0,0,8.791126371000075,53.091379594000045,Walle,Utbremen,POINT (8.791126371000075 53.09137959400005)
2530,11,2018,4,5,18,3,4,2,1,0,0,0,0,1,0,0,8.807111888000065,53.06024916700005,Neustadt,Huckelriede,POINT (8.807111888000065 53.06024916700005)
2531,11,2018,4,5,9,3,1,5,1,1,0,0,0,0,0,0,8.618656592000036,53.174741106000056,Vegesack,Vegesack,POINT (8.618656592000036 53.17474110600006)
2532,11,2018,4,6,15,3,0,7,1,0,1,0,0,0,0,0,8.818299732000071,53.086405178000064,Findorff,Findorff-Bürgerweide,POINT (8.818299732000071 53.08640517800006)
2533,11,2018,4,6,15,2,5,3,1,1,0,0,0,0,0,0,8.78947604800004,53.08294792700008,Walle,Überseestadt,POINT (8.78947604800004 53.08294792700008)
2534,11,2018,4,2,9,2,5,3,1,1,0,0,0,0,0,0,8.896077625000032,53.11423075000005,Horn-Lehe,Lehesterdeich,POINT (8.896077625000032 53.11423075000005)
2535,12,2018,4,7,21,3,6,1,1,1,1,0,0,0,2,0,8.586099650000051,53.56114691600004,Lehe,Königsheide,POINT (8.586099650000051 53.56114691600004)
2536,11,2018,4,5,9,3,5,3,1,1,0,0,0,0,0,0,8.786543619000042,53.08797561700004,Walle,Überseestadt,POINT (8.786543619000042 53.08797561700004)
2537,11,2018,4,5,12,2,0,7,1,0,0,0,0,0,0,0,8.870119315000068,53.10217027200008,Horn-Lehe,Lehe,POINT (8.870119315000068 53.10217027200008)
2538,11,2018,4,5,7,3,1,7,1,1,0,0,0,0,0,0,8.823020773000053,53.07356313500003,Östliche Vorstadt,Steintor,POINT (8.823020773000053 53.07356313500003)
2539,11,2018,4,5,15,3,5,7,1,1,0,0,0,0,0,0,8.89308423400007,53.05476335000003,Hemelingen,Hemelingen,POINT (8.893084234000071 53.05476335000003)
2540,11,2018,4,5,7,3,5,3,1,1,0,0,0,0,0,0,8.795900446000076,53.106300188000034,Walle,Hohweg,POINT (8.795900446000076 53.10630018800003)
2541,11,2018,4,4,15,3,5,3,1,1,0,0,0,0,0,1,8.807677234000039,53.08338870100005,Mitte,Bahnhofsvorstadt,POINT (8.807677234000039 53.08338870100005)
2542,11,2018,4,5,17,3,3,6,1,0,0,0,0,0,0,0,8.805646393000075,53.07391888700005,Mitte,Altstadt,POINT (8.805646393000075 53.07391888700005)
2543,11,2018,4,7,17,3,5,2,1,1,0,0,0,0,0,0,8.784994121000068,53.10222295500006,Walle,Walle,POINT (8.784994121000068 53.10222295500006)
2544,11,2018,4,4,11,2,5,3,1,1,0,0,0,0,0,0,8.886731965000024,53.109510587000045,Horn-Lehe,Lehesterdeich,POINT (8.886731965000024 53.10951058700005)
2545,11,2018,4,4,10,3,0,7,1,0,0,0,0,0,0,0,8.774477429000058,53.06204482100003,Neustadt,Neuenland,POINT (8.774477429000058 53.06204482100003)
2546,12,2018,4,7,17,3,2,6,1,1,0,0,0,0,0,0,8.604742552000062,53.581802018000076,Lehe,Königsheide,POINT (8.604742552000062 53.58180201800008)
2547,11,2018,4,4,17,3,5,3,1,1,0,0,0,0,0,1,8.823323136000056,53.07646839500006,Mitte,Ostertor,POINT (8.823323136000056 53.07646839500006)
2548,11,2018,4,4,7,3,5,2,1,1,0,0,0,0,0,0,8.551091202000066,53.19772248900006,Blumenthal,Lüssum-Bockhorn,POINT (8.551091202000066 53.19772248900006)
2549,11,2018,4,4,17,3,5,2,1,1,0,0,0,0,0,0,8.803187385000058,53.08466204500007,Mitte,Bahnhofsvorstadt,POINT (8.803187385000058 53.08466204500007)
2550,11,2018,4,6,16,3,3,6,1,1,0,0,0,0,0,0,8.798406413000066,53.085510674000034,Mitte,Bahnhofsvorstadt,POINT (8.798406413000066 53.08551067400003)
2551,12,2018,4,6,10,3,5,2,1,1,0,0,0,0,0,0,8.57524490700007,53.54766962000008,Mitte,Weddewarden,POINT (8.575244907000069 53.54766962000008)
2552,11,2018,4,4,20,3,0,1,1,0,1,0,0,0,0,0,8.582143072000065,53.21460033400007,Blumenthal,Lüssum-Bockhorn,POINT (8.582143072000065 53.21460033400007)
2553,11,2018,4,6,9,3,5,3,1,1,0,0,0,0,0,0,8.804065687000048,53.07618573900004,Mitte,Altstadt,POINT (8.804065687000048 53.07618573900004)
2554,11,2018,4,4,6,3,1,7,1,1,0,0,0,0,0,0,8.802992214000028,53.06987230200008,Neustadt,Alte Neustadt,POINT (8.802992214000028 53.06987230200008)
2555,12,2018,4,3,15,3,5,3,1,1,0,0,0,0,0,0,8.599960365000072,53.51224736800003,Wulsdorf,Geestemünde-Süd,POINT (8.599960365000072 53.51224736800003)
2556,11,2018,4,4,21,3,5,3,1,1,0,0,0,0,2,0,8.843496808000054,53.08108550400004,Schwachhausen,Gete,POINT (8.843496808000054 53.08108550400004)
2557,11,2018,4,4,5,3,5,3,1,1,0,0,0,0,2,0,8.875944272000027,53.08213190300006,Vahr,Neue Vahr Südwest,POINT (8.875944272000027 53.08213190300006)
2558,12,2018,4,2,9,3,0,7,1,0,0,0,0,0,0,1,8.596659849000048,53.543319902000064,Geestemünde,Buschkämpen,POINT (8.596659849000048 53.54331990200006)
2559,11,2018,4,6,23,3,0,1,1,0,0,0,0,0,2,0,8.796756568000035,53.068408215000034,Neustadt,Neustadt,POINT (8.796756568000035 53.06840821500003)
2560,11,2018,4,7,15,2,5,3,1,1,0,0,0,0,0,0,8.775366917000042,53.10758264200007,Walle,Walle,POINT (8.775366917000042 53.10758264200007)
2561,11,2018,4,3,8,3,5,3,1,1,0,0,0,0,0,0,8.796997496000074,53.076441732000035,Neustadt,Alte Neustadt,POINT (8.796997496000074 53.07644173200003)
2562,11,2018,4,3,18,2,5,2,1,0,0,0,1,0,0,0,8.788087080000025,53.07635666300007,Neustadt,Alte Neustadt,POINT (8.788087080000025 53.07635666300007)
2563,11,2018,4,3,15,3,5,3,1,1,0,0,0,0,0,0,8.634547693000059,53.17308494100007,Vegesack,Vegesack,POINT (8.634547693000059 53.17308494100007)
2564,11,2018,4,2,8,3,0,7,1,0,0,0,0,1,0,1,8.765723337000054,53.10889277200005,Gröpelingen,Lindenhof,POINT (8.765723337000054 53.10889277200005)
2565,11,2018,4,3,18,2,0,7,1,0,0,0,0,0,0,0,8.865638231000048,53.06655723700004,Hemelingen,Hastedt,POINT (8.865638231000048 53.06655723700004)
2566,11,2018,4,1,17,3,1,5,1,1,0,0,0,0,0,0,8.790318951000074,53.070456765000074,Neustadt,Neustadt,POINT (8.790318951000074 53.07045676500007)
2567,12,2018,5,4,7,3,5,2,1,1,0,0,0,0,0,0,8.583241716000032,53.53628425800008,Geestemünde,Buschkämpen,POINT (8.583241716000032 53.53628425800008)
2568,11,2018,4,6,7,3,5,2,1,1,0,0,0,0,0,1,8.870549553000046,53.09127504500003,Schwachhausen,Radio Bremen,POINT (8.870549553000046 53.09127504500003)
2569,11,2018,5,4,9,3,3,2,1,0,0,0,0,0,0,0,8.778807828000026,53.09999277400004,Walle,Walle,POINT (8.778807828000026 53.09999277400004)
2570,11,2018,4,7,15,3,5,3,1,1,0,0,0,0,0,0,8.626632791000077,53.18463015300006,Vegesack,Aumund-Hammersbeck,POINT (8.626632791000077 53.18463015300006)
2571,11,2018,4,4,17,3,5,3,1,1,0,0,0,0,0,0,8.781032788000061,53.06757025600007,Neustadt,Neuenland,POINT (8.781032788000061 53.06757025600007)
2572,12,2018,4,2,12,3,5,3,1,1,0,0,0,0,0,0,8.591871844000025,53.51724062000005,Wulsdorf,Geestemünde-Süd,POINT (8.591871844000025 53.51724062000005)
2573,11,2018,4,6,8,3,4,6,1,1,0,0,0,0,0,0,8.794900354000049,53.09393628300006,Walle,Utbremen,POINT (8.794900354000049 53.09393628300006)
2574,11,2018,4,6,13,3,1,7,1,1,0,0,0,0,0,1,8.801265400000034,53.068186473000026,Neustadt,Südervorstadt,POINT (8.801265400000034 53.06818647300003)
2575,11,2018,5,3,2,2,0,7,1,0,0,0,0,0,2,1,8.815343546000065,53.08233702200005,Mitte,Bahnhofsvorstadt,POINT (8.815343546000065 53.08233702200005)
2576,11,2018,4,1,15,3,4,6,1,0,0,0,0,0,0,0,8.809776648000025,53.07849289600006,Mitte,Altstadt,POINT (8.809776648000025 53.07849289600006)
2577,11,2018,4,6,12,3,5,3,1,1,0,0,0,0,0,0,8.79703242200003,53.07164995800008,Neustadt,Alte Neustadt,POINT (8.797032422000029 53.07164995800008)
2578,11,2018,4,1,14,3,5,2,1,1,0,0,0,0,0,0,8.804132755000069,53.07240163900008,Neustadt,Alte Neustadt,POINT (8.804132755000069 53.07240163900008)
2579,11,2018,4,7,18,3,0,7,1,0,0,0,0,0,0,0,8.82710656200004,53.08633984900007,Schwachhausen,Bürgerpark,POINT (8.82710656200004 53.08633984900007)
2580,11,2018,4,7,13,3,0,1,1,0,0,0,0,0,0,0,8.852706668000053,53.04754319400007,Obervieland,Habenhausen,POINT (8.852706668000053 53.04754319400007)
2581,11,2018,4,7,19,3,5,3,1,1,0,0,0,0,0,0,8.869376222000028,53.074871690000066,Vahr,Gartenstadt Vahr,POINT (8.869376222000028 53.07487169000007)
2582,11,2018,4,7,16,3,5,3,1,1,0,0,0,0,0,0,8.898764707000055,53.08479677300005,Vahr,Neue Vahr Nord,POINT (8.898764707000055 53.08479677300005)
2583,11,2018,4,2,9,3,1,5,1,1,0,0,0,0,0,0,8.834202603000051,53.08657512100007,Schwachhausen,Schwachhausen,POINT (8.834202603000051 53.08657512100007)
2584,11,2018,4,7,19,3,5,3,1,1,0,0,0,0,1,0,8.739464517000044,53.05501630200007,Huchting,Mittelshuchting,POINT (8.739464517000044 53.05501630200007)
2585,11,2018,4,7,10,3,5,3,1,1,0,0,0,0,0,0,8.817933554000035,53.05283666200006,Neustadt,Huckelriede,POINT (8.817933554000035 53.05283666200006)
2586,11,2018,4,5,9,3,5,2,1,1,0,0,0,0,0,0,8.847796533000064,53.06608018800006,Östliche Vorstadt,Peterswerder,POINT (8.847796533000064 53.06608018800006)
2587,11,2018,4,5,6,3,5,3,1,0,0,0,1,0,0,0,8.741110544000037,53.09134478700008,Häfen,Neustädter Hafen,POINT (8.741110544000037 53.09134478700008)
2588,11,2018,4,1,5,3,1,5,1,1,0,0,0,0,1,0,8.854006727000069,53.08336327200004,Schwachhausen,Radio Bremen,POINT (8.854006727000069 53.08336327200004)
2589,11,2018,4,6,15,3,5,2,1,0,0,0,0,1,0,0,8.584546070000044,53.18142904000007,Blumenthal,Blumenthal,POINT (8.584546070000044 53.18142904000007)
2590,11,2018,4,6,8,3,5,3,1,0,0,0,0,1,0,0,8.851261452000074,53.10484017300007,Horn-Lehe,Lehe,POINT (8.851261452000074 53.10484017300007)
2591,11,2018,4,6,5,3,5,2,1,1,0,0,0,0,2,0,8.729377904000046,53.128644261000034,Häfen,Industriehäfen,POINT (8.729377904000046 53.12864426100003)
2592,11,2018,4,2,14,3,5,3,1,1,0,0,0,0,0,0,8.85902840500006,53.07230733100005,Hemelingen,Hastedt,POINT (8.859028405000061 53.07230733100005)
2593,12,2018,4,6,13,3,5,3,1,1,0,0,0,0,0,0,8.597961314000031,53.58204396000008,Lehe,Königsheide,POINT (8.597961314000031 53.58204396000008)
2594,11,2018,4,5,17,3,5,2,1,1,0,0,0,0,0,0,8.899193185000058,53.12083374900004,,Borgfeld,POINT (8.899193185000058 53.12083374900004)
2595,11,2018,4,4,16,3,5,3,1,1,0,0,0,0,0,0,8.757824331000052,53.05812947800007,Huchting,Grolland,POINT (8.757824331000052 53.05812947800007)
2596,11,2018,4,4,18,3,6,4,1,0,1,0,0,0,0,0,8.812619470000072,53.05901326700007,Neustadt,Huckelriede,POINT (8.812619470000072 53.05901326700007)
2597,12,2018,4,5,7,3,5,2,1,1,0,0,0,0,0,1,8.597945826000057,53.58085228700003,Lehe,Königsheide,POINT (8.597945826000057 53.58085228700003)
2598,11,2018,4,5,16,3,5,3,1,1,0,0,0,0,0,1,8.882521759000042,53.06367941700006,Hemelingen,Hastedt,POINT (8.882521759000042 53.06367941700006)
2599,11,2018,4,5,16,3,5,3,1,1,0,0,0,0,0,0,8.756491744000073,53.08821575800005,Woltmershausen,Rablinghausen,POINT (8.756491744000073 53.08821575800005)
2600,11,2018,4,5,19,3,5,2,1,1,0,0,0,0,0,0,8.889515802000062,53.06159665200005,Hemelingen,Sebaldsbrück,POINT (8.889515802000062 53.06159665200005)
2601,11,2018,4,3,18,3,5,2,1,0,0,1,0,0,0,0,8.832087278000074,53.06864508600006,Östliche Vorstadt,Peterswerder,POINT (8.832087278000074 53.06864508600006)
2602,11,2018,4,4,8,3,1,7,1,1,0,0,0,0,0,0,8.874498489000075,53.09702908000003,Horn-Lehe,Horn,POINT (8.874498489000075 53.09702908000003)
2603,11,2018,4,5,17,3,5,2,1,0,0,0,1,0,0,0,8.81857492100005,53.05187460900004,Neustadt,Huckelriede,POINT (8.818574921000049 53.05187460900004)
2604,11,2018,4,4,10,2,4,6,1,0,0,0,0,0,0,0,8.963364695000053,53.06573758500008,Osterholz,Tenever,POINT (8.963364695000053 53.06573758500008)
2605,11,2018,4,5,13,2,4,6,1,0,0,0,0,0,0,0,8.870621220000032,53.09602484700008,Horn-Lehe,Horn,POINT (8.870621220000032 53.09602484700008)
2606,12,2018,4,1,16,3,3,6,1,1,0,0,0,0,0,0,8.58472107600005,53.54059503800005,Mitte,Weddewarden,POINT (8.584721076000051 53.54059503800005)
2607,11,2018,5,3,16,2,5,3,1,0,0,0,0,1,0,0,8.838365206000049,53.09645026000004,Schwachhausen,Neu-Schwachhausen,POINT (8.838365206000049 53.09645026000004)
2608,11,2018,4,4,5,1,5,3,1,0,0,0,1,0,2,0,8.801122897000027,53.078850834000036,Mitte,Altstadt,POINT (8.801122897000027 53.07885083400004)
2609,11,2018,4,5,12,3,0,7,1,0,0,0,0,0,0,0,8.850609180000049,53.08513965000003,Schwachhausen,Radio Bremen,POINT (8.850609180000049 53.08513965000003)
2610,11,2018,4,6,16,3,5,2,1,1,0,0,0,0,0,0,8.792862181000032,53.07357312400006,Neustadt,Alte Neustadt,POINT (8.792862181000032 53.07357312400006)
2611,11,2018,4,4,6,3,4,6,1,0,0,0,0,0,0,0,8.813460591000023,53.07096335700004,Mitte,Altstadt,POINT (8.813460591000023 53.07096335700004)
2612,11,2018,4,7,20,3,0,7,1,0,0,0,0,0,0,0,8.800802313000077,53.06832344000003,Neustadt,Südervorstadt,POINT (8.800802313000077 53.06832344000003)
2613,11,2018,4,7,20,3,3,6,1,0,0,0,0,0,1,0,8.809766118000027,53.09977795700007,Findorff,Weidedamm,POINT (8.809766118000027 53.09977795700007)
2614,11,2018,4,5,21,3,6,4,1,1,1,0,0,0,2,0,8.765229314000067,53.11281978300008,Gröpelingen,Lindenhof,POINT (8.765229314000067 53.11281978300008)
2615,12,2018,5,4,19,2,5,3,1,1,0,0,0,0,0,0,8.593480259000046,53.53718715400004,Geestemünde,Buschkämpen,POINT (8.593480259000046 53.53718715400004)
2616,11,2018,4,1,0,3,3,6,1,0,1,0,0,0,2,0,8.871912374000033,53.06689188000007,Hemelingen,Hastedt,POINT (8.871912374000033 53.06689188000007)
2617,11,2018,4,4,8,3,2,6,1,1,0,0,0,0,0,0,8.719501442000023,53.05669044200005,Huchting,Mittelshuchting,POINT (8.719501442000023 53.05669044200005)
2618,11,2018,4,4,19,2,5,3,1,1,0,0,0,0,0,0,8.565696041000024,53.18233711600004,Blumenthal,Blumenthal,POINT (8.565696041000024 53.18233711600004)
2619,11,2018,4,3,15,2,0,7,1,0,0,0,0,0,0,1,8.831685978000053,53.08113833200008,Schwachhausen,Gete,POINT (8.831685978000053 53.08113833200008)
2620,11,2018,4,1,12,3,5,2,1,1,0,0,0,0,0,0,8.76314895400003,53.122743025000034,Gröpelingen,Gröpelingen,POINT (8.76314895400003 53.12274302500003)
2621,11,2018,4,1,2,3,4,6,1,1,0,0,0,0,2,1,8.803595426000072,53.072348903000034,Neustadt,Alte Neustadt,POINT (8.803595426000072 53.07234890300003)
2622,11,2018,4,7,10,3,5,2,1,1,0,0,0,0,0,0,8.873848285000065,53.10125990000006,Horn-Lehe,Lehe,POINT (8.873848285000065 53.10125990000006)
2623,12,2018,3,7,5,3,5,3,1,1,0,0,0,0,2,1,8.58328719800005,53.554904435000026,Lehe,Königsheide,POINT (8.58328719800005 53.55490443500003)
2624,11,2018,4,4,13,3,5,3,1,0,0,0,0,0,0,0,8.851261452000074,53.10484017300007,Horn-Lehe,Lehe,POINT (8.851261452000074 53.10484017300007)
2625,11,2018,4,4,16,3,3,6,1,1,0,0,0,0,0,0,8.771807700000068,53.094803082000055,Walle,Überseestadt,POINT (8.771807700000068 53.09480308200006)
2626,11,2018,4,6,17,3,0,1,1,0,0,0,0,0,0,0,8.819689169000071,53.113265571000056,Findorff,In den Hufen,POINT (8.819689169000071 53.11326557100006)
2627,11,2018,4,6,18,3,1,5,1,1,0,0,0,0,0,1,8.825952185000062,53.073706446000074,Östliche Vorstadt,Steintor,POINT (8.825952185000062 53.07370644600007)
2628,11,2018,5,3,19,3,0,7,1,0,0,0,0,0,0,0,8.782193409000058,53.07724654500004,Häfen,Hohentorshafen,POINT (8.782193409000058 53.07724654500004)
2629,11,2018,3,7,12,3,5,3,1,1,0,0,0,0,0,1,8.79946680200004,53.06954279900003,Neustadt,Alte Neustadt,POINT (8.79946680200004 53.06954279900003)
2630,11,2018,4,4,12,3,4,7,1,1,0,0,0,0,0,0,8.820542583000076,53.06936462500005,Mitte,Ostertor,POINT (8.820542583000076 53.06936462500005)
2631,11,2018,3,7,17,3,5,3,1,1,0,0,0,0,0,0,8.760138840000025,53.08799765100008,Woltmershausen,Woltmershausen,POINT (8.760138840000025 53.08799765100008)
2632,11,2018,4,4,18,3,5,3,1,1,0,0,0,0,0,0,8.603442786000073,53.18464394400007,Vegesack,Aumund-Hammersbeck,POINT (8.603442786000073 53.18464394400007)
2633,11,2018,4,4,10,2,5,3,1,0,0,0,0,1,0,0,8.781543503000023,53.07770538300008,Woltmershausen,Woltmershausen,POINT (8.781543503000023 53.07770538300008)
2634,11,2018,3,7,17,3,5,2,1,1,0,0,0,0,0,1,8.850620806000052,53.09436609100004,Schwachhausen,Riensberg,POINT (8.850620806000052 53.09436609100004)
2635,11,2018,4,2,7,3,5,2,1,1,0,0,0,0,0,0,8.848623925000027,53.05054809100005,Obervieland,Habenhausen,POINT (8.848623925000027 53.05054809100005)
2636,11,2018,4,2,15,3,1,5,1,1,0,0,0,0,0,0,8.820549017000076,53.07268261400003,Mitte,Ostertor,POINT (8.820549017000076 53.07268261400003)
2637,11,2018,4,1,8,3,1,5,1,1,0,0,0,0,0,1,8.84753181800005,53.07158479000003,Östliche Vorstadt,Hulsberg,POINT (8.84753181800005 53.07158479000003)
2638,11,2018,3,5,9,2,5,3,1,0,0,0,1,0,0,1,8.783999829000038,53.07556344800008,Woltmershausen,Woltmershausen,POINT (8.783999829000038 53.07556344800008)
2639,11,2018,3,5,10,3,5,2,1,1,0,0,0,0,0,1,8.91992695600004,53.07307406800004,Osterholz,Blockdiek,POINT (8.91992695600004 53.07307406800004)
2640,11,2018,3,5,7,3,5,3,1,1,0,0,0,0,0,1,8.876952378000055,53.101339333000055,Horn-Lehe,Lehe,POINT (8.876952378000055 53.10133933300006)
2641,11,2018,4,2,15,3,5,2,1,1,0,0,0,0,0,0,8.884100662000037,53.06358237900008,Hemelingen,Sebaldsbrück,POINT (8.884100662000037 53.06358237900008)
2642,11,2018,4,5,14,3,5,3,1,0,0,0,0,1,0,1,8.798078297000075,53.09053276800006,Walle,Utbremen,POINT (8.798078297000075 53.09053276800006)
2643,12,2018,5,4,7,2,5,3,1,1,0,0,0,0,0,0,8.60481241900004,53.523365031000026,Geestemünde,Buschkämpen,POINT (8.604812419000041 53.52336503100003)
2644,11,2018,4,4,9,3,0,3,1,1,0,0,0,0,0,1,8.791504493000048,53.06499855900006,Neustadt,Südervorstadt,POINT (8.791504493000048 53.06499855900006)
2645,12,2018,4,4,7,3,6,7,1,0,1,0,0,0,0,0,8.579291731000069,53.55291345000006,Mitte,Weddewarden,POINT (8.579291731000069 53.55291345000006)
2646,11,2018,3,3,19,3,5,3,1,1,0,0,0,0,0,0,8.877016525000045,53.08094297100007,Vahr,Neue Vahr Südwest,POINT (8.877016525000045 53.08094297100007)
2647,11,2018,5,4,7,3,5,3,1,1,0,0,0,0,0,0,8.62487883600005,53.17858385000005,Vegesack,Vegesack,POINT (8.62487883600005 53.17858385000005)
2648,11,2018,3,3,13,3,5,3,1,1,0,0,0,0,0,0,8.871838730000036,53.07713350200004,Vahr,Gartenstadt Vahr,POINT (8.871838730000036 53.07713350200004)
2649,11,2018,3,3,16,3,0,3,1,0,0,0,0,0,0,0,8.816251032000025,53.07251031200008,Mitte,Ostertor,POINT (8.816251032000025 53.07251031200008)
2650,11,2018,4,4,16,3,5,3,1,1,0,0,0,0,0,0,8.789926864000051,53.07140474300007,Neustadt,Neustadt,POINT (8.789926864000051 53.07140474300007)
2651,11,2018,4,6,23,3,5,3,1,1,0,0,0,0,2,0,8.80132915400003,53.07148678900006,Neustadt,Alte Neustadt,POINT (8.80132915400003 53.07148678900006)
2652,11,2018,5,5,21,3,6,4,1,0,1,0,0,0,0,0,8.807208479000053,53.082638615000064,Mitte,Bahnhofsvorstadt,POINT (8.807208479000053 53.08263861500006)
2653,12,2018,5,5,6,2,5,3,1,1,0,0,0,0,0,0,8.641383399000063,53.53735130200005,Schiffdorferdamm,Buschkämpen,POINT (8.641383399000063 53.53735130200005)
2654,11,2018,5,7,16,3,4,6,1,1,0,0,0,0,0,0,8.765570123000032,53.16155516200007,,Blockland,POINT (8.765570123000032 53.16155516200007)
2655,11,2018,5,1,15,3,0,1,1,0,0,0,0,0,0,0,8.613045340000042,53.19403866600004,Vegesack,Aumund-Hammersbeck,POINT (8.613045340000042 53.19403866600004)
2656,11,2018,5,2,12,3,5,2,1,1,0,0,0,0,0,0,8.784188053000037,53.10338563300007,Walle,Walle,POINT (8.784188053000037 53.10338563300007)
2657,11,2018,5,3,6,3,4,6,1,1,0,0,0,0,0,0,8.848347090000061,53.03862752100008,Obervieland,Habenhausen,POINT (8.848347090000061 53.03862752100008)
2658,11,2018,5,4,17,3,3,6,1,0,0,0,0,0,0,0,8.786347457000034,53.10088571500006,Walle,Walle,POINT (8.786347457000034 53.10088571500006)
2659,11,2018,5,3,17,3,0,4,1,1,1,0,0,0,0,0,8.818196688000057,53.05136362400003,Neustadt,Huckelriede,POINT (8.818196688000057 53.05136362400003)
2660,12,2018,5,7,18,3,1,7,1,1,0,0,0,0,0,0,8.614187929000025,53.52964675900006,Geestemünde,Buschkämpen,POINT (8.614187929000025 53.52964675900006)
2661,11,2018,5,2,14,2,5,3,1,1,0,0,0,0,0,0,8.736376779000068,53.13369136000006,Gröpelingen,Oslebshausen,POINT (8.736376779000068 53.13369136000006)
2662,11,2018,5,7,12,3,8,1,1,1,0,0,0,0,0,0,8.787016355000048,53.100090926000064,Walle,Westend,POINT (8.787016355000048 53.10009092600006)
2663,11,2018,5,3,14,3,5,3,1,1,0,0,0,0,0,0,8.836986973000023,53.099258715000076,Schwachhausen,Neu-Schwachhausen,POINT (8.836986973000023 53.09925871500008)
2664,11,2018,5,6,13,3,5,3,1,1,0,0,0,0,0,0,8.905977993000022,53.07844722800007,Vahr,Neue Vahr Südost,POINT (8.905977993000022 53.07844722800007)
2665,12,2018,6,1,18,3,8,1,1,0,0,0,0,0,0,0,8.593769543000064,53.51383092100008,Wulsdorf,Geestemünde-Süd,POINT (8.593769543000064 53.51383092100008)
2666,11,2018,5,2,11,3,5,3,1,1,0,0,0,0,0,0,8.876394636000043,53.08126811600005,Vahr,Gartenstadt Vahr,POINT (8.876394636000043 53.08126811600005)
2667,11,2018,5,7,9,2,5,6,1,1,0,0,0,0,0,0,8.78203591600004,53.07738679900007,Woltmershausen,Woltmershausen,POINT (8.782035916000041 53.07738679900007)
2668,11,2018,5,2,14,3,5,2,1,1,0,0,0,0,0,0,8.891969968000069,53.08034370300004,Vahr,Neue Vahr Südwest,POINT (8.891969968000069 53.08034370300004)
2669,12,2018,5,3,8,3,5,3,1,1,0,0,0,0,0,0,8.600159320000046,53.531407623000064,Geestemünde,Buschkämpen,POINT (8.600159320000046 53.53140762300006)
2670,11,2018,6,7,17,3,5,3,1,1,0,0,0,0,0,0,8.868217671000025,53.06194058500006,Hemelingen,Hastedt,POINT (8.868217671000025 53.06194058500006)
2671,12,2018,5,6,16,3,5,3,1,1,0,0,0,0,0,0,8.607591110000044,53.53523753200005,Geestemünde,Buschkämpen,POINT (8.607591110000044 53.53523753200005)
2672,11,2018,5,4,8,3,4,6,1,0,0,1,0,0,0,0,8.852619314000037,53.06050469200005,Hemelingen,Hastedt,POINT (8.852619314000037 53.06050469200005)
2673,11,2018,5,6,10,3,3,6,1,1,0,0,0,1,0,0,8.868273099000021,53.09124322200006,Horn-Lehe,Horn,POINT (8.868273099000021 53.09124322200006)
2674,11,2018,5,6,15,2,5,3,1,1,0,0,0,0,0,0,8.864423816000055,53.06698099100004,Hemelingen,Hastedt,POINT (8.864423816000055 53.06698099100004)
2675,12,2018,5,1,20,3,5,3,1,1,0,0,0,0,0,0,8.584661525000058,53.55687999300005,Lehe,Königsheide,POINT (8.584661525000058 53.55687999300005)
2676,11,2018,5,6,16,3,0,7,1,0,0,0,0,0,0,0,8.690202291000048,53.169182841000065,Burglesum,Lesum,POINT (8.690202291000048 53.16918284100007)
2677,11,2018,5,3,11,3,3,2,1,1,0,0,0,0,0,0,8.820937999000023,53.05115975500007,Obervieland,Kattenturm,POINT (8.820937999000023 53.05115975500007)
2678,11,2018,5,5,17,2,6,6,1,0,1,0,0,0,0,0,8.911743147000038,53.10774783000005,,,POINT (8.911743147000038 53.10774783000005)
2679,11,2018,5,5,13,3,5,3,1,1,0,0,0,0,0,0,8.715401133000057,53.05284382700006,Huchting,Mittelshuchting,POINT (8.715401133000057 53.05284382700006)
2680,11,2018,5,3,15,3,0,1,1,0,0,0,0,0,0,0,8.780506752000065,53.10066379700004,Walle,Walle,POINT (8.780506752000065 53.10066379700004)
2681,11,2018,5,5,18,3,0,7,1,0,0,0,0,0,0,0,8.95327786200005,53.034265565000055,Hemelingen,Mahndorf,POINT (8.95327786200005 53.03426556500006)