,UKREIS,UJAHR,UMONAT,UWOCHENTAG,USTUNDE,UKATEGORIE,UART,UTYP1,IstRad,IstPKW,IstFuss,IstKrad,IstGkfz,IstSonstig,ULICHTVERH,STRZUSTAND,longitude,latitude,Stadtteil,Ortsteil,geometry
2996,11,2018,6,3,10,3,5,3,1,1,0,0,0,0,0,0,8.904464052000037,53.07850526300007,Vahr,Neue Vahr Südost,POINT (8.904464052000037 53.07850526300007)
2997,11,2018,6,3,8,3,5,3,1,1,0,0,0,0,0,0,8.94164322000006,53.06041791700005,Osterholz,Ellenerbrok-Schevemoor,POINT (8.94164322000006 53.06041791700005)
2998,11,2018,6,4,15,3,3,2,1,1,0,0,0,0,0,0,8.806814257000042,53.06046795000003,Neustadt,Huckelriede,POINT (8.806814257000042 53.06046795000003)
2999,11,2018,7,7,18,3,5,7,1,1,0,0,0,0,0,0,8.734733250000033,53.05581190800007,Huchting,Mittelshuchting,POINT (8.734733250000033 53.05581190800007)
3000,11,2018,6,3,11,3,3,6,1,0,0,0,0,0,0,0,8.808396555000058,53.08801983300003,Findorff,Findorff-Bürgerweide,POINT (8.808396555000058 53.08801983300003)
3001,12,2018,7,2,19,3,5,3,1,1,0,0,0,0,0,0,8.594302811000034,53.546462802000065,Geestemünde,Buschkämpen,POINT (8.594302811000034 53.54646280200006)
3002,11,2018,6,2,20,3,1,2,1,0,0,0,0,0,0,0,8.959080116000052,53.04712479400007,Osterholz,Osterholz,POINT (8.959080116000052 53.04712479400007)
3003,11,2018,6,3,17,3,5,3,1,1,0,0,0,0,0,0,8.829545734000021,53.07190747800007,Östliche Vorstadt,Steintor,POINT (8.829545734000021 53.07190747800007)
3004,11,2018,6,3,12,3,0,7,1,0,0,0,0,0,0,0,8.572289331000036,53.19567687500006,Blumenthal,Lüssum-Bockhorn,POINT (8.572289331000036 53.19567687500006)
3005,11,2018,6,3,14,3,5,3,1,0,0,0,1,0,0,0,8.791246495000053,53.09152879000004,Walle,Utbremen,POINT (8.791246495000053 53.09152879000004)
3006,11,2018,6,4,9,3,6,7,1,1,1,0,0,0,0,0,8.854614882000021,53.08096335700003,Schwachhausen,Gete,POINT (8.854614882000021 53.08096335700003)
3007,11,2018,6,3,16,3,5,3,1,1,0,0,0,0,0,0,8.754536264000023,53.11928165100005,Gröpelingen,Lindenhof,POINT (8.754536264000023 53.11928165100005)
3008,11,2018,7,2,20,3,0,7,1,0,0,0,0,0,0,0,8.830457398000021,53.08567797500007,Schwachhausen,Bürgerpark,POINT (8.830457398000021 53.08567797500007)
3009,12,2018,6,2,13,2,0,7,1,0,0,0,0,1,0,0,8.618365012000027,53.53030736900007,Geestemünde,Buschkämpen,POINT (8.618365012000027 53.53030736900007)
3010,11,2018,7,2,16,3,5,3,1,1,0,0,0,0,0,0,8.872318842000027,53.077420575000076,Vahr,Gartenstadt Vahr,POINT (8.872318842000027 53.07742057500008)
3011,11,2018,8,3,20,3,0,6,1,0,1,0,0,0,0,0,8.880479121000064,53.059824623000054,Hemelingen,Hastedt,POINT (8.880479121000064 53.05982462300005)
3012,11,2018,8,7,19,3,4,6,1,0,0,0,0,0,0,0,8.807177477000039,53.07409064700005,Mitte,Altstadt,POINT (8.807177477000039 53.07409064700005)
3013,11,2018,8,4,11,3,4,6,1,1,0,0,0,0,0,0,8.95249842100003,53.09325435900007,,,POINT (8.95249842100003 53.09325435900007)
3014,11,2018,8,6,16,3,1,7,1,1,0,0,0,0,0,0,8.741937032000067,53.12794698600004,Gröpelingen,Oslebshausen,POINT (8.741937032000067 53.12794698600004)
3015,11,2018,8,6,18,2,5,3,1,1,0,0,0,0,0,0,8.924568918000034,53.044089847000066,Hemelingen,Arbergen,POINT (8.924568918000034 53.04408984700007)
3016,11,2018,8,5,13,3,0,3,1,1,0,0,0,0,0,0,8.80686641400007,53.081972703000076,Mitte,Bahnhofsvorstadt,POINT (8.806866414000069 53.08197270300008)
3017,11,2018,8,3,17,3,5,3,1,1,0,0,0,0,0,0,8.871018132000074,53.08741685100006,Schwachhausen,Radio Bremen,POINT (8.871018132000074 53.08741685100006)
3018,11,2018,8,5,14,2,5,3,1,1,0,0,0,0,0,0,8.776761444000044,53.10605264800006,Walle,Walle,POINT (8.776761444000044 53.10605264800006)
3019,12,2018,8,5,19,3,3,6,1,1,0,0,0,0,0,0,8.572765367000045,53.56045720800006,Lehe,Königsheide,POINT (8.572765367000045 53.56045720800006)
3020,11,2018,8,5,8,3,0,1,1,0,0,0,0,0,0,0,8.768712288000074,53.10295470800003,Walle,Überseestadt,POINT (8.768712288000074 53.10295470800003)
3021,11,2018,8,4,7,3,5,3,1,1,0,0,0,0,0,0,8.898549400000036,53.119926064000026,,Borgfeld,POINT (8.898549400000036 53.11992606400003)
3022,11,2018,8,5,11,3,6,7,1,0,1,0,0,0,0,0,8.756170653000027,53.12522360200006,Gröpelingen,Ohlenhof,POINT (8.756170653000027 53.12522360200006)
3023,11,2018,8,5,16,3,5,2,1,1,0,0,0,0,0,0,8.80836714700007,53.08302377600006,Mitte,Bahnhofsvorstadt,POINT (8.80836714700007 53.08302377600006)
3024,11,2018,8,5,17,3,5,3,1,0,0,0,0,0,0,0,8.82312427900007,53.07944547900007,Mitte,Ostertor,POINT (8.823124279000069 53.07944547900007)
3025,11,2018,8,2,18,3,5,3,1,1,0,0,0,0,0,0,8.740496636000046,53.13759194800008,Gröpelingen,Oslebshausen,POINT (8.740496636000046 53.13759194800008)
3026,11,2018,8,3,7,3,0,7,1,0,0,0,0,0,0,0,8.799209516000076,53.06955011500003,Neustadt,Alte Neustadt,POINT (8.799209516000076 53.06955011500003)
3027,11,2018,8,6,11,3,5,2,1,1,0,0,0,0,0,0,8.66379463000004,53.17543652900008,Burglesum,St.Magnus,POINT (8.663794630000041 53.17543652900008)
3028,11,2018,8,5,8,3,5,3,1,1,0,0,0,0,0,0,8.790403511000022,53.09216179600003,Walle,Westend,POINT (8.790403511000022 53.09216179600003)
3029,11,2018,8,4,14,2,6,4,1,0,1,0,0,0,0,0,8.57796669000004,53.18159824500003,Blumenthal,Blumenthal,POINT (8.577966690000039 53.18159824500003)
3030,11,2018,8,4,17,2,5,2,1,0,0,0,0,0,0,0,8.806105631000037,53.073300388000064,Mitte,Altstadt,POINT (8.806105631000037 53.07330038800006)
3031,11,2018,8,2,13,3,1,5,1,1,0,0,0,0,0,0,8.781934453000076,53.09747377900004,Walle,Steffensweg,POINT (8.781934453000076 53.09747377900004)
3032,11,2018,8,4,16,3,1,7,1,1,0,0,0,0,0,0,8.77836826400005,53.07623489700006,Woltmershausen,Woltmershausen,POINT (8.778368264000051 53.07623489700006)
3033,11,2018,8,4,9,3,3,2,1,0,0,0,0,1,0,0,8.803438615000061,53.08025502000004,Mitte,Altstadt,POINT (8.803438615000061 53.08025502000004)
3034,11,2018,8,4,16,2,3,2,1,0,0,0,0,1,0,0,8.951599080000051,53.05786617600006,Osterholz,Tenever,POINT (8.951599080000051 53.05786617600006)
3035,11,2018,8,2,17,3,4,3,1,0,0,0,0,0,0,0,8.790427076000071,53.08278852700005,Walle,Überseestadt,POINT (8.790427076000071 53.08278852700005)
3036,11,2018,8,4,5,3,5,3,1,1,0,0,0,0,1,0,8.783917788000053,53.06572410500007,Neustadt,Neuenland,POINT (8.783917788000053 53.06572410500007)
3037,11,2018,8,4,7,3,0,7,1,0,0,0,0,1,0,0,8.817700923000075,53.02835112200006,Obervieland,Kattenesch,POINT (8.817700923000075 53.02835112200006)
3038,11,2018,8,2,7,3,5,3,1,1,0,0,0,0,0,0,8.77666905700005,53.09755206800003,Walle,Walle,POINT (8.776669057000049 53.09755206800003)
3039,11,2018,8,4,7,2,5,2,1,1,0,0,0,0,0,0,8.874160360000076,53.06685717000005,Hemelingen,Hastedt,POINT (8.874160360000076 53.06685717000005)
3040,11,2018,8,5,8,3,5,3,1,1,0,0,0,0,0,0,8.891690937000021,53.084244213000034,Vahr,Neue Vahr Nord,POINT (8.891690937000021 53.08424421300003)
3041,11,2018,8,4,12,3,5,3,1,1,0,0,0,0,0,0,8.818960581000056,53.07788402800003,Mitte,Ostertor,POINT (8.818960581000056 53.07788402800003)
3042,11,2018,8,4,16,3,0,1,1,0,0,0,0,0,0,0,8.808430658000077,53.07518408000004,Mitte,Altstadt,POINT (8.808430658000077 53.07518408000004)
3043,11,2018,8,4,8,3,5,2,1,1,0,0,0,0,0,0,8.890278919000025,53.114945686000056,Horn-Lehe,Lehesterdeich,POINT (8.890278919000025 53.11494568600006)
3044,11,2018,8,1,17,3,5,2,1,1,0,0,0,0,0,0,8.812402493000036,53.08603774100004,Findorff,Findorff-Bürgerweide,POINT (8.812402493000036 53.08603774100004)
3045,11,2018,8,4,17,3,5,2,1,1,0,0,0,0,0,0,8.79668900200005,53.08254817100004,Mitte,Altstadt,POINT (8.796689002000051 53.08254817100004)
3046,11,2018,8,4,17,3,1,7,1,0,0,0,0,0,0,0,8.831644932000074,53.08112389400003,Schwachhausen,Gete,POINT (8.831644932000074 53.08112389400003)
3047,11,2018,8,4,18,3,5,2,1,1,0,0,0,0,0,0,8.751750497000046,53.16391360100005,,Blockland,POINT (8.751750497000046 53.16391360100005)
3048,11,2018,7,3,7,3,5,3,1,1,0,0,0,0,0,0,8.619345698000075,53.18296866400004,Vegesack,Aumund-Hammersbeck,POINT (8.619345698000075 53.18296866400004)
3049,11,2018,8,7,6,3,5,3,1,1,0,0,0,0,0,1,8.825122865000026,53.08431030000003,Schwachhausen,Bürgerpark,POINT (8.825122865000026 53.08431030000003)
3050,11,2018,8,3,16,3,3,2,1,1,0,0,0,0,0,0,8.795005038000056,53.08462633600004,Mitte,Bahnhofsvorstadt,POINT (8.795005038000056 53.08462633600004)
3051,11,2018,8,1,14,2,3,6,1,1,0,0,0,0,0,0,8.801684034000061,53.09458208700005,Findorff,Regensburger Str.,POINT (8.801684034000061 53.09458208700005)
3052,11,2018,8,3,9,3,0,7,1,1,0,0,0,0,0,0,8.775253958000064,53.07045975700004,Woltmershausen,Woltmershausen,POINT (8.775253958000064 53.07045975700004)
3053,11,2018,7,3,13,3,2,6,1,0,0,0,0,0,0,0,8.705675937000024,53.174125598000046,Burglesum,Burgdamm,POINT (8.705675937000024 53.17412559800005)
3054,11,2018,8,7,1,3,1,7,1,1,0,0,0,0,2,0,8.737107460000061,53.128774055000065,Gröpelingen,Oslebshausen,POINT (8.737107460000061 53.12877405500006)
3055,11,2018,7,3,20,3,5,3,1,1,0,0,0,0,0,0,8.927739705000022,53.07251837700005,Osterholz,Ellener Feld,POINT (8.927739705000022 53.07251837700005)
3056,11,2018,8,4,12,3,5,3,1,1,0,0,0,0,0,0,8.704679386000066,53.15470936200006,Burglesum,Burg-Grambke,POINT (8.704679386000066 53.15470936200006)
3057,11,2018,7,3,18,3,5,3,1,1,0,0,0,0,0,0,8.804618228000038,53.085793178000074,Mitte,Bahnhofsvorstadt,POINT (8.804618228000038 53.08579317800007)
3058,11,2018,8,6,13,3,5,3,1,0,1,0,0,0,0,0,8.807318406000036,53.07395348600005,Mitte,Altstadt,POINT (8.807318406000036 53.07395348600005)
3059,11,2018,8,2,12,2,5,3,1,1,0,0,0,0,0,0,8.856348191000052,53.082291895000026,Vahr,Gartenstadt Vahr,POINT (8.856348191000052 53.08229189500003)
3060,12,2018,8,6,14,3,0,7,1,1,0,0,0,0,0,0,8.57205859000004,53.549995128000035,Mitte,Weddewarden,POINT (8.57205859000004 53.54999512800003)
3061,11,2018,7,2,15,2,1,5,1,1,0,0,0,0,0,0,8.889382269000066,53.120049719000065,Horn-Lehe,Lehesterdeich,POINT (8.889382269000066 53.12004971900006)
3062,11,2018,8,5,14,3,5,3,1,1,0,0,0,0,0,0,8.769445113000074,53.110662786000034,Gröpelingen,Lindenhof,POINT (8.769445113000074 53.11066278600003)
3063,11,2018,7,2,14,3,1,7,1,1,0,0,0,0,0,0,8.817494594000038,53.095884599000044,Findorff,Weidedamm,POINT (8.817494594000038 53.09588459900004)
3064,11,2018,8,3,13,3,6,4,1,0,1,0,0,0,0,0,8.900821545000042,53.04181382500008,Hemelingen,Hemelingen,POINT (8.900821545000042 53.04181382500008)
3065,11,2018,8,7,13,3,5,3,1,1,0,0,0,0,0,1,8.832046816000059,53.077554934000034,Östliche Vorstadt,Fesenfeld,POINT (8.832046816000059 53.07755493400003)
3066,11,2018,7,2,11,3,4,2,1,1,0,0,0,0,0,0,8.830170508000037,53.08560629100003,Schwachhausen,Bürgerpark,POINT (8.830170508000037 53.08560629100003)
3067,11,2018,8,6,21,3,1,5,1,1,0,0,0,0,2,0,8.843201517000068,53.06894687800008,Östliche Vorstadt,Peterswerder,POINT (8.843201517000068 53.06894687800008)
3068,11,2018,7,2,6,3,5,2,1,1,0,0,0,0,0,0,8.786308792000057,53.057298494000065,Neustadt,Neuenland,POINT (8.786308792000057 53.05729849400007)
3069,11,2018,7,2,15,3,1,7,1,1,0,0,0,0,0,0,8.844065372000045,53.07196123700004,Östliche Vorstadt,Peterswerder,POINT (8.844065372000045 53.07196123700004)
3070,11,2018,8,6,13,3,0,7,1,0,0,0,0,0,0,0,8.808967465000023,53.07215819800007,Mitte,Altstadt,POINT (8.808967465000023 53.07215819800007)
3071,11,2018,7,2,17,3,5,3,1,1,0,0,0,0,0,0,8.824952920000044,53.08419197500007,Schwachhausen,Barkhof,POINT (8.824952920000044 53.08419197500007)
3072,11,2018,8,3,18,3,5,3,1,0,0,0,0,1,0,0,8.855941581000025,53.10349068200003,Horn-Lehe,Lehe,POINT (8.855941581000025 53.10349068200003)
3073,11,2018,7,2,17,3,5,3,1,1,0,0,0,0,0,0,8.950653224000064,53.06011072600006,Osterholz,Tenever,POINT (8.950653224000064 53.06011072600006)
3074,11,2018,8,5,14,3,5,3,1,1,0,0,0,0,0,0,8.778042909000021,53.06207371700003,Neustadt,Neuenland,POINT (8.778042909000021 53.06207371700003)
3075,11,2018,8,4,17,3,5,3,1,1,0,0,0,0,0,0,8.801270971000065,53.071518224000044,Neustadt,Alte Neustadt,POINT (8.801270971000065 53.07151822400004)
3076,11,2018,7,1,17,3,5,3,1,1,0,0,0,0,0,0,8.760548726000025,53.12286467700005,Gröpelingen,Ohlenhof,POINT (8.760548726000025 53.12286467700005)
3077,12,2018,7,7,14,2,5,3,1,1,0,0,0,0,0,0,8.598934194000037,53.57022703000007,Lehe,Königsheide,POINT (8.598934194000037 53.57022703000007)
3078,11,2018,8,3,16,3,6,4,1,0,1,0,0,0,2,0,8.809235904000047,53.07793564100007,Mitte,Altstadt,POINT (8.809235904000047 53.07793564100007)
3079,11,2018,8,4,1,3,1,7,1,1,0,0,0,0,2,0,8.886603076000029,53.10050165600006,Horn-Lehe,Lehesterdeich,POINT (8.886603076000029 53.10050165600006)
3080,11,2018,8,5,13,3,1,1,1,1,0,0,0,0,0,0,8.805135300000074,53.09553301900007,Findorff,Regensburger Str.,POINT (8.805135300000074 53.09553301900007)
3081,11,2018,7,7,2,2,7,7,1,0,1,0,0,0,2,0,8.82713071400002,53.07957668500006,Östliche Vorstadt,Fesenfeld,POINT (8.82713071400002 53.07957668500006)
3082,12,2018,7,6,9,3,5,3,1,1,0,0,0,0,0,0,8.579642791000026,53.53823078900007,Mitte,Weddewarden,POINT (8.579642791000026 53.53823078900007)
3083,11,2018,8,1,11,3,0,7,1,0,0,0,0,1,0,0,8.886469834000025,53.100363135000066,Horn-Lehe,Lehesterdeich,POINT (8.886469834000025 53.10036313500007)
3084,11,2018,8,7,15,3,0,7,1,0,0,0,0,0,0,0,8.667591636000054,53.175134384000046,Burglesum,St.Magnus,POINT (8.667591636000054 53.17513438400005)
3085,11,2018,8,3,9,3,5,2,1,1,0,0,0,0,0,0,8.68581187500007,53.17384282200004,Burglesum,Lesum,POINT (8.68581187500007 53.17384282200004)
3086,11,2018,7,6,15,3,5,3,1,1,0,0,0,0,0,0,8.864670574000058,53.09509967500003,Horn-Lehe,Horn,POINT (8.864670574000058 53.09509967500003)
3087,11,2018,8,4,19,3,5,2,1,1,0,0,0,0,0,0,8.825131438000028,53.08433536700005,Schwachhausen,Bürgerpark,POINT (8.825131438000028 53.08433536700005)
3088,11,2018,8,2,13,2,1,7,1,1,0,0,0,0,0,1,8.795890246000056,53.065146550000065,Neustadt,Südervorstadt,POINT (8.795890246000056 53.06514655000007)
3089,12,2018,8,3,11,3,3,6,1,1,0,0,0,0,0,0,8.595090990000074,53.53032973300003,Geestemünde,Buschkämpen,POINT (8.595090990000074 53.53032973300003)
3090,11,2018,7,6,12,3,0,1,1,0,0,0,0,0,0,0,8.851939691000041,53.073019474000034,Östliche Vorstadt,Hulsberg,POINT (8.851939691000041 53.07301947400003)
3091,11,2018,7,6,11,3,5,2,1,1,0,0,0,0,0,0,8.57250891800004,53.183962515000076,Blumenthal,Blumenthal,POINT (8.57250891800004 53.18396251500008)
3092,12,2018,7,5,6,3,5,3,1,1,0,0,0,0,0,0,8.604344110000056,53.58797185200007,Leherheide,Fehmoor,POINT (8.604344110000056 53.58797185200007)
3093,12,2018,8,2,7,3,0,7,1,0,0,0,1,0,0,1,8.585934269000063,53.55961116600008,Lehe,Königsheide,POINT (8.585934269000063 53.55961116600008)
3094,11,2018,7,5,14,3,5,3,1,1,0,0,0,0,0,0,8.740719632000037,53.052684029000034,Huchting,Kirchhuchting,POINT (8.740719632000037 53.05268402900003)
3095,11,2018,7,5,18,2,5,3,1,1,0,0,0,0,0,0,8.865093827000067,53.06678939500006,Hemelingen,Hastedt,POINT (8.865093827000067 53.06678939500006)
3096,11,2018,8,3,11,3,0,7,1,0,0,0,0,0,0,0,8.838654705000067,53.082799452000074,Schwachhausen,Schwachhausen,POINT (8.838654705000067 53.08279945200007)
3097,11,2018,8,7,13,3,6,4,1,0,1,0,0,0,0,0,8.815326319000064,53.084706065000034,Findorff,Findorff-Bürgerweide,POINT (8.815326319000064 53.08470606500003)
3098,11,2018,8,4,14,3,4,6,1,0,0,0,0,0,0,0,8.681222602000048,53.16313523600007,Burglesum,Lesum,POINT (8.681222602000048 53.16313523600007)
3099,11,2018,8,7,16,3,2,7,1,1,0,0,0,0,0,0,8.78252868800007,53.10136690300004,Walle,Walle,POINT (8.78252868800007 53.10136690300004)
3100,11,2018,8,2,20,3,2,7,1,0,0,0,0,0,0,1,8.831335892000027,53.07126883500007,Östliche Vorstadt,Steintor,POINT (8.831335892000027 53.07126883500007)
3101,11,2018,7,5,18,2,9,7,1,0,0,0,0,0,0,0,8.910018147000073,53.085481025000036,,,POINT (8.910018147000073 53.08548102500004)
3102,11,2018,7,5,15,3,5,3,1,1,0,0,0,0,0,0,8.801989841000022,53.071424852000064,Neustadt,Alte Neustadt,POINT (8.801989841000022 53.07142485200006)
3103,11,2018,8,3,12,3,0,7,1,0,0,0,0,1,0,0,8.800150532000032,53.06234014700004,Neustadt,Buntentor,POINT (8.800150532000032 53.06234014700004)
3104,11,2018,8,4,16,3,1,5,1,1,0,0,0,0,0,0,8.779458548000036,53.093850125000074,Walle,Steffensweg,POINT (8.779458548000036 53.09385012500007)
3105,11,2018,7,4,19,2,5,3,1,1,0,0,0,0,0,0,8.786634500000048,53.08939833000005,Walle,Utbremen,POINT (8.786634500000048 53.08939833000005)
3106,11,2018,8,5,7,3,3,7,1,1,0,0,0,0,0,0,8.767953996000074,53.07321292800003,Woltmershausen,Woltmershausen,POINT (8.767953996000074 53.07321292800003)
3107,11,2018,8,7,13,3,5,3,1,0,0,0,0,0,0,0,8.943853224000065,53.06630240800007,Osterholz,Ellenerbrok-Schevemoor,POINT (8.943853224000065 53.06630240800007)
3108,11,2018,7,3,14,3,3,6,1,1,0,0,0,0,0,0,8.82383863900003,53.07111587300005,Mitte,Ostertor,POINT (8.82383863900003 53.07111587300005)
3109,12,2018,8,2,17,2,0,7,1,1,0,0,0,0,0,0,8.596960706000061,53.52621143700003,Geestemünde,Buschkämpen,POINT (8.596960706000061 53.52621143700003)
3110,11,2018,8,3,19,3,5,2,1,1,0,0,0,0,0,0,8.77935459300005,53.10020179600008,Walle,Walle,POINT (8.77935459300005 53.10020179600008)
3111,11,2018,8,6,8,3,0,7,1,0,0,0,0,0,0,0,8.889967341000045,53.07919135700007,Vahr,Neue Vahr Südwest,POINT (8.889967341000045 53.07919135700007)
3112,11,2018,7,3,10,3,5,3,1,1,0,0,0,0,0,0,8.786007353000059,53.06816315800006,Neustadt,Neustadt,POINT (8.786007353000059 53.06816315800006)
3113,11,2018,8,5,14,3,6,4,1,0,1,0,0,0,0,0,8.805570394000029,53.08116719000003,Mitte,Bahnhofsvorstadt,POINT (8.805570394000029 53.08116719000003)
3114,11,2018,7,3,17,2,5,3,1,1,0,0,0,0,0,0,8.618640564000032,53.175009473000046,Vegesack,Vegesack,POINT (8.618640564000032 53.17500947300005)
3115,11,2018,8,7,23,3,4,2,1,1,0,0,0,0,2,0,8.822688717000062,53.07520748200005,Östliche Vorstadt,Fesenfeld,POINT (8.822688717000062 53.07520748200005)
3116,12,2018,8,4,13,3,5,2,1,1,0,0,0,0,0,0,8.597537527000043,53.571517940000035,Lehe,Königsheide,POINT (8.597537527000043 53.57151794000004)
3117,11,2018,8,5,22,3,0,1,1,0,0,0,0,0,2,0,8.822294936000048,53.027081758000065,Obervieland,Kattenesch,POINT (8.822294936000048 53.02708175800007)
3118,11,2018,7,3,19,3,4,6,1,0,0,0,0,0,0,0,8.907280502000049,53.08208970600003,Osterholz,Blockdiek,POINT (8.907280502000049 53.08208970600003)
3119,12,2018,7,2,19,3,5,3,1,1,0,0,0,0,0,0,8.591877736000072,53.561755824000045,Lehe,Königsheide,POINT (8.591877736000072 53.56175582400004)
3120,11,2018,7,2,16,3,5,2,1,1,0,0,0,0,0,0,8.787423733000026,53.08997173900008,Walle,Steffensweg,POINT (8.787423733000026 53.08997173900008)
3121,11,2018,7,2,15,3,5,3,1,0,0,0,0,0,0,0,8.948117801000024,53.055762464000054,Osterholz,Osterholz,POINT (8.948117801000024 53.05576246400005)
3122,11,2018,8,2,8,3,1,7,1,1,0,0,0,0,0,0,8.856084616000032,53.08870457900008,Schwachhausen,Radio Bremen,POINT (8.856084616000032 53.08870457900008)
3123,11,2018,8,4,7,3,5,3,1,1,0,0,0,0,0,0,8.716139248000047,53.17821715400004,Burglesum,Burgdamm,POINT (8.716139248000047 53.17821715400004)
3124,11,2018,7,1,20,3,4,6,1,1,0,0,0,0,1,0,8.50704083000005,53.21719622400008,Blumenthal,Rekum,POINT (8.507040830000051 53.21719622400008)
3125,11,2018,8,4,6,3,5,2,1,1,0,0,0,0,0,0,8.556204746000049,53.18509644100004,Blumenthal,Blumenthal,POINT (8.556204746000049 53.18509644100004)
3126,12,2018,7,7,12,3,5,2,1,1,0,0,0,0,0,0,8.592918660000066,53.56823601000008,Lehe,Königsheide,POINT (8.592918660000066 53.56823601000008)
3127,12,2018,8,6,8,3,8,1,1,1,0,0,0,0,0,1,8.585880287000066,53.55921683300005,Lehe,Königsheide,POINT (8.585880287000066 53.55921683300005)
3128,11,2018,7,7,15,3,1,5,1,1,0,0,0,0,0,0,8.803053431000023,53.06707774900008,Neustadt,Buntentor,POINT (8.803053431000023 53.06707774900008)
3129,12,2018,8,3,16,3,5,2,1,1,0,0,0,0,0,0,8.598158976000036,53.57017102900005,Lehe,Königsheide,POINT (8.598158976000036 53.57017102900005)
3130,11,2018,8,3,5,3,5,3,1,1,0,0,0,0,1,1,8.868524533000027,53.06694205000008,Hemelingen,Hastedt,POINT (8.868524533000027 53.06694205000008)
3131,11,2018,8,4,13,3,5,3,1,1,0,0,0,0,0,0,8.773017182000046,53.10876834000004,Walle,Walle,POINT (8.773017182000046 53.10876834000004)
3132,11,2018,8,3,18,3,3,2,1,1,0,0,0,0,0,0,8.82515404000003,53.08451407200005,Schwachhausen,Bürgerpark,POINT (8.825154040000029 53.08451407200005)
3133,11,2018,7,6,11,3,0,7,1,0,0,0,0,0,0,0,8.812853133000033,53.073375025000075,Mitte,Altstadt,POINT (8.812853133000033 53.07337502500008)
3134,11,2018,8,7,18,3,5,2,1,1,0,0,0,0,0,0,8.83099349400004,53.04086217400004,Obervieland,Kattenturm,POINT (8.83099349400004 53.04086217400004)
3135,11,2018,7,6,10,3,0,7,1,0,0,0,0,0,0,0,8.78276442300006,53.10144920100004,Walle,Walle,POINT (8.78276442300006 53.10144920100004)
3136,11,2018,8,4,17,3,6,4,1,0,1,0,0,0,0,0,8.813218316000075,53.07841025700003,Mitte,Bahnhofsvorstadt,POINT (8.813218316000075 53.07841025700003)
3137,11,2018,8,6,11,2,5,3,1,1,0,0,0,0,0,0,8.703006023000057,53.17132843500008,Burglesum,Burgdamm,POINT (8.703006023000057 53.17132843500008)
3138,11,2018,8,6,7,2,5,2,1,1,0,0,0,0,0,0,8.937717152000062,53.06869244000006,Osterholz,Ellenerbrok-Schevemoor,POINT (8.937717152000062 53.06869244000006)
3139,11,2018,7,5,13,3,5,3,1,1,0,0,0,0,0,0,8.769000371000061,53.112827579000054,Gröpelingen,Gröpelingen,POINT (8.769000371000061 53.11282757900005)
3140,11,2018,7,5,16,3,5,3,1,0,0,0,0,0,0,0,8.790855042000032,53.09900234600008,Walle,Osterfeuerberg,POINT (8.790855042000032 53.09900234600008)
3141,11,2018,8,3,15,3,5,3,1,1,0,0,0,0,0,1,8.842949215000033,53.08852866700005,Schwachhausen,Schwachhausen,POINT (8.842949215000033 53.08852866700005)
3142,11,2018,7,5,17,3,5,3,1,1,0,0,0,0,0,0,8.685278513000071,53.176004127000056,Burglesum,Lesum,POINT (8.685278513000071 53.17600412700006)
3143,12,2018,8,6,16,3,5,3,1,0,0,0,0,0,0,0,8.595355092000034,53.56469097300004,Lehe,Königsheide,POINT (8.595355092000034 53.56469097300004)
3144,11,2018,7,5,10,3,3,3,1,1,0,0,0,0,0,0,8.81285986000006,53.07338272800007,Mitte,Altstadt,POINT (8.81285986000006 53.07338272800007)
3145,11,2018,8,6,23,3,0,1,1,1,0,0,0,0,2,0,8.831926484000064,53.07107870200008,Östliche Vorstadt,Steintor,POINT (8.831926484000064 53.07107870200008)
3146,12,2018,8,4,8,3,5,3,1,1,0,0,0,0,0,0,8.593701642000042,53.550016733000064,Geestemünde,Buschkämpen,POINT (8.593701642000042 53.55001673300006)
3147,11,2018,7,5,22,3,5,3,1,1,0,0,0,0,2,0,8.748458768000035,53.12515801100005,Gröpelingen,Ohlenhof,POINT (8.748458768000035 53.12515801100005)
3148,11,2018,8,6,20,3,5,2,1,1,0,0,0,0,0,1,8.883875119000038,53.07909469000003,Vahr,Neue Vahr Südwest,POINT (8.883875119000038 53.07909469000003)
3149,11,2018,8,6,21,3,5,2,1,1,0,0,0,0,2,0,8.80054351800004,53.078596952000055,Mitte,Altstadt,POINT (8.80054351800004 53.07859695200005)
3150,11,2018,8,3,14,3,5,3,1,1,0,0,0,0,0,0,8.871044512000026,53.06463150900004,Hemelingen,Hastedt,POINT (8.871044512000026 53.06463150900004)
3151,11,2018,8,6,8,3,5,3,1,1,0,0,0,0,0,0,8.578520660000038,53.20714536400004,Blumenthal,Lüssum-Bockhorn,POINT (8.578520660000038 53.20714536400004)
3152,11,2018,8,3,0,3,0,7,1,0,0,0,0,0,2,0,8.778695492000054,53.06477122900003,Neustadt,Neuenland,POINT (8.778695492000054 53.06477122900003)
3153,11,2018,8,5,17,3,5,3,1,1,0,0,0,0,0,0,8.866420709000067,53.098888798000075,Horn-Lehe,Lehe,POINT (8.866420709000067 53.09888879800008)