,UKREIS,UJAHR,UMONAT,UWOCHENTAG,USTUNDE,UKATEGORIE,UART,UTYP1,IstRad,IstPKW,IstFuss,IstKrad,IstGkfz,IstSonstig,ULICHTVERH,STRZUSTAND,longitude,latitude,Stadtteil,Ortsteil,geometry
3311,12,2018,9,5,7,3,5,3,1,1,0,0,0,0,0,0,8.60823305200006,53.57450720300005,Lehe,Königsheide,POINT (8.60823305200006 53.57450720300005)
3312,12,2018,10,7,16,3,3,6,1,1,0,0,0,0,0,0,8.595374587000038,53.55174957600008,Geestemünde,Buschkämpen,POINT (8.595374587000038 53.55174957600008)
3313,11,2018,9,2,10,3,5,3,1,1,0,0,0,0,0,0,8.857395226000051,53.08051737000005,Schwachhausen,Gete,POINT (8.857395226000051 53.08051737000005)
3314,11,2018,10,4,11,3,6,4,1,0,1,0,0,1,0,0,8.78011218000006,53.09920952700003,Walle,Walle,POINT (8.78011218000006 53.09920952700003)
3315,11,2018,9,5,12,3,5,2,1,0,0,0,0,1,0,0,8.943904016000033,53.03798752600005,Hemelingen,Mahndorf,POINT (8.943904016000033 53.03798752600005)
3316,11,2018,9,4,17,3,5,3,1,1,0,0,0,0,0,0,8.825038134000067,53.08458189500004,Schwachhausen,Bürgerpark,POINT (8.825038134000067 53.08458189500004)
3317,11,2018,9,5,16,3,3,6,1,1,0,0,0,0,0,0,8.938311811000062,53.08143914600004,,,POINT (8.938311811000062 53.08143914600004)
3318,11,2018,10,7,17,3,5,3,1,1,0,0,0,0,0,0,8.838202491000061,53.067748134000055,Östliche Vorstadt,Peterswerder,POINT (8.838202491000061 53.06774813400006)
3319,11,2018,9,5,15,3,5,3,1,1,0,0,0,0,0,1,8.571859543000073,53.196092744000055,Blumenthal,Lüssum-Bockhorn,POINT (8.571859543000073 53.19609274400005)
3320,11,2018,9,6,8,2,4,6,1,0,0,0,0,0,0,0,8.870726252000054,53.09847968200006,Horn-Lehe,Lehe,POINT (8.870726252000054 53.09847968200006)
3321,11,2018,9,5,15,2,4,6,1,0,0,0,0,0,0,0,8.850957899000036,53.04534251300004,Obervieland,Habenhausen,POINT (8.850957899000036 53.04534251300004)
3322,11,2018,10,5,11,3,4,1,1,0,0,0,0,1,0,0,8.796875328000056,53.09466998700003,Findorff,Regensburger Str.,POINT (8.796875328000056 53.09466998700003)
3323,11,2018,10,3,17,3,5,2,1,1,0,0,0,0,0,1,8.853314428000033,53.08292764200007,Schwachhausen,Radio Bremen,POINT (8.853314428000033 53.08292764200007)
3324,11,2018,9,4,8,3,3,2,1,0,0,0,0,1,0,0,8.837377334000053,53.037849591000054,Obervieland,Arsten,POINT (8.837377334000053 53.03784959100005)
3325,11,2018,9,6,13,3,5,2,1,0,0,0,0,0,0,0,8.785191260000033,53.07448831100004,Neustadt,Hohentor,POINT (8.785191260000033 53.07448831100004)
3326,11,2018,9,5,17,3,5,7,1,1,0,0,0,0,0,1,8.578292194000028,53.206793910000044,Blumenthal,Lüssum-Bockhorn,POINT (8.578292194000028 53.20679391000004)
3327,11,2018,9,3,19,3,5,3,1,1,0,0,0,0,1,0,8.76271704900006,53.06031657600005,Huchting,Grolland,POINT (8.762717049000059 53.06031657600005)
3328,11,2018,9,5,12,3,0,7,1,0,0,0,0,0,0,0,8.739089540000066,53.13517975700006,Gröpelingen,Oslebshausen,POINT (8.739089540000066 53.13517975700006)
3329,11,2018,9,6,8,3,5,3,1,0,0,0,0,0,0,0,8.807316628000024,53.082160670000064,Mitte,Bahnhofsvorstadt,POINT (8.807316628000024 53.08216067000006)
3330,11,2018,9,1,18,3,0,7,1,0,0,0,0,0,0,0,8.818243549000044,53.04670740300003,Obervieland,Kattenturm,POINT (8.818243549000044 53.04670740300003)
3331,11,2018,10,3,17,3,5,2,1,1,0,0,0,0,0,0,8.787577511000052,53.06983940200007,Neustadt,Neustadt,POINT (8.787577511000052 53.06983940200007)
3332,11,2018,9,5,15,3,0,1,1,0,0,0,0,0,0,1,8.569774203000065,53.204520675000026,Blumenthal,Lüssum-Bockhorn,POINT (8.569774203000065 53.20452067500003)
3333,11,2018,9,3,9,3,1,5,1,1,0,0,0,0,0,0,8.812567664000028,53.09084561200007,Findorff,Findorff-Bürgerweide,POINT (8.812567664000028 53.09084561200007)
3334,11,2018,9,5,16,3,5,2,1,1,0,0,0,0,0,1,8.716687054000033,53.134588215000065,Häfen,Industriehäfen,POINT (8.716687054000033 53.13458821500006)
3335,11,2018,9,6,12,3,4,6,1,1,0,0,0,0,0,0,8.720428682000033,53.17287646600005,Burglesum,Burgdamm,POINT (8.720428682000033 53.17287646600005)
3336,11,2018,9,5,7,3,5,3,1,1,0,0,0,0,0,0,8.82333767800003,53.046018024000034,Obervieland,Kattenturm,POINT (8.82333767800003 53.04601802400003)
3337,12,2018,9,3,15,3,6,7,1,0,1,0,0,0,0,0,8.592761478000057,53.51557580000008,Wulsdorf,Geestemünde-Süd,POINT (8.592761478000057 53.51557580000008)
3338,11,2018,9,5,15,3,5,3,1,1,0,0,0,0,0,0,8.897585924000055,53.079364088000034,Vahr,Neue Vahr Südost,POINT (8.897585924000055 53.07936408800003)
3339,12,2018,9,5,16,3,5,3,1,1,0,0,0,0,0,0,8.584287483000026,53.55617934800006,Lehe,Königsheide,POINT (8.584287483000026 53.55617934800006)
3340,11,2018,9,5,14,3,5,3,1,1,0,0,0,0,0,0,8.859063258000049,53.08444511400006,Schwachhausen,Radio Bremen,POINT (8.859063258000049 53.08444511400006)
3341,12,2018,9,4,9,3,5,3,1,1,0,0,0,0,0,0,8.589659864000055,53.56776663000005,Lehe,Königsheide,POINT (8.589659864000055 53.56776663000005)
3342,11,2018,10,3,14,3,3,6,1,0,0,0,0,0,0,0,8.845390842000029,53.08427651200003,Schwachhausen,Gete,POINT (8.845390842000029 53.08427651200003)
3343,11,2018,9,5,15,2,5,3,1,1,0,0,0,0,0,0,8.611131190000037,53.175301922000074,Vegesack,Fähr-Lobbendorf,POINT (8.611131190000037 53.17530192200007)
3344,11,2018,9,2,14,3,5,3,1,1,0,0,0,0,0,0,8.819116063000024,53.08027714900004,Mitte,Ostertor,POINT (8.819116063000024 53.08027714900004)
3345,12,2018,9,2,10,3,5,3,1,1,0,0,0,0,0,0,8.611923251000064,53.587591822000036,Leherheide,Fehmoor,POINT (8.611923251000064 53.58759182200004)
3346,11,2018,9,4,11,3,3,6,1,1,0,0,0,0,0,0,8.849644988000023,53.04151301400003,Obervieland,Habenhausen,POINT (8.849644988000023 53.04151301400003)
3347,11,2018,9,4,16,3,5,3,1,1,0,0,0,0,0,0,8.811192636000044,53.080111113000044,Mitte,Bahnhofsvorstadt,POINT (8.811192636000044 53.08011111300004)
3348,11,2018,9,5,12,3,5,3,1,1,0,0,0,0,0,0,8.80252474200006,53.07985466900004,Mitte,Altstadt,POINT (8.80252474200006 53.07985466900004)
3349,11,2018,9,4,7,3,2,6,1,0,0,0,0,0,0,0,8.549791287000062,53.196913005000056,Blumenthal,Lüssum-Bockhorn,POINT (8.549791287000062 53.19691300500006)
3350,11,2018,9,4,13,3,5,3,1,0,0,0,1,0,0,0,8.751674200000025,53.08481357900007,Häfen,Neustädter Hafen,POINT (8.751674200000025 53.08481357900007)
3351,11,2018,9,5,12,3,5,3,1,1,0,0,0,0,0,0,8.640027834000023,53.187973413000066,Vegesack,Schönebeck,POINT (8.640027834000023 53.18797341300007)
3352,11,2018,10,6,7,3,5,3,1,0,0,0,0,0,0,0,8.850249113000075,53.07055462500006,Östliche Vorstadt,Peterswerder,POINT (8.850249113000075 53.07055462500006)
3353,11,2018,9,4,13,2,5,3,1,0,0,0,0,0,0,0,8.670167879000076,53.17459540800007,Burglesum,St.Magnus,POINT (8.670167879000076 53.17459540800007)
3354,11,2018,9,2,12,3,5,2,1,1,0,0,0,0,0,1,8.878562669000075,53.078932457000064,Vahr,Gartenstadt Vahr,POINT (8.878562669000075 53.07893245700006)
3355,11,2018,9,3,14,2,5,3,1,0,0,0,0,1,0,0,8.871961733000035,53.06713391200003,Hemelingen,Hastedt,POINT (8.871961733000035 53.06713391200003)
3356,11,2018,9,5,16,3,5,3,1,1,0,1,0,0,0,0,8.89813953600003,53.12746276400003,,Borgfeld,POINT (8.898139536000031 53.12746276400003)
3357,11,2018,10,2,12,3,5,2,1,1,0,0,0,0,0,0,8.825077970000052,53.084203313000046,Schwachhausen,Bürgerpark,POINT (8.825077970000052 53.08420331300005)
3358,11,2018,10,2,13,3,6,4,1,0,1,0,0,0,0,1,8.938750655000035,53.063771845000076,Osterholz,Ellenerbrok-Schevemoor,POINT (8.938750655000035 53.06377184500008)
3359,11,2018,9,3,8,3,5,3,1,1,0,0,0,0,0,0,8.73074654800007,53.040556766000066,Huchting,Kirchhuchting,POINT (8.73074654800007 53.04055676600007)
3360,11,2018,9,5,16,3,1,7,1,1,0,0,0,0,0,0,8.812990629000069,53.05856103700006,Neustadt,Huckelriede,POINT (8.812990629000069 53.05856103700006)
3361,11,2018,10,5,14,3,5,3,1,1,0,0,0,0,0,0,8.800716158000057,53.078567658000054,Mitte,Altstadt,POINT (8.800716158000057 53.07856765800005)
3362,11,2018,9,1,12,2,0,1,1,0,0,0,0,0,0,1,8.555801460000055,53.185839145000045,Blumenthal,Rönnebeck,POINT (8.555801460000055 53.18583914500005)
3363,11,2018,9,3,7,3,5,3,1,1,0,0,0,0,0,0,8.787296777000051,53.08756992000008,Walle,Überseestadt,POINT (8.787296777000051 53.08756992000008)
3364,11,2018,9,3,21,3,5,3,1,0,0,1,0,0,2,0,8.785043805000043,53.10224083600008,Walle,Walle,POINT (8.785043805000043 53.10224083600008)
3365,11,2018,10,7,8,3,5,3,1,1,0,0,0,0,0,0,8.88401086600004,53.07340637200008,Hemelingen,Sebaldsbrück,POINT (8.88401086600004 53.07340637200008)
3366,11,2018,10,5,11,2,3,6,1,0,0,0,0,0,0,0,8.759503432000031,53.11364553800007,Gröpelingen,Lindenhof,POINT (8.759503432000031 53.11364553800007)
3367,11,2018,9,1,16,3,3,6,1,0,0,0,0,0,0,0,8.832273214000054,53.06863071400005,Östliche Vorstadt,Peterswerder,POINT (8.832273214000054 53.06863071400005)
3368,12,2018,9,2,15,3,5,3,1,0,0,0,0,0,0,0,8.59795805400006,53.58506814300006,Lehe,Königsheide,POINT (8.59795805400006 53.58506814300006)
3369,11,2018,10,7,16,3,5,3,1,1,0,0,0,0,0,0,8.741036681000026,53.05264326500003,Huchting,Kirchhuchting,POINT (8.741036681000026 53.05264326500003)
3370,11,2018,9,5,16,3,6,3,1,1,1,0,0,0,0,0,8.813748290000035,53.057647280000026,Neustadt,Huckelriede,POINT (8.813748290000035 53.05764728000003)
3371,11,2018,10,5,11,3,6,4,1,0,1,0,0,0,0,0,8.759744046000037,53.110193726000034,Gröpelingen,Lindenhof,POINT (8.759744046000037 53.11019372600003)
3372,11,2018,10,3,11,3,5,2,1,0,0,0,1,0,0,1,8.845141132000037,53.04574763900007,Obervieland,Habenhausen,POINT (8.845141132000037 53.04574763900007)
3373,11,2018,9,2,15,3,3,6,1,0,0,0,0,0,0,0,8.621723527000029,53.16865298300007,Vegesack,Vegesack,POINT (8.621723527000029 53.16865298300007)
3374,11,2018,9,6,15,3,5,3,1,1,0,0,0,0,0,0,8.946996890000037,53.076011219000065,Osterholz,Ellenerbrok-Schevemoor,POINT (8.946996890000037 53.07601121900007)
3375,11,2018,9,2,12,3,1,6,1,1,0,0,0,0,0,0,8.84411512500003,53.07517111300007,Östliche Vorstadt,Hulsberg,POINT (8.84411512500003 53.07517111300007)
3376,11,2018,9,5,14,3,6,3,1,0,1,0,0,0,0,0,8.826210787000036,53.083663185000034,Schwachhausen,Bürgerpark,POINT (8.826210787000036 53.08366318500003)
3377,12,2018,10,6,18,3,5,3,1,1,0,0,0,0,1,0,8.580409252000038,53.555587985000045,Lehe,Königsheide,POINT (8.580409252000038 53.55558798500005)
3378,11,2018,9,2,5,3,0,7,1,0,0,0,0,0,2,1,8.81641240700003,53.10399811700006,Findorff,In den Hufen,POINT (8.81641240700003 53.10399811700006)
3379,11,2018,10,3,21,3,0,7,1,0,0,0,0,0,2,0,8.808974799000055,53.07215577800008,Mitte,Altstadt,POINT (8.808974799000055 53.07215577800008)
3380,11,2018,9,2,7,2,5,3,1,1,0,0,0,0,0,0,8.574854666000022,53.20145283100004,Blumenthal,Lüssum-Bockhorn,POINT (8.574854666000022 53.20145283100004)
3381,11,2018,10,7,11,3,4,6,1,0,0,0,0,0,0,0,8.806461346000049,53.073192461000076,Mitte,Altstadt,POINT (8.806461346000049 53.07319246100008)
3382,11,2018,9,3,7,3,5,3,1,1,0,0,0,0,0,0,8.780333650000046,53.07583821600008,Woltmershausen,Woltmershausen,POINT (8.780333650000046 53.07583821600008)
3383,11,2018,10,3,16,2,0,7,1,0,0,0,0,0,0,0,8.80651027600004,53.07461488000007,Mitte,Altstadt,POINT (8.80651027600004 53.07461488000007)
3384,12,2018,9,1,15,2,5,3,1,1,0,0,0,0,0,0,8.586016330000064,53.56431704400006,Lehe,Königsheide,POINT (8.586016330000064 53.56431704400006)
3385,11,2018,9,3,17,3,0,7,1,1,0,0,0,0,0,0,8.79518328100005,53.08184683600007,Mitte,Altstadt,POINT (8.79518328100005 53.08184683600007)
3386,11,2018,9,5,20,3,7,7,1,0,0,0,0,0,2,0,8.800539539000056,53.09552432000004,Findorff,Regensburger Str.,POINT (8.800539539000056 53.09552432000004)
3387,11,2018,9,1,17,3,6,4,1,0,1,0,0,0,0,0,8.822496198000067,53.069054513000026,Mitte,Ostertor,POINT (8.822496198000067 53.06905451300003)
3388,11,2018,10,6,16,2,8,7,1,0,0,0,0,0,0,0,8.809978613000055,53.06265226800008,Neustadt,Buntentor,POINT (8.809978613000055 53.06265226800008)
3389,11,2018,9,1,15,3,1,7,1,1,0,0,0,0,0,0,8.84274526400003,53.06902802600007,Östliche Vorstadt,Peterswerder,POINT (8.84274526400003 53.06902802600007)
3390,11,2018,9,5,0,2,0,7,1,0,0,0,0,0,2,0,8.619822165000073,53.17404962100005,Vegesack,Vegesack,POINT (8.619822165000073 53.17404962100005)
3391,11,2018,9,2,21,3,5,3,1,0,0,0,0,1,2,0,8.886354881000045,53.07151499300005,Hemelingen,Sebaldsbrück,POINT (8.886354881000045 53.07151499300005)
3392,11,2018,9,6,17,3,6,4,1,0,1,0,0,0,0,0,8.852332087000036,53.086016235000045,Schwachhausen,Radio Bremen,POINT (8.852332087000036 53.08601623500005)
3393,11,2018,9,1,15,3,1,5,1,1,0,0,0,0,0,0,8.81754311100002,53.079347263000045,Mitte,Ostertor,POINT (8.81754311100002 53.07934726300005)
3394,11,2018,9,3,9,2,0,1,1,0,0,0,0,0,0,0,8.810468152000055,53.07185678700006,Mitte,Altstadt,POINT (8.810468152000055 53.07185678700006)
3395,12,2018,9,4,17,3,5,3,1,1,0,0,0,0,0,1,8.579532105000055,53.549115062000055,Lehe,Königsheide,POINT (8.579532105000055 53.54911506200006)
3396,11,2018,10,6,7,3,5,2,1,1,0,0,0,0,0,0,8.854505681000035,53.06700811700006,Hemelingen,Hastedt,POINT (8.854505681000035 53.06700811700006)
3397,11,2018,8,6,12,3,0,3,1,1,0,0,0,0,0,0,8.89631001500004,53.09350443100004,Horn-Lehe,Horn,POINT (8.89631001500004 53.09350443100004)
3398,11,2018,9,4,17,3,5,3,1,0,0,0,0,1,0,0,8.720141169000044,53.05672448800004,Huchting,Mittelshuchting,POINT (8.720141169000044 53.05672448800004)
3399,12,2018,9,1,15,3,5,2,1,0,0,0,0,1,0,0,8.594018402000074,53.532663643000035,Geestemünde,Buschkämpen,POINT (8.594018402000074 53.53266364300003)
3400,11,2018,10,1,17,3,0,7,1,0,0,0,0,0,0,0,8.857973296000068,53.08272388900008,Schwachhausen,Radio Bremen,POINT (8.857973296000068 53.08272388900008)
3401,11,2018,8,6,13,3,6,4,1,0,1,0,0,0,0,0,8.827490191000038,53.07988263800007,Schwachhausen,Barkhof,POINT (8.827490191000038 53.07988263800007)
3402,11,2018,9,1,16,3,0,7,1,0,0,0,0,0,0,0,8.882878084000026,53.10413652400007,Horn-Lehe,Lehesterdeich,POINT (8.882878084000026 53.10413652400007)
3403,11,2018,9,4,17,3,5,3,1,1,0,0,0,0,0,0,8.909268719000067,53.05956293400004,Hemelingen,Sebaldsbrück,POINT (8.909268719000067 53.05956293400004)
3404,11,2018,8,6,14,3,0,7,1,0,0,0,0,0,0,0,8.799685005000072,53.077983895000045,Mitte,Altstadt,POINT (8.799685005000072 53.07798389500005)
3405,11,2018,8,6,17,3,0,6,1,0,0,0,0,1,0,0,8.855351506000034,53.04547990100008,Obervieland,Habenhausen,POINT (8.855351506000034 53.04547990100008)
3406,12,2018,8,5,8,3,0,7,1,1,0,0,0,0,0,1,8.593338789000029,53.55457052300005,Lehe,Königsheide,POINT (8.593338789000029 53.55457052300005)
3407,11,2018,10,7,21,3,1,5,1,1,0,0,0,0,2,0,8.826733357000023,53.07601580100004,Östliche Vorstadt,Fesenfeld,POINT (8.826733357000023 53.07601580100004)
3408,11,2018,9,3,9,2,0,1,1,0,0,0,0,0,0,1,8.800691103000077,53.078684390000035,Mitte,Altstadt,POINT (8.800691103000077 53.07868439000003)
3409,12,2018,8,5,6,3,0,7,1,1,0,0,0,0,1,1,8.597663447000059,53.53554702400004,Geestemünde,Buschkämpen,POINT (8.597663447000059 53.53554702400004)
3410,11,2018,8,5,16,3,0,3,1,1,0,0,0,0,0,0,8.800944989000072,53.08449194700006,Mitte,Bahnhofsvorstadt,POINT (8.800944989000072 53.08449194700006)
3411,11,2018,8,5,18,3,0,7,1,0,0,0,0,1,0,0,8.688875392000057,53.169591369000045,Burglesum,Lesum,POINT (8.688875392000057 53.16959136900005)
3412,11,2018,10,6,23,3,4,6,1,0,0,0,0,0,2,0,8.820584754000038,53.06935813900003,Mitte,Ostertor,POINT (8.820584754000038 53.06935813900003)
3413,11,2018,9,4,14,3,5,3,1,1,0,0,0,0,0,0,8.796862012000076,53.06296620100005,Neustadt,Gartenstadt Süd,POINT (8.796862012000076 53.06296620100005)
3414,11,2018,11,6,12,3,6,4,1,0,1,0,0,0,0,0,8.832832086000053,53.08055670300007,Schwachhausen,Gete,POINT (8.832832086000053 53.08055670300007)
3415,11,2018,11,5,13,3,3,6,1,0,0,0,0,0,0,1,8.898036623000053,53.11297508800004,Horn-Lehe,Lehesterdeich,POINT (8.898036623000053 53.11297508800004)
3416,11,2018,10,2,15,3,0,7,1,0,0,0,0,0,0,0,8.934370022000053,53.06929521700005,Osterholz,Ellener Feld,POINT (8.934370022000053 53.06929521700005)
3417,12,2018,12,4,6,3,5,3,1,1,0,0,0,0,2,2,8.595035030000076,53.57205553700004,Lehe,Königsheide,POINT (8.595035030000076 53.57205553700004)
3418,11,2018,10,7,18,3,0,7,1,0,0,0,0,0,2,0,8.798823879000054,53.06583951700003,Neustadt,Buntentor,POINT (8.798823879000054 53.06583951700003)
3419,11,2018,10,7,15,3,5,3,1,1,0,0,0,0,0,0,8.862503427000036,53.09928260500004,Horn-Lehe,Lehe,POINT (8.862503427000036 53.09928260500004)
3420,11,2018,12,4,9,3,5,3,1,1,0,0,0,0,0,0,8.832067977000065,53.06864597900005,Östliche Vorstadt,Steintor,POINT (8.832067977000065 53.06864597900005)
3421,11,2018,10,7,14,3,5,3,1,1,0,0,0,0,0,0,8.800860487000023,53.068448541000066,Neustadt,Südervorstadt,POINT (8.800860487000023 53.06844854100007)
3422,12,2018,10,6,7,3,0,7,1,1,0,0,0,0,1,1,8.595371043000057,53.56469144600004,Lehe,Königsheide,POINT (8.595371043000057 53.56469144600004)
3423,11,2018,11,5,7,3,5,3,1,1,0,0,0,0,0,1,8.741199488000063,53.13415783100004,Gröpelingen,Oslebshausen,POINT (8.741199488000063 53.13415783100004)
3424,11,2018,11,5,14,2,1,5,1,1,0,0,0,0,0,0,8.846162974000038,53.092978807000065,Schwachhausen,Neu-Schwachhausen,POINT (8.846162974000038 53.09297880700007)
3425,12,2018,11,2,7,3,5,3,1,1,0,0,0,0,1,1,8.584447142000045,53.55886105800005,Lehe,Königsheide,POINT (8.584447142000045 53.55886105800005)
3426,11,2018,11,5,8,3,5,3,1,1,0,0,0,0,0,1,8.773581185000069,53.11076073700008,Gröpelingen,Gröpelingen,POINT (8.773581185000069 53.11076073700008)
3427,11,2018,11,4,22,3,0,7,1,0,0,0,0,1,2,1,8.813839070000029,53.08020153700005,Mitte,Bahnhofsvorstadt,POINT (8.813839070000029 53.08020153700005)
3428,11,2018,10,6,14,3,0,3,1,1,0,0,0,0,0,1,8.893183005000026,53.06025368100006,Hemelingen,Sebaldsbrück,POINT (8.893183005000026 53.06025368100006)
3429,11,2018,12,6,11,3,5,2,1,1,0,0,0,0,0,1,8.850108615000067,53.08523314200005,Schwachhausen,Riensberg,POINT (8.850108615000067 53.08523314200005)
3430,11,2018,11,6,7,3,6,4,1,0,1,0,0,0,1,0,8.79947211800004,53.07790172800003,Mitte,Altstadt,POINT (8.79947211800004 53.07790172800003)
3431,11,2018,10,6,16,3,5,3,1,1,0,0,0,0,0,1,8.833164667000062,53.070140465000065,Östliche Vorstadt,Peterswerder,POINT (8.833164667000062 53.07014046500007)
3432,12,2018,12,3,11,3,1,5,1,1,0,0,0,0,0,0,8.580575114000055,53.55086491900005,Mitte,Weddewarden,POINT (8.580575114000055 53.55086491900005)
3433,11,2018,10,6,17,3,5,2,1,1,0,0,0,0,0,1,8.801329766000038,53.07148645900003,Neustadt,Alte Neustadt,POINT (8.801329766000038 53.07148645900003)
3434,11,2018,11,3,17,3,5,3,1,1,0,0,0,0,2,1,8.83732815600007,53.07680530400006,Östliche Vorstadt,Fesenfeld,POINT (8.837328156000069 53.07680530400006)
3435,11,2018,11,3,11,3,5,3,1,1,0,0,0,0,0,0,8.58896631400006,53.18305716500004,Blumenthal,Blumenthal,POINT (8.588966314000061 53.18305716500004)
3436,11,2018,12,7,19,3,3,6,1,1,0,0,0,0,2,1,8.766716899000073,53.08508227000004,Woltmershausen,Woltmershausen,POINT (8.766716899000073 53.08508227000004)
3437,11,2018,10,6,17,3,5,2,1,1,0,0,0,0,1,1,8.82096415600006,53.081556798000065,Schwachhausen,Barkhof,POINT (8.820964156000059 53.08155679800007)
3438,11,2018,11,4,8,3,5,3,1,1,0,0,0,0,0,0,8.733448735000024,53.08733903700005,Häfen,Neustädter Hafen,POINT (8.733448735000024 53.08733903700005)
3439,11,2018,11,3,11,3,5,3,1,1,0,0,0,0,0,0,8.825091133000058,53.08419650800005,Schwachhausen,Bürgerpark,POINT (8.825091133000058 53.08419650800005)
3440,12,2018,12,5,16,2,5,3,1,1,0,0,0,0,2,1,8.57412103300004,53.55778857800004,Mitte,Weddewarden,POINT (8.57412103300004 53.55778857800004)
3441,11,2018,11,6,7,3,1,5,1,1,0,0,0,0,0,0,8.730056576000038,53.04335216100003,Huchting,Kirchhuchting,POINT (8.730056576000038 53.04335216100003)
3442,12,2018,10,5,10,3,5,3,1,0,0,0,0,1,0,1,8.596814753000046,53.568042536000064,Lehe,Königsheide,POINT (8.596814753000046 53.56804253600006)
3443,12,2018,10,5,11,3,0,7,1,0,0,0,0,0,0,1,8.601035128000035,53.53468243800006,Geestemünde,Buschkämpen,POINT (8.601035128000035 53.53468243800006)
3444,12,2018,10,5,7,3,5,3,1,1,0,0,0,0,1,1,8.618773514000054,53.59275463600005,Leherheide,Fehmoor,POINT (8.618773514000054 53.59275463600005)
3445,11,2018,11,2,15,3,5,2,1,1,0,0,0,0,0,0,8.757900565000057,53.05852808000003,Huchting,Grolland,POINT (8.757900565000057 53.05852808000003)
3446,11,2018,11,2,18,3,3,2,1,1,0,0,0,0,2,0,8.589042255000038,53.18307483800004,Blumenthal,Blumenthal,POINT (8.589042255000038 53.18307483800004)
3447,11,2018,11,6,23,3,0,7,1,0,0,0,0,0,2,1,8.803194549000068,53.08025876000005,Mitte,Altstadt,POINT (8.803194549000068 53.08025876000005)
3448,11,2018,12,5,7,3,0,1,1,0,0,0,0,0,1,1,8.861747657000024,53.067924324000046,Hemelingen,Hastedt,POINT (8.861747657000024 53.06792432400005)
3449,11,2018,11,4,16,3,5,3,1,0,0,0,0,1,1,0,8.81140547900003,53.10106279300004,Findorff,Weidedamm,POINT (8.81140547900003 53.10106279300004)
3450,11,2018,10,5,10,2,5,3,1,1,0,0,0,0,0,1,8.876541798000062,53.08104399200005,Vahr,Gartenstadt Vahr,POINT (8.876541798000062 53.08104399200005)
3451,11,2018,11,5,14,3,4,6,1,0,0,0,0,0,0,1,8.851824817000022,53.08864968200004,Schwachhausen,Riensberg,POINT (8.851824817000022 53.08864968200004)
3452,11,2018,10,5,18,3,5,3,1,1,0,0,0,0,2,1,8.785402969000074,53.068515208000065,Neustadt,Neustadt,POINT (8.785402969000074 53.06851520800006)
3453,11,2018,11,3,10,3,5,3,1,1,0,0,0,0,0,0,8.578277762000027,53.185004194000044,Blumenthal,Blumenthal,POINT (8.578277762000027 53.18500419400004)
3454,11,2018,10,5,16,3,0,7,1,0,0,0,0,1,0,1,8.807807901000047,53.07570215700008,Mitte,Altstadt,POINT (8.807807901000047 53.07570215700008)
3455,11,2018,11,6,10,3,1,6,1,1,0,0,0,0,0,0,8.848784998000042,53.03189762300008,Obervieland,Arsten,POINT (8.848784998000042 53.03189762300008)
3456,11,2018,11,5,16,3,5,2,1,1,0,0,0,0,1,1,8.834365584000068,53.08199579700005,Schwachhausen,Schwachhausen,POINT (8.834365584000068 53.08199579700005)
3457,11,2018,10,5,20,3,5,3,1,1,0,0,0,0,2,0,8.770100393000064,53.095257770000046,Walle,Überseestadt,POINT (8.770100393000064 53.09525777000005)
3458,11,2018,11,2,15,3,0,1,1,0,0,0,0,0,0,1,8.808912758000076,53.06357581900005,Neustadt,Buntentor,POINT (8.808912758000076 53.06357581900005)
3459,11,2018,10,5,8,3,5,2,1,1,0,0,0,0,1,1,8.87652201800006,53.08103757300006,Vahr,Gartenstadt Vahr,POINT (8.87652201800006 53.08103757300006)
3460,11,2018,11,5,12,3,3,6,1,1,0,0,0,0,0,0,8.830488226000057,53.071562838000034,Östliche Vorstadt,Steintor,POINT (8.830488226000057 53.07156283800003)
3461,11,2018,11,3,11,3,5,2,1,1,0,0,0,0,0,0,8.819665668000027,53.03830567500006,Obervieland,Kattenturm,POINT (8.819665668000027 53.03830567500006)
3462,11,2018,10,4,21,3,0,1,1,0,0,0,0,0,2,0,8.811345308000057,53.072440613000026,Mitte,Altstadt,POINT (8.811345308000057 53.07244061300003)
3463,11,2018,11,6,14,2,0,2,1,1,0,0,0,0,0,0,8.870613572000025,53.09612268500007,Horn-Lehe,Horn,POINT (8.870613572000025 53.09612268500007)
3464,11,2018,11,5,10,2,5,2,1,1,0,0,0,0,0,0,8.615678332000073,53.194354614000076,Vegesack,Aumund-Hammersbeck,POINT (8.615678332000073 53.19435461400008)
3465,11,2018,10,5,17,3,5,3,1,1,0,0,0,0,0,0,8.801250637000066,53.079000611000026,Mitte,Altstadt,POINT (8.801250637000066 53.07900061100003)
3466,11,2018,11,2,16,3,5,3,1,1,0,0,0,0,0,0,8.88205360400002,53.07919971700005,Vahr,Neue Vahr Südwest,POINT (8.882053604000021 53.07919971700005)