,UKREIS,UJAHR,UMONAT,UWOCHENTAG,USTUNDE,UKATEGORIE,UART,UTYP1,IstRad,IstPKW,IstFuss,IstKrad,IstGkfz,IstSonstig,ULICHTVERH,STRZUSTAND,longitude,latitude,Stadtteil,Ortsteil,geometry
4095,11,2019,6,5,13,3,0,3,1,0,0,0,0,1,0,0,8.88748470400003,53.05054141100004,Hemelingen,Hemelingen,POINT (8.88748470400003 53.05054141100004)
4096,12,2019,6,4,16,3,5,3,1,1,0,0,0,0,0,0,8.602531016000057,53.50941562600008,Wulsdorf,Geestemünde-Süd,POINT (8.602531016000057 53.50941562600008)
4097,11,2019,6,4,13,3,5,2,1,1,0,0,0,0,0,0,8.919916615000034,53.07339919200007,Osterholz,Blockdiek,POINT (8.919916615000034 53.07339919200007)
4098,11,2019,6,4,14,2,5,2,1,0,0,0,0,1,0,0,8.771743920000063,53.079250296000055,Woltmershausen,Woltmershausen,POINT (8.771743920000063 53.07925029600005)
4099,11,2019,6,4,12,3,5,3,1,1,0,0,0,0,0,0,8.804354355000044,53.07252620600008,Mitte,Altstadt,POINT (8.804354355000044 53.07252620600008)
4100,11,2019,6,4,14,3,5,2,1,1,0,0,0,0,0,0,8.809216402000061,53.078852049000034,Mitte,Altstadt,POINT (8.809216402000061 53.07885204900003)
4101,11,2019,6,4,11,3,5,3,1,1,0,0,0,0,0,0,8.893566448000058,53.09839499700007,Horn-Lehe,Lehesterdeich,POINT (8.893566448000058 53.09839499700007)
4102,12,2019,6,3,7,3,5,3,1,0,0,0,0,1,0,0,8.597734335000041,53.53410970600004,Geestemünde,Buschkämpen,POINT (8.597734335000041 53.53410970600004)
4103,11,2019,6,3,13,3,4,6,1,0,0,0,0,0,0,0,8.752817313000037,53.08934986700007,Woltmershausen,Rablinghausen,POINT (8.752817313000037 53.08934986700007)
4104,11,2019,6,3,15,3,5,2,1,1,0,0,0,0,0,0,8.875976800000046,53.08213294600006,Vahr,Neue Vahr Südwest,POINT (8.875976800000046 53.08213294600006)
4105,11,2019,6,3,21,3,0,2,1,1,0,0,0,0,1,0,8.835290351000026,53.06290929200003,Obervieland,Habenhausen,POINT (8.835290351000026 53.06290929200003)
4106,11,2019,6,3,11,3,5,2,1,1,0,0,0,0,0,0,8.832749008000064,53.07747282100007,Östliche Vorstadt,Fesenfeld,POINT (8.832749008000064 53.07747282100007)
4107,11,2019,6,3,15,3,5,2,1,1,0,0,0,0,0,0,8.939977286000044,53.080352094000034,,,POINT (8.939977286000044 53.08035209400003)
4108,12,2019,6,2,16,3,0,1,1,0,0,0,0,0,0,0,8.552164748000052,53.57943065900008,Häfen,Speckenbüttel,POINT (8.552164748000052 53.57943065900008)
4109,11,2019,6,2,15,3,5,3,1,1,0,0,0,0,0,0,8.791787916000033,53.09091799400005,Walle,Utbremen,POINT (8.791787916000033 53.09091799400005)
4110,11,2019,6,2,14,3,2,6,1,1,0,0,0,0,0,0,8.808275868000067,53.094627985000045,Findorff,Weidedamm,POINT (8.808275868000067 53.09462798500005)
4111,11,2019,6,2,14,3,1,5,1,1,0,0,0,0,0,0,8.81047010900005,53.08377760500008,Mitte,Bahnhofsvorstadt,POINT (8.81047010900005 53.08377760500008)
4112,11,2019,6,2,7,3,6,4,1,0,1,0,0,0,0,0,8.908266385000047,53.03987510800005,Hemelingen,Arbergen,POINT (8.908266385000047 53.03987510800005)
4113,11,2019,6,2,20,2,0,6,1,0,0,1,0,0,0,0,8.829650564000076,53.07186444400003,Östliche Vorstadt,Steintor,POINT (8.829650564000076 53.07186444400003)
4114,11,2019,6,2,9,3,0,1,1,1,0,0,0,0,0,0,8.810412445000054,53.09258351100004,Findorff,Findorff-Bürgerweide,POINT (8.810412445000054 53.09258351100004)
4115,11,2019,6,7,10,3,5,3,1,0,0,0,0,1,0,0,8.88747795300003,53.06228803500005,Hemelingen,Sebaldsbrück,POINT (8.88747795300003 53.06228803500005)
4116,11,2019,6,7,15,3,0,1,1,0,0,0,0,0,0,0,8.585063085000058,53.18118524000005,Blumenthal,Blumenthal,POINT (8.585063085000058 53.18118524000005)
4117,11,2019,6,7,17,3,5,3,1,1,0,0,0,0,0,0,8.722124509000025,53.15875509600005,Burglesum,Burg-Grambke,POINT (8.722124509000025 53.15875509600005)
4118,11,2019,6,7,16,2,3,6,1,0,0,0,0,0,0,0,8.848184278000076,53.14253033800003,,Blockland,POINT (8.848184278000076 53.14253033800003)
4119,11,2019,6,6,16,3,5,3,1,1,0,0,0,0,0,0,8.735002136000048,53.13227154500004,Gröpelingen,Oslebshausen,POINT (8.735002136000048 53.13227154500004)
4120,11,2019,6,6,14,3,5,3,1,1,0,0,0,0,0,0,8.819495880000034,53.04864911200008,Neustadt,Huckelriede,POINT (8.819495880000034 53.04864911200008)
4121,11,2019,6,6,16,3,0,7,1,0,0,0,0,1,0,0,8.803629009000076,53.08239799300003,Mitte,Bahnhofsvorstadt,POINT (8.803629009000076 53.08239799300003)
4122,11,2019,6,6,23,3,5,2,1,1,0,0,0,0,2,0,8.819595825000022,53.08049201700004,Mitte,Ostertor,POINT (8.819595825000022 53.08049201700004)
4123,11,2019,6,6,5,3,1,1,1,1,0,0,0,0,0,0,8.795682696000028,53.075384040000074,Neustadt,Alte Neustadt,POINT (8.795682696000028 53.07538404000007)
4124,11,2019,6,6,14,3,3,6,1,1,0,0,0,0,0,0,8.803069306000054,53.08451433600004,Mitte,Bahnhofsvorstadt,POINT (8.803069306000054 53.08451433600004)
4125,11,2019,6,5,15,3,4,7,1,1,0,0,0,0,0,0,8.802695505000031,53.08429856300006,Mitte,Bahnhofsvorstadt,POINT (8.802695505000031 53.08429856300006)
4126,11,2019,6,5,12,3,1,1,1,1,0,0,0,0,0,0,8.82975183900004,53.07182788100005,Östliche Vorstadt,Steintor,POINT (8.829751839000039 53.07182788100005)
4127,11,2019,6,5,23,3,0,1,1,0,0,0,0,0,2,1,8.824632845000053,53.068970998000054,Mitte,Ostertor,POINT (8.824632845000053 53.06897099800005)
4128,11,2019,6,5,17,3,1,5,1,1,0,0,0,0,0,0,8.848986444000047,53.068141912000044,Östliche Vorstadt,Peterswerder,POINT (8.848986444000047 53.06814191200004)
4129,11,2019,6,5,7,3,5,3,1,1,0,0,0,0,0,0,8.658359038000071,53.17425820600005,Burglesum,St.Magnus,POINT (8.658359038000071 53.17425820600005)
4130,11,2019,6,5,9,3,5,3,1,1,0,0,0,0,0,0,8.763415423000026,53.11660780100004,Gröpelingen,Gröpelingen,POINT (8.763415423000026 53.11660780100004)
4131,11,2019,6,5,12,3,6,4,1,0,1,0,0,0,0,0,8.801911683000071,53.08497017900004,Mitte,Bahnhofsvorstadt,POINT (8.801911683000071 53.08497017900004)
4132,11,2019,6,4,7,3,5,3,1,1,0,0,0,0,0,0,8.812701467000068,53.08108574100004,Mitte,Bahnhofsvorstadt,POINT (8.812701467000068 53.08108574100004)
4133,11,2019,6,4,16,2,9,7,1,1,0,0,0,0,0,0,8.57488662000003,53.192634601000066,Blumenthal,Blumenthal,POINT (8.574886620000029 53.19263460100007)
4134,11,2019,6,4,14,3,0,2,1,1,0,0,0,0,0,0,8.804024879000053,53.07252157700003,Mitte,Altstadt,POINT (8.804024879000053 53.07252157700003)
4135,11,2019,6,4,10,3,0,7,1,0,0,0,0,1,0,0,8.50923941700006,53.208279195000046,Blumenthal,Rekum,POINT (8.50923941700006 53.20827919500005)
4136,11,2019,6,4,15,3,6,4,1,0,1,0,0,0,0,0,8.796220085000073,53.068043697000064,Neustadt,Neustadt,POINT (8.796220085000073 53.06804369700006)
4137,12,2019,6,3,17,3,5,3,1,1,0,0,0,0,0,0,8.584340110000028,53.57339592500006,Lehe,Königsheide,POINT (8.584340110000028 53.57339592500006)
4138,11,2019,6,3,13,3,1,3,1,1,0,0,0,0,0,0,8.814983962000042,53.08125821200008,Mitte,Bahnhofsvorstadt,POINT (8.814983962000042 53.08125821200008)
4139,11,2019,6,3,8,3,5,3,1,1,0,0,0,0,0,0,8.804201780000028,53.072364744000026,Neustadt,Alte Neustadt,POINT (8.804201780000028 53.07236474400003)
4140,12,2019,6,2,22,3,5,2,1,1,0,0,0,0,2,1,8.580057586000066,53.55026175000006,Mitte,Weddewarden,POINT (8.580057586000066 53.55026175000006)
4141,11,2019,6,2,17,3,4,2,1,1,0,0,0,0,0,0,8.82583285100003,53.07300133900003,Östliche Vorstadt,Steintor,POINT (8.82583285100003 53.07300133900003)
4142,11,2019,6,2,20,3,4,6,1,1,0,0,0,0,0,0,8.854014006000057,53.080770898000026,Schwachhausen,Gete,POINT (8.854014006000057 53.08077089800003)
4143,11,2019,6,2,9,2,6,4,1,0,1,0,0,0,0,0,8.856591478000041,53.08891121400006,Schwachhausen,Riensberg,POINT (8.856591478000041 53.08891121400006)
4144,11,2019,6,2,17,2,0,7,1,0,0,0,0,0,0,0,8.955715928000075,53.07600921000005,Osterholz,Tenever,POINT (8.955715928000075 53.07600921000005)
4145,11,2019,6,2,7,3,5,3,1,1,0,0,0,0,0,0,8.90087191400005,53.08934969900008,Horn-Lehe,Horn,POINT (8.900871914000049 53.08934969900008)
4146,11,2019,6,1,20,3,5,2,1,1,0,0,0,0,0,1,8.85913879100002,53.06370777700005,Hemelingen,Hastedt,POINT (8.859138791000021 53.06370777700005)
4147,11,2019,6,1,18,3,5,3,1,0,0,0,0,0,0,0,8.907114568000054,53.12071200100007,,Borgfeld,POINT (8.907114568000054 53.12071200100007)
4148,11,2019,6,1,16,2,0,7,1,0,0,0,0,1,0,0,8.817621632000055,53.03899253800006,Obervieland,Kattenturm,POINT (8.817621632000055 53.03899253800006)
4149,11,2019,6,1,17,3,5,2,1,1,0,0,0,0,0,0,8.84671078100007,53.09267992100007,Schwachhausen,Neu-Schwachhausen,POINT (8.84671078100007 53.09267992100007)
4150,11,2019,6,1,13,3,0,7,1,0,0,0,0,0,0,0,8.887990543000058,53.066743847000055,Hemelingen,Sebaldsbrück,POINT (8.887990543000058 53.06674384700005)
4151,11,2019,6,7,11,3,0,1,1,0,0,0,0,0,0,0,8.82765090600003,53.072563675000026,Östliche Vorstadt,Steintor,POINT (8.827650906000031 53.07256367500003)
4152,11,2019,6,7,14,3,5,3,1,1,0,0,0,0,0,0,8.818080208000026,53.07772092000005,Mitte,Ostertor,POINT (8.818080208000026 53.07772092000005)
4153,11,2019,6,7,12,3,5,3,1,1,0,0,0,0,0,0,8.818079692000026,53.07772082000008,Mitte,Ostertor,POINT (8.818079692000026 53.07772082000008)
4154,11,2019,6,7,15,3,4,6,1,0,0,0,0,0,0,0,8.809903900000052,53.09569616200008,Findorff,Weidedamm,POINT (8.809903900000052 53.09569616200008)
4155,11,2019,6,7,18,3,5,3,1,1,0,0,0,0,0,0,8.887612458000035,53.05947314700006,Hemelingen,Hemelingen,POINT (8.887612458000035 53.05947314700006)
4156,11,2019,6,6,22,3,1,5,1,0,0,0,0,1,2,0,8.868490090000023,53.09868456800007,Horn-Lehe,Lehe,POINT (8.868490090000023 53.09868456800007)
4157,11,2019,6,6,16,2,0,1,1,0,0,0,0,0,0,0,8.74999357300004,53.12029685700003,Häfen,Industriehäfen,POINT (8.74999357300004 53.12029685700003)
4158,11,2019,6,6,14,3,0,7,1,1,0,0,0,0,0,0,8.796078804000047,53.10295092400003,Walle,Osterfeuerberg,POINT (8.796078804000047 53.10295092400003)
4159,11,2019,6,6,14,3,4,6,1,0,0,0,0,1,0,0,8.840024114000073,53.078679632000046,Schwachhausen,Gete,POINT (8.840024114000073 53.07867963200005)
4160,11,2019,6,6,15,3,0,7,1,1,0,0,0,0,0,0,8.902156088000027,53.10588115000007,,,POINT (8.902156088000027 53.10588115000007)
4161,11,2019,6,6,15,2,5,3,1,0,0,0,0,0,0,0,8.782034932000045,53.09589725600006,Walle,Steffensweg,POINT (8.782034932000045 53.09589725600006)
4162,12,2019,6,5,10,3,5,3,1,1,0,0,0,0,0,0,8.590214177000064,53.534826346000045,Geestemünde,Buschkämpen,POINT (8.590214177000064 53.53482634600005)
4163,11,2019,6,5,14,3,0,1,1,0,0,0,0,0,0,0,8.814012233000028,53.073057824000045,Mitte,Altstadt,POINT (8.814012233000028 53.07305782400005)
4164,11,2019,6,5,18,3,5,3,1,0,0,0,1,0,0,0,8.953750661000072,53.034106171000076,Hemelingen,Mahndorf,POINT (8.953750661000072 53.03410617100008)
4165,11,2019,6,5,11,3,1,5,1,1,0,0,0,0,0,0,8.890624459000037,53.11056674000008,Horn-Lehe,Lehesterdeich,POINT (8.890624459000037 53.11056674000008)
4166,12,2019,6,4,16,3,5,3,1,1,0,0,0,0,0,0,8.585222028000032,53.557444813000075,Lehe,Königsheide,POINT (8.585222028000032 53.55744481300007)
4167,11,2019,6,4,15,3,3,2,1,1,0,0,0,0,0,1,8.861637316000042,53.09930055500007,Horn-Lehe,Lehe,POINT (8.861637316000042 53.09930055500007)
4168,11,2019,6,4,15,3,5,2,1,1,0,0,0,0,0,1,8.817054907000056,53.07879685800003,Mitte,Bahnhofsvorstadt,POINT (8.817054907000056 53.07879685800003)
4169,11,2019,6,4,7,3,0,7,1,0,1,0,0,0,0,0,8.58275309000004,53.18220939000008,Blumenthal,Blumenthal,POINT (8.58275309000004 53.18220939000008)
4170,11,2019,6,4,13,3,4,6,1,0,0,0,0,0,0,0,8.899800991000063,53.03844489100004,Hemelingen,Hemelingen,POINT (8.899800991000063 53.03844489100004)
4171,11,2019,6,3,18,3,5,2,1,1,0,0,0,0,0,0,8.823595219000026,53.07689189200005,Mitte,Ostertor,POINT (8.823595219000026 53.07689189200005)
4172,11,2019,6,3,17,3,5,3,1,1,0,0,0,0,0,0,8.789263259000052,53.09730517700007,Walle,Westend,POINT (8.789263259000052 53.09730517700007)
4173,11,2019,6,3,8,3,5,3,1,1,0,0,0,0,0,1,8.731051150000042,53.13526559600007,Gröpelingen,Oslebshausen,POINT (8.731051150000042 53.13526559600007)
4174,11,2019,6,2,18,3,0,7,1,0,0,0,0,0,0,0,8.817148480000071,53.08358718800008,Schwachhausen,Barkhof,POINT (8.817148480000071 53.08358718800008)
4175,11,2019,6,2,20,3,5,3,1,1,0,0,0,0,0,1,8.78163358300003,53.086203056000045,Walle,Überseestadt,POINT (8.78163358300003 53.08620305600004)
4176,11,2019,6,1,21,3,5,3,1,1,0,0,0,0,0,0,8.875039550000054,53.08242038700007,Schwachhausen,Radio Bremen,POINT (8.875039550000054 53.08242038700007)
4177,11,2019,6,7,9,3,4,6,1,1,0,0,0,0,0,1,8.842900100000065,53.03370062400006,Obervieland,Arsten,POINT (8.842900100000065 53.03370062400006)
4178,11,2019,6,7,0,2,0,7,1,0,0,0,0,0,2,1,8.818442881000067,53.042564053000035,Obervieland,Kattenturm,POINT (8.818442881000067 53.04256405300004)
4179,12,2019,6,6,15,3,5,3,1,1,0,0,0,0,0,0,8.588622659000066,53.577461208000045,Lehe,Königsheide,POINT (8.588622659000066 53.57746120800005)
4180,11,2019,6,6,12,3,5,2,1,1,0,0,0,0,0,0,8.571171184000036,53.181280195000056,Blumenthal,Blumenthal,POINT (8.571171184000036 53.18128019500006)
4181,11,2019,6,6,17,3,5,3,1,1,0,0,0,0,0,0,8.845314142000063,53.09110888300006,Schwachhausen,Neu-Schwachhausen,POINT (8.845314142000063 53.09110888300006)
4182,11,2019,6,6,8,3,1,5,1,1,0,0,0,0,0,0,8.65069214500005,53.18035596100003,Vegesack,Schönebeck,POINT (8.65069214500005 53.18035596100003)
4183,11,2019,6,6,7,3,5,3,1,0,0,0,0,1,0,0,8.938135251000062,53.06847195000006,Osterholz,Ellenerbrok-Schevemoor,POINT (8.938135251000062 53.06847195000006)
4184,11,2019,6,5,11,3,1,1,1,1,0,0,0,0,0,1,8.827644182000029,53.07256574200005,Östliche Vorstadt,Steintor,POINT (8.827644182000029 53.07256574200005)
4185,11,2019,6,5,19,3,1,7,1,1,0,0,0,0,0,0,8.835539910000023,53.084245089000035,Schwachhausen,Schwachhausen,POINT (8.835539910000023 53.08424508900004)
4186,11,2019,6,5,17,3,5,3,1,0,0,0,0,0,0,0,8.82492219300002,53.07511625800004,Östliche Vorstadt,Steintor,POINT (8.82492219300002 53.07511625800004)
4187,11,2019,6,5,17,3,5,7,1,0,0,0,0,0,0,0,8.880681786000025,53.10164110000005,Horn-Lehe,Lehe,POINT (8.880681786000025 53.10164110000005)
4188,11,2019,6,4,13,3,5,3,1,1,0,0,0,0,0,0,8.800884856000039,53.08451375300007,Mitte,Bahnhofsvorstadt,POINT (8.800884856000039 53.08451375300007)
4189,11,2019,6,4,19,3,0,7,1,1,0,0,0,0,0,0,8.741171139000073,53.13802712300003,Gröpelingen,Oslebshausen,POINT (8.741171139000073 53.13802712300003)
4190,11,2019,6,4,13,3,5,3,1,1,0,0,0,0,0,0,8.724072979000027,53.04608889800005,Huchting,Sodenmatt,POINT (8.724072979000027 53.04608889800005)
4191,11,2019,6,4,11,2,2,6,1,1,0,0,0,0,0,0,8.66994875100005,53.17464708700004,Burglesum,St.Magnus,POINT (8.669948751000049 53.17464708700004)
4192,12,2019,6,3,21,3,0,7,1,0,0,0,0,0,1,0,8.594238185000052,53.51303109300005,Wulsdorf,Geestemünde-Süd,POINT (8.594238185000052 53.51303109300005)
4193,11,2019,6,3,12,3,5,3,1,1,0,0,0,0,0,0,8.828873068000064,53.04178253900005,Obervieland,Kattenturm,POINT (8.828873068000064 53.04178253900005)
4194,11,2019,6,3,20,3,5,3,1,0,0,0,0,0,0,0,8.80155806700003,53.071545925000066,Neustadt,Alte Neustadt,POINT (8.80155806700003 53.07154592500007)
4195,11,2019,6,3,17,3,5,3,1,0,0,0,0,1,0,0,8.796930817000032,53.068534595000074,Neustadt,Neustadt,POINT (8.796930817000032 53.06853459500007)
4196,11,2019,6,3,16,2,0,7,1,0,0,0,0,0,0,0,8.605804958000022,53.18456521400003,Vegesack,Fähr-Lobbendorf,POINT (8.605804958000022 53.18456521400003)
4197,11,2019,6,3,18,2,3,6,1,0,0,0,0,0,0,0,8.899392245000058,53.08417885700004,Vahr,Neue Vahr Nord,POINT (8.899392245000058 53.08417885700004)
4198,12,2019,6,2,17,3,5,3,1,1,0,0,0,0,0,0,8.601057489000027,53.51453852700007,Wulsdorf,Geestemünde-Süd,POINT (8.601057489000027 53.51453852700007)
4199,12,2019,6,2,8,3,5,3,1,1,0,0,0,0,0,0,8.591828884000051,53.57966633800004,Lehe,Königsheide,POINT (8.591828884000051 53.57966633800004)
4200,11,2019,6,2,8,3,0,1,1,0,0,0,0,0,0,1,8.792380625000021,53.09934188300008,Walle,Osterfeuerberg,POINT (8.792380625000021 53.09934188300008)
4201,11,2019,6,2,10,3,0,1,1,0,0,0,0,0,0,1,8.804371329000048,53.07962149200006,Mitte,Altstadt,POINT (8.804371329000048 53.07962149200006)
4202,11,2019,6,2,6,3,5,2,1,0,0,0,1,0,0,0,8.825122847000046,53.08434024100006,Schwachhausen,Bürgerpark,POINT (8.825122847000046 53.08434024100006)
4203,11,2019,6,1,18,3,5,3,1,0,0,0,0,0,0,0,8.842764765000027,53.07230224500006,Östliche Vorstadt,Peterswerder,POINT (8.842764765000027 53.07230224500006)
4204,11,2019,6,1,19,3,0,7,1,0,0,0,0,0,0,0,8.744291128000043,53.13697001600008,Gröpelingen,Oslebshausen,POINT (8.744291128000043 53.13697001600008)
4205,11,2019,6,1,19,1,5,3,1,1,0,0,0,0,0,0,8.733769725000059,53.05843552400006,Huchting,Mittelshuchting,POINT (8.733769725000059 53.05843552400006)
4206,11,2019,6,1,21,2,7,1,1,0,0,0,0,0,2,0,8.731386464000025,53.13522203000008,Gröpelingen,Oslebshausen,POINT (8.731386464000025 53.13522203000008)
4207,11,2019,6,7,12,3,5,3,1,1,0,0,0,0,0,0,8.808944631000031,53.07854304300008,Mitte,Altstadt,POINT (8.808944631000031 53.07854304300008)
4208,11,2019,6,7,11,3,7,7,1,0,0,0,0,1,0,0,8.635688410000057,53.17105037500005,Vegesack,Grohn,POINT (8.635688410000057 53.17105037500005)
4209,11,2019,6,7,13,2,5,3,1,0,0,0,0,1,0,0,8.69527622000004,53.16875540600006,Burglesum,Lesum,POINT (8.695276220000039 53.16875540600006)
4210,11,2019,5,6,15,3,0,7,1,0,0,0,0,0,0,0,8.810006776000023,53.062615734000076,Neustadt,Buntentor,POINT (8.810006776000023 53.06261573400008)
4211,11,2019,5,6,13,3,5,2,1,1,0,0,0,0,0,0,8.884822709000048,53.078968762000045,Vahr,Neue Vahr Südwest,POINT (8.884822709000048 53.07896876200004)
4212,12,2019,5,5,18,3,5,3,1,1,0,0,0,0,0,0,8.605978153000024,53.59102747800006,Leherheide,Fehmoor,POINT (8.605978153000024 53.59102747800006)
4213,11,2019,5,5,18,3,5,3,1,1,0,0,0,0,0,0,8.93900012100005,53.06821852400003,Osterholz,Ellenerbrok-Schevemoor,POINT (8.939000121000049 53.06821852400003)
4214,11,2019,5,5,11,3,0,7,1,0,0,0,0,0,0,0,8.65029824000004,53.17393813700005,Vegesack,Schönebeck,POINT (8.650298240000041 53.17393813700005)
4215,11,2019,7,3,6,2,5,3,1,1,0,0,0,0,0,0,8.723588558000074,53.076686918000064,,Strom,POINT (8.723588558000074 53.07668691800006)
4216,11,2019,5,5,11,3,1,5,1,1,0,0,0,0,0,0,8.809194016000049,53.06081302900003,Neustadt,Huckelriede,POINT (8.809194016000049 53.06081302900003)
4217,11,2019,5,4,14,3,5,3,1,1,0,0,0,0,0,0,8.784675201000027,53.08469716900004,Walle,Überseestadt,POINT (8.784675201000027 53.08469716900004)
4218,11,2019,5,4,13,3,5,7,1,1,0,0,0,0,0,0,8.859135030000061,53.11100604100005,Horn-Lehe,Lehe,POINT (8.859135030000061 53.11100604100005)
4219,11,2019,5,4,16,3,5,3,1,0,0,0,0,1,0,0,8.758859613000027,53.115996608000046,Gröpelingen,Lindenhof,POINT (8.758859613000027 53.11599660800005)
4220,11,2019,5,4,9,3,5,3,1,1,0,0,0,0,0,0,8.833461614000043,53.094443642000044,Schwachhausen,Neu-Schwachhausen,POINT (8.833461614000043 53.09444364200004)
4221,11,2019,5,4,13,3,5,3,1,1,0,0,0,0,0,0,8.794899465000071,53.09397246600008,Walle,Westend,POINT (8.794899465000071 53.09397246600008)
4222,12,2019,5,3,13,3,6,7,1,0,1,0,0,0,0,0,8.598754175000067,53.53169796200007,Geestemünde,Buschkämpen,POINT (8.598754175000067 53.53169796200007)
4223,11,2019,5,3,19,3,0,1,1,0,0,0,0,0,1,0,8.564392915000042,53.18272069800008,Blumenthal,Blumenthal,POINT (8.564392915000042 53.18272069800008)
4224,11,2019,5,3,13,2,5,2,1,1,0,0,0,0,0,0,8.96362618300003,53.061066717000074,Osterholz,Tenever,POINT (8.963626183000031 53.06106671700007)
4225,11,2019,5,3,7,3,5,3,1,1,0,0,0,0,0,0,8.894607114000053,53.07945965200008,Vahr,Neue Vahr Südost,POINT (8.894607114000053 53.07945965200008)
4226,11,2019,5,2,14,3,3,6,1,0,0,0,0,0,0,0,8.843642170000066,53.03142871400007,Obervieland,Arsten,POINT (8.843642170000066 53.03142871400007)
4227,11,2019,5,2,18,3,5,3,1,1,0,0,0,0,0,0,8.813704981000058,53.05561212500004,Neustadt,Huckelriede,POINT (8.813704981000058 53.05561212500004)
4228,11,2019,6,6,22,2,4,6,1,0,0,0,0,0,2,0,8.876493698000047,53.06598702800005,Hemelingen,Hastedt,POINT (8.876493698000047 53.06598702800005)
4229,11,2019,5,2,16,3,1,3,1,0,0,0,0,1,0,0,8.856879681000066,53.07345004300004,Östliche Vorstadt,Hulsberg,POINT (8.856879681000066 53.07345004300004)
4230,11,2019,8,5,18,3,5,3,1,1,0,0,0,0,0,0,8.796419748000062,53.07191560500007,Neustadt,Alte Neustadt,POINT (8.796419748000062 53.07191560500007)
4231,11,2019,8,4,19,2,0,7,1,0,0,0,0,0,0,0,8.84914249600007,53.068450530000064,Östliche Vorstadt,Peterswerder,POINT (8.84914249600007 53.06845053000006)
4232,11,2019,8,4,16,2,5,2,1,1,0,0,0,0,0,0,8.85655434000006,53.071352395000076,Hemelingen,Hastedt,POINT (8.856554340000059 53.07135239500008)
4233,11,2019,8,4,16,2,4,6,1,0,0,0,0,0,0,0,8.857644746000062,53.06989720300004,Hemelingen,Hastedt,POINT (8.857644746000062 53.06989720300004)
4234,11,2019,8,4,12,2,0,1,1,0,0,0,0,0,0,0,8.838712680000071,53.154640878000066,,Blockland,POINT (8.838712680000071 53.15464087800007)
4235,11,2019,8,3,8,2,0,2,1,1,0,0,0,0,0,1,8.78817749500007,53.07649170600007,Neustadt,Alte Neustadt,POINT (8.78817749500007 53.07649170600007)
4236,11,2019,8,3,15,3,0,1,1,1,0,0,0,0,0,0,8.812610942000049,53.08083548500008,Mitte,Bahnhofsvorstadt,POINT (8.812610942000049 53.08083548500008)
4237,11,2019,8,3,18,3,6,4,1,0,1,0,0,0,0,0,8.798340361000044,53.083619114000044,Mitte,Bahnhofsvorstadt,POINT (8.798340361000044 53.08361911400004)
4238,11,2019,8,3,8,3,8,1,1,0,0,0,0,0,0,1,8.808909610000057,53.072186901000066,Mitte,Altstadt,POINT (8.808909610000057 53.07218690100007)
4239,11,2019,8,3,15,3,5,3,1,1,0,0,0,0,0,1,8.74071620500007,53.05268673300003,Huchting,Kirchhuchting,POINT (8.740716205000069 53.05268673300003)
4240,11,2019,8,3,15,3,7,1,1,0,0,0,0,0,0,1,8.93450041400007,53.069573253000044,Osterholz,Ellenerbrok-Schevemoor,POINT (8.93450041400007 53.06957325300004)
4241,11,2019,8,3,20,3,3,6,1,0,0,0,0,0,1,1,8.855198990000076,53.08117063800006,Schwachhausen,Gete,POINT (8.855198990000076 53.08117063800006)
4242,12,2019,8,2,14,3,0,7,1,0,0,0,0,0,0,0,8.593891264000035,53.587486511000066,Lehe,Königsheide,POINT (8.593891264000035 53.58748651100007)
4243,11,2019,8,2,16,3,4,6,1,0,0,0,0,0,0,0,8.869832529000064,53.09724101300003,Horn-Lehe,Horn,POINT (8.869832529000064 53.09724101300003)
4244,11,2019,8,2,9,3,4,6,1,0,0,0,0,0,0,0,8.805621722000069,53.08118562100003,Mitte,Bahnhofsvorstadt,POINT (8.805621722000069 53.08118562100003)
4245,11,2019,8,1,15,3,5,3,1,0,0,1,0,0,0,0,8.776180133000025,53.09865171000007,Walle,Walle,POINT (8.776180133000025 53.09865171000007)
4246,11,2019,8,7,11,3,0,1,1,0,0,0,0,0,0,0,8.805381013000044,53.07438429000007,Mitte,Altstadt,POINT (8.805381013000044 53.07438429000007)
4247,11,2019,8,7,17,2,2,6,1,0,0,0,0,0,0,0,8.850173192000057,53.06774327100004,Östliche Vorstadt,Peterswerder,POINT (8.850173192000057 53.06774327100004)
4248,11,2019,8,7,22,3,6,4,1,0,1,0,0,0,2,0,8.820745867000028,53.06933154300003,Mitte,Ostertor,POINT (8.820745867000028 53.06933154300003)
4249,11,2019,8,7,5,3,1,1,1,1,0,0,0,0,1,0,8.800912090000054,53.06839363300003,Neustadt,Südervorstadt,POINT (8.800912090000054 53.06839363300003)
4250,11,2019,8,6,14,3,5,3,1,1,0,0,0,0,0,0,8.853506646000028,53.06489928700006,Östliche Vorstadt,Peterswerder,POINT (8.853506646000028 53.06489928700006)
4251,11,2019,8,6,12,2,7,7,1,0,0,0,0,1,0,0,8.796893933000035,53.069624686000054,Neustadt,Alte Neustadt,POINT (8.796893933000035 53.06962468600005)