,UKREIS,UJAHR,UMONAT,UWOCHENTAG,USTUNDE,UKATEGORIE,UART,UTYP1,IstRad,IstPKW,IstFuss,IstKrad,IstGkfz,IstSonstig,ULICHTVERH,STRZUSTAND,longitude,latitude,Stadtteil,Ortsteil,geometry
4252,11,2019,8,6,16,3,4,6,1,0,0,0,0,0,0,1,8.721558494000021,53.106409529000075,Häfen,Neustädter Hafen,POINT (8.721558494000021 53.10640952900008)
4253,11,2019,8,6,13,2,5,3,1,1,0,0,0,0,0,0,8.723607360000074,53.07673642200007,,Strom,POINT (8.723607360000074 53.07673642200007)
4254,11,2019,8,6,17,3,5,2,1,1,0,0,0,0,0,1,8.861689340000055,53.09936578800006,Horn-Lehe,Lehe,POINT (8.861689340000055 53.09936578800006)
4255,12,2019,8,5,17,3,5,3,1,1,0,0,0,0,0,0,8.588654030000043,53.55915270700007,Lehe,Königsheide,POINT (8.588654030000043 53.55915270700007)
4256,11,2019,8,5,19,3,2,6,1,0,0,0,0,0,0,0,8.806921405000026,53.075550544000066,Mitte,Altstadt,POINT (8.806921405000026 53.07555054400007)
4257,11,2019,8,5,15,3,0,7,1,0,0,0,0,0,0,0,8.648555718000068,53.17372358000006,Vegesack,Schönebeck,POINT (8.648555718000068 53.17372358000006)
4258,11,2019,8,5,17,3,5,2,1,1,0,0,0,0,0,0,8.704573011000036,53.15519689100006,Burglesum,Burg-Grambke,POINT (8.704573011000036 53.15519689100006)
4259,11,2019,8,5,11,3,5,3,1,1,0,0,0,0,0,0,8.571454095000036,53.18130764600005,Blumenthal,Blumenthal,POINT (8.571454095000036 53.18130764600005)
4260,11,2019,8,5,8,2,5,3,1,1,0,0,0,0,0,0,8.874461303000032,53.083221879000064,Schwachhausen,Radio Bremen,POINT (8.874461303000032 53.08322187900006)
4261,11,2019,8,5,22,3,0,7,1,1,0,0,0,0,2,0,8.882627662000061,53.05315141600005,Hemelingen,Hemelingen,POINT (8.882627662000061 53.05315141600005)
4262,12,2019,8,4,18,3,5,3,1,1,0,0,0,0,0,1,8.57396194000006,53.54735860300008,Mitte,Weddewarden,POINT (8.573961940000061 53.54735860300008)
4263,12,2019,8,4,19,3,0,1,1,0,0,0,0,0,1,1,8.549579919000053,53.58044039600003,Häfen,Speckenbüttel,POINT (8.549579919000053 53.58044039600003)
4264,11,2019,8,4,7,3,5,2,1,1,0,0,0,0,0,0,8.808273029000077,53.094717296000056,Findorff,Weidedamm,POINT (8.808273029000077 53.09471729600006)
4265,11,2019,8,4,10,3,5,3,1,1,0,0,0,0,0,0,8.816033181000023,53.08108744300006,Mitte,Bahnhofsvorstadt,POINT (8.816033181000023 53.08108744300006)
4266,11,2019,8,4,7,3,5,2,1,0,0,0,1,0,0,0,8.788165339000045,53.07647322000008,Neustadt,Alte Neustadt,POINT (8.788165339000045 53.07647322000008)
4267,11,2019,8,4,9,3,5,3,1,1,0,0,0,0,0,0,8.841911829000026,53.08331251000004,Schwachhausen,Schwachhausen,POINT (8.841911829000026 53.08331251000004)
4268,12,2019,8,3,17,2,5,2,1,1,0,0,0,0,0,0,8.604092764000029,53.57815258800008,Lehe,Königsheide,POINT (8.604092764000029 53.57815258800008)
4269,12,2019,8,3,18,3,5,2,1,1,0,0,0,0,0,1,8.586336654000036,53.53711025700005,Geestemünde,Buschkämpen,POINT (8.586336654000036 53.53711025700005)
4270,11,2019,8,3,14,3,1,7,1,1,0,0,0,0,0,0,8.817505598000025,53.08346863500003,Schwachhausen,Barkhof,POINT (8.817505598000025 53.08346863500003)
4271,11,2019,8,3,16,3,5,3,1,0,0,0,0,0,0,0,8.854070522000029,53.07485685900008,Östliche Vorstadt,Hulsberg,POINT (8.854070522000029 53.07485685900008)
4272,11,2019,8,3,9,3,0,7,1,0,0,0,1,0,0,0,8.800762621000047,53.071161018000055,Neustadt,Alte Neustadt,POINT (8.800762621000047 53.07116101800005)
4273,11,2019,8,3,13,3,5,3,1,1,0,0,0,0,0,0,8.889533931000074,53.061654254000075,Hemelingen,Sebaldsbrück,POINT (8.889533931000074 53.06165425400008)
4274,12,2019,8,2,6,3,0,7,1,0,0,0,0,0,0,0,8.604302956000026,53.586150392000036,Lehe,Königsheide,POINT (8.604302956000026 53.58615039200004)
4275,11,2019,8,2,16,2,5,7,1,1,0,0,0,0,0,0,8.796552512000062,53.081720103000066,Mitte,Altstadt,POINT (8.796552512000062 53.08172010300007)
4276,11,2019,8,6,6,3,5,2,1,1,0,0,0,0,0,0,8.895687310000028,53.033771827000066,Hemelingen,Hemelingen,POINT (8.895687310000028 53.03377182700007)
4277,11,2019,8,6,19,3,0,1,1,0,0,0,0,0,0,1,8.796968795000055,53.06860932400008,Neustadt,Alte Neustadt,POINT (8.796968795000055 53.06860932400008)
4278,12,2019,8,5,9,2,0,7,1,0,0,0,0,0,0,0,8.601839813000026,53.523459133000074,Geestemünde,Buschkämpen,POINT (8.601839813000026 53.52345913300007)
4279,11,2019,8,5,17,3,5,3,1,1,0,0,0,0,0,0,8.948884530000043,53.035933604000036,Hemelingen,Mahndorf,POINT (8.948884530000043 53.03593360400004)
4280,11,2019,7,4,10,2,5,3,1,1,0,0,0,0,0,0,8.876555180000025,53.08104833400006,Vahr,Gartenstadt Vahr,POINT (8.876555180000025 53.08104833400006)
4281,12,2019,7,3,11,3,0,1,1,0,0,0,0,0,0,0,8.552129834000027,53.57923754400008,Häfen,Speckenbüttel,POINT (8.552129834000027 53.57923754400008)
4282,11,2019,7,3,10,3,0,3,1,1,0,0,0,0,0,0,8.725562592000074,53.13977998800004,Gröpelingen,Oslebshausen,POINT (8.725562592000074 53.13977998800004)
4283,11,2019,7,3,11,2,0,7,1,1,0,0,0,0,0,0,8.608621767000045,53.18564486200006,Vegesack,Aumund-Hammersbeck,POINT (8.608621767000045 53.18564486200006)
4284,11,2019,7,3,12,2,5,3,1,1,0,0,0,0,0,0,8.835135646000026,53.09146049900005,Schwachhausen,Neu-Schwachhausen,POINT (8.835135646000026 53.09146049900005)
4285,11,2019,7,3,8,3,0,7,1,0,0,0,0,1,0,0,8.829741967000075,53.08976499500005,Schwachhausen,Bürgerpark,POINT (8.829741967000075 53.08976499500005)
4286,11,2019,7,2,16,3,4,6,1,0,0,0,0,0,0,0,8.784273877000032,53.06799016000008,Neustadt,Neustadt,POINT (8.784273877000032 53.06799016000008)
4287,11,2019,7,2,17,3,5,3,1,0,0,0,0,1,0,0,8.811362814000063,53.083352250000075,Mitte,Bahnhofsvorstadt,POINT (8.811362814000063 53.08335225000008)
4288,11,2019,7,2,13,2,3,6,1,1,0,0,0,0,0,0,8.735476818000052,53.084239241000034,Häfen,Neustädter Hafen,POINT (8.735476818000052 53.08423924100003)
4289,11,2019,8,1,4,2,0,1,1,0,0,0,0,0,2,1,8.812915301000032,53.07398211000003,Mitte,Altstadt,POINT (8.812915301000032 53.07398211000003)
4290,11,2019,7,2,16,3,5,3,1,1,0,0,0,0,0,0,8.869259604000035,53.074791969000046,Vahr,Gartenstadt Vahr,POINT (8.869259604000035 53.07479196900005)
4291,11,2019,7,2,16,3,6,7,1,0,1,0,0,0,0,0,8.867852870000036,53.103229843000065,Horn-Lehe,Lehe,POINT (8.867852870000036 53.10322984300007)
4292,11,2019,8,7,20,3,5,2,1,1,0,0,0,0,2,1,8.739493755000069,53.04880928600005,Huchting,Kirchhuchting,POINT (8.739493755000069 53.04880928600005)
4293,11,2019,8,7,1,3,5,3,1,1,0,0,0,0,2,1,8.777806564000059,53.099439215000075,Walle,Walle,POINT (8.777806564000059 53.09943921500007)
4294,11,2019,8,2,15,3,3,2,1,1,0,0,0,0,0,0,8.938027307000027,53.06125083400008,Osterholz,Ellenerbrok-Schevemoor,POINT (8.938027307000027 53.06125083400008)
4295,11,2019,7,1,12,3,5,2,1,1,0,0,0,0,0,0,8.82770737800007,53.083023326000045,Schwachhausen,Bürgerpark,POINT (8.827707378000071 53.08302332600005)
4296,11,2019,7,1,10,3,0,7,1,0,0,0,0,0,0,0,8.804828404000034,53.07740758300008,Mitte,Altstadt,POINT (8.804828404000034 53.07740758300008)
4297,11,2019,7,6,12,3,3,2,1,1,0,0,0,0,0,0,8.851660933000062,53.083772544000055,Schwachhausen,Gete,POINT (8.851660933000062 53.08377254400006)
4298,12,2019,7,5,13,3,0,7,1,1,0,0,0,0,0,0,8.593079937000027,53.557079987000066,Lehe,Königsheide,POINT (8.593079937000027 53.55707998700007)
4299,11,2019,7,5,9,3,5,3,1,0,0,0,0,1,0,0,8.949641507000024,53.09282311900006,,,POINT (8.949641507000024 53.09282311900006)
4300,11,2019,7,5,18,3,0,7,1,0,0,0,0,0,0,0,8.574683379000021,53.19282227200006,Blumenthal,Blumenthal,POINT (8.574683379000021 53.19282227200006)
4301,11,2019,7,5,14,3,0,7,1,0,0,0,0,0,0,0,8.57498145300002,53.19893214100006,Blumenthal,Lüssum-Bockhorn,POINT (8.574981453000021 53.19893214100006)
4302,11,2019,7,5,11,3,5,3,1,1,0,0,0,0,0,0,8.77494267000003,53.08019176300007,Woltmershausen,Woltmershausen,POINT (8.77494267000003 53.08019176300007)
4303,11,2019,7,5,21,3,5,3,1,1,0,0,0,0,2,0,8.555918475000055,53.18567210600003,Blumenthal,Blumenthal,POINT (8.555918475000055 53.18567210600003)
4304,11,2019,7,4,17,3,5,3,1,1,0,0,0,0,0,0,8.923448183000062,53.09112689400007,,,POINT (8.923448183000062 53.09112689400007)
4305,11,2019,7,4,18,3,0,7,1,0,0,0,0,0,0,0,8.832091418000061,53.06865720400003,Östliche Vorstadt,Steintor,POINT (8.832091418000061 53.06865720400003)
4306,11,2019,7,4,20,3,0,7,1,0,0,0,0,0,0,0,8.822864770000024,53.073997176000034,Östliche Vorstadt,Steintor,POINT (8.822864770000024 53.07399717600003)
4307,11,2019,7,4,10,3,5,3,1,1,0,0,0,0,0,0,8.90478175100003,53.11918951900003,,Borgfeld,POINT (8.90478175100003 53.11918951900003)
4308,11,2019,7,4,23,3,1,7,1,1,0,0,0,0,2,0,8.849159748000034,53.095229603000064,Schwachhausen,Neu-Schwachhausen,POINT (8.849159748000034 53.09522960300006)
4309,11,2019,7,3,15,2,3,6,1,0,0,0,0,0,0,0,8.790012964000027,53.07165600400003,Neustadt,Hohentor,POINT (8.790012964000027 53.07165600400003)
4310,11,2019,7,3,9,3,0,2,1,1,0,0,0,0,0,0,8.853990372000055,53.070716170000026,Östliche Vorstadt,Hulsberg,POINT (8.853990372000055 53.07071617000003)
4311,11,2019,7,3,10,3,4,6,1,0,0,0,0,0,0,0,8.914374628000076,53.06267834300007,Hemelingen,Sebaldsbrück,POINT (8.914374628000076 53.06267834300007)
4312,11,2019,7,3,9,3,3,2,1,1,0,0,0,0,0,0,8.802864240000076,53.10137053500006,Findorff,Weidedamm,POINT (8.802864240000076 53.10137053500006)
4313,11,2019,7,3,7,3,5,3,1,1,0,0,0,0,0,0,8.77373846200004,53.10118244300003,Walle,Überseestadt,POINT (8.77373846200004 53.10118244300003)
4314,11,2019,7,3,10,3,5,3,1,1,0,0,0,0,0,0,8.618851060000054,53.178188195000075,Vegesack,Vegesack,POINT (8.618851060000054 53.17818819500008)
4315,12,2019,7,2,11,3,5,3,1,1,0,0,0,0,0,0,8.589793299000064,53.52543514800004,Geestemünde,Buschkämpen,POINT (8.589793299000064 53.52543514800004)
4316,12,2019,7,2,15,3,0,7,1,1,0,0,0,0,0,0,8.577318638000065,53.55556257400008,Lehe,Königsheide,POINT (8.577318638000065 53.55556257400008)
4317,11,2019,7,2,10,3,3,6,1,1,0,0,0,0,0,0,8.553753932000063,53.191276352000045,Blumenthal,Rönnebeck,POINT (8.553753932000063 53.19127635200005)
4318,11,2019,7,2,16,3,5,2,1,1,0,0,0,0,0,0,8.871455046000051,53.06662626200006,Hemelingen,Hastedt,POINT (8.871455046000051 53.06662626200006)
4319,11,2019,7,2,10,3,5,3,1,1,0,0,0,0,0,0,8.796602509000024,53.05667732000006,Neustadt,Neuenland,POINT (8.796602509000024 53.05667732000006)
4320,11,2019,7,1,13,3,3,2,1,1,0,0,0,0,0,0,8.902967870000055,53.10408516600006,,,POINT (8.902967870000055 53.10408516600006)
4321,12,2019,7,7,11,3,0,7,1,0,0,0,0,0,0,0,8.54660425000003,53.58144182900003,Häfen,Speckenbüttel,POINT (8.54660425000003 53.58144182900003)
4322,12,2019,7,6,11,3,5,3,1,1,0,0,0,0,0,0,8.590984680000076,53.54138162800007,Geestemünde,Buschkämpen,POINT (8.590984680000076 53.54138162800007)
4323,11,2019,7,6,14,3,2,6,1,1,0,0,0,0,0,0,8.769204538000054,53.11629409300008,Gröpelingen,Gröpelingen,POINT (8.769204538000054 53.11629409300008)
4324,12,2019,7,5,10,3,4,7,1,1,0,0,0,0,0,0,8.57473493200007,53.548150133000036,Mitte,Weddewarden,POINT (8.574734932000069 53.54815013300004)
4325,11,2019,7,5,13,3,5,2,1,1,0,0,0,0,0,0,8.86664289600003,53.062228074000075,Hemelingen,Hastedt,POINT (8.86664289600003 53.06222807400007)
4326,11,2019,7,5,22,3,0,1,1,0,0,0,0,0,2,0,8.826848860000041,53.08477484300005,Schwachhausen,Bürgerpark,POINT (8.826848860000041 53.08477484300005)
4327,12,2019,7,4,14,3,0,7,1,0,0,0,0,1,0,0,8.602850101000058,53.48539461300004,Fischereihafen,Mitte-Süd,POINT (8.602850101000058 53.48539461300004)
4328,11,2019,7,4,17,2,7,7,1,0,0,0,0,1,0,0,8.614525229000037,53.190347829000075,Vegesack,Aumund-Hammersbeck,POINT (8.614525229000037 53.19034782900007)
4329,11,2019,7,4,17,3,6,4,1,0,1,0,0,0,0,0,8.762759545000051,53.114113376000034,Gröpelingen,Gröpelingen,POINT (8.762759545000051 53.11411337600003)
4330,11,2019,7,4,10,3,5,3,1,1,0,0,0,0,0,0,8.729981130000056,53.039995195000074,Huchting,Kirchhuchting,POINT (8.729981130000056 53.03999519500007)
4331,11,2019,7,4,17,3,5,2,1,1,0,0,0,0,0,0,8.849974952000025,53.08770304900003,Schwachhausen,Riensberg,POINT (8.849974952000025 53.08770304900003)
4332,11,2019,7,3,11,3,5,3,1,1,0,0,0,0,0,0,8.607611461000033,53.176096726000026,Vegesack,Fähr-Lobbendorf,POINT (8.607611461000033 53.17609672600003)
4333,11,2019,7,3,14,2,0,7,1,0,0,0,0,0,0,0,8.897441826000033,53.118699080000056,,Borgfeld,POINT (8.897441826000033 53.11869908000006)
4334,11,2019,7,2,17,3,5,2,1,0,0,0,0,0,0,0,8.803380670000024,53.07540044600006,Mitte,Altstadt,POINT (8.803380670000024 53.07540044600006)
4335,11,2019,7,1,13,3,1,7,1,1,0,0,0,0,0,0,8.796595676000038,53.06475891800005,Neustadt,Südervorstadt,POINT (8.796595676000038 53.06475891800005)
4336,12,2019,7,7,10,3,3,2,1,1,0,0,0,0,0,1,8.600987588000066,53.49845819500007,Wulsdorf,Geestemünde-Süd,POINT (8.600987588000066 53.49845819500007)
4337,11,2019,7,7,11,3,5,3,1,1,0,0,0,0,0,1,8.716135720000068,53.178221790000066,Burglesum,Burgdamm,POINT (8.716135720000068 53.17822179000007)
4338,11,2019,7,6,6,3,0,7,1,0,0,0,0,0,0,1,8.77886617400003,53.106562749000034,Walle,Walle,POINT (8.778866174000029 53.10656274900003)
4339,11,2019,7,6,15,3,5,3,1,1,0,0,0,0,0,0,8.797834285000022,53.10467664000004,Walle,Hohweg,POINT (8.797834285000022 53.10467664000004)
4340,11,2019,7,6,18,3,0,6,1,0,0,0,1,0,0,0,8.955695010000056,53.10514017500003,,,POINT (8.955695010000056 53.10514017500003)
4341,11,2019,7,6,14,2,5,3,1,1,0,0,0,0,0,0,8.940018388000055,53.06788169200007,Osterholz,Ellenerbrok-Schevemoor,POINT (8.940018388000055 53.06788169200007)
4342,11,2019,7,6,14,3,5,3,1,1,0,0,0,0,0,0,8.854500409000025,53.06700216200005,Hemelingen,Hastedt,POINT (8.854500409000025 53.06700216200005)
4343,11,2019,7,5,16,3,5,2,1,0,0,0,0,1,0,0,8.634352184000022,53.170169558000055,Vegesack,Grohn,POINT (8.634352184000022 53.17016955800005)
4344,12,2019,7,4,6,3,5,3,1,0,0,0,0,0,0,0,8.600219750000065,53.55219737200008,Geestemünde,Buschkämpen,POINT (8.600219750000065 53.55219737200008)
4345,11,2019,7,4,23,3,4,6,1,0,0,0,0,0,2,0,8.886911948000034,53.05044878800004,Hemelingen,Hemelingen,POINT (8.886911948000034 53.05044878800004)
4346,11,2019,7,3,13,2,0,1,1,0,0,0,0,0,0,0,8.884133777000045,53.07182048000004,Vahr,Gartenstadt Vahr,POINT (8.884133777000045 53.07182048000004)
4347,12,2019,8,2,12,3,2,6,1,1,0,0,0,0,0,0,8.583279680000032,53.563991445000056,Lehe,Königsheide,POINT (8.583279680000032 53.56399144500006)
4348,12,2019,8,6,10,3,5,3,1,1,0,0,0,0,0,1,8.604359872000032,53.58797177400004,Leherheide,Fehmoor,POINT (8.604359872000032 53.58797177400004)
4349,11,2019,7,3,17,3,5,3,1,1,0,0,0,0,0,0,8.524053927000068,53.20288282400003,Blumenthal,Farge,POINT (8.524053927000068 53.20288282400003)
4350,11,2019,8,6,7,3,5,3,1,1,0,0,0,0,0,1,8.763547108000068,53.10897412000003,Gröpelingen,Lindenhof,POINT (8.763547108000068 53.10897412000003)
4351,11,2019,7,2,16,3,5,2,1,1,0,0,0,0,0,0,8.780179062000059,53.10556692500006,Walle,Walle,POINT (8.780179062000059 53.10556692500006)
4352,11,2019,7,2,10,3,5,3,1,1,0,0,0,0,0,0,8.826171661000046,53.03435506900007,Obervieland,Kattenturm,POINT (8.826171661000046 53.03435506900007)
4353,11,2019,7,2,5,3,0,7,1,0,0,0,0,0,0,0,8.891027878000045,53.04741175100003,Hemelingen,Hemelingen,POINT (8.891027878000045 53.04741175100003)
4354,11,2019,7,2,18,3,6,4,1,0,1,0,0,0,0,0,8.800559572000054,53.07855435400006,Mitte,Altstadt,POINT (8.800559572000054 53.07855435400006)
4355,11,2019,7,1,19,3,0,7,1,1,0,0,0,0,0,0,8.815915635000067,53.08097605000006,Mitte,Bahnhofsvorstadt,POINT (8.815915635000067 53.08097605000006)
4356,11,2019,7,1,13,3,5,3,1,1,0,0,0,0,0,0,8.831020584000044,53.04084932200004,Obervieland,Kattenturm,POINT (8.831020584000044 53.04084932200004)
4357,11,2019,8,6,15,3,5,3,1,0,0,0,0,0,0,0,8.831592587000046,53.07761821500003,Östliche Vorstadt,Fesenfeld,POINT (8.831592587000046 53.07761821500003)
4358,11,2019,7,7,15,3,5,3,1,1,0,0,0,0,0,1,8.616253526000037,53.17268896200005,Vegesack,Vegesack,POINT (8.616253526000037 53.17268896200005)
4359,11,2019,7,7,10,3,1,3,1,1,0,0,0,0,0,0,8.905431798000052,53.09844368900008,,,POINT (8.905431798000052 53.09844368900008)
4360,11,2019,8,2,11,3,0,7,1,1,0,0,0,0,0,0,8.956632532000071,53.05601341500005,Osterholz,Osterholz,POINT (8.956632532000071 53.05601341500005)
4361,11,2019,7,7,21,3,1,5,1,1,0,0,0,0,1,0,8.810577016000025,53.09034292300004,Findorff,Findorff-Bürgerweide,POINT (8.810577016000025 53.09034292300004)
4362,12,2019,8,2,10,2,1,1,1,1,0,0,0,0,0,0,8.598984510000037,53.57751141000006,Lehe,Königsheide,POINT (8.598984510000037 53.57751141000006)
4363,12,2019,8,5,15,3,5,2,1,1,0,0,0,0,0,1,8.593285622000053,53.55520262500005,Lehe,Königsheide,POINT (8.593285622000053 53.55520262500005)
4364,11,2019,7,6,12,3,5,3,1,0,0,0,0,1,0,0,8.771027847000028,53.095210810000026,Walle,Überseestadt,POINT (8.771027847000028 53.09521081000003)
4365,11,2019,7,5,15,3,5,3,1,1,0,0,0,0,0,0,8.790475024000045,53.09610908800005,Walle,Westend,POINT (8.790475024000045 53.09610908800005)
4366,11,2019,7,5,17,3,5,3,1,1,0,0,0,0,0,0,8.790233314000034,53.08606923500008,Walle,Überseestadt,POINT (8.790233314000034 53.08606923500008)
4367,11,2019,7,5,21,3,5,3,1,1,0,0,0,0,1,0,8.811713879000024,53.030833605000055,Obervieland,Kattenesch,POINT (8.811713879000024 53.03083360500005)
4368,11,2019,7,5,20,3,4,6,1,0,0,0,0,0,0,0,8.852781333000053,53.06140367900008,Hemelingen,Hastedt,POINT (8.852781333000053 53.06140367900008)
4369,11,2019,7,5,13,3,0,7,1,0,1,0,0,0,0,0,8.923989973000062,53.04414875400005,Hemelingen,Arbergen,POINT (8.923989973000062 53.04414875400005)
4370,11,2019,7,4,15,3,5,3,1,1,0,0,0,0,0,0,8.774168123000038,53.10153198800003,Walle,Walle,POINT (8.774168123000038 53.10153198800003)
4371,11,2019,7,4,7,3,5,3,1,1,0,0,0,0,0,0,8.774254683000038,53.061402532000045,Neustadt,Neuenland,POINT (8.774254683000038 53.06140253200005)
4372,11,2019,7,4,20,3,4,6,1,0,0,0,0,0,0,0,8.829747690000033,53.06876255800006,Östliche Vorstadt,Steintor,POINT (8.829747690000033 53.06876255800006)
4373,12,2019,7,3,11,2,5,3,1,1,0,0,0,0,0,0,8.596499229000074,53.57981680700004,Lehe,Königsheide,POINT (8.596499229000074 53.57981680700004)
4374,12,2019,7,3,15,3,5,3,1,1,0,0,0,0,0,0,8.590801127000077,53.54078508100008,Geestemünde,Buschkämpen,POINT (8.590801127000077 53.54078508100008)
4375,11,2019,7,3,9,3,5,2,1,1,0,0,0,0,0,0,8.737786178000022,53.056410474000074,Huchting,Mittelshuchting,POINT (8.737786178000022 53.05641047400007)
4376,11,2019,7,3,13,3,1,5,1,1,0,0,0,0,0,0,8.771610790000068,53.10951989000006,Walle,Walle,POINT (8.771610790000068 53.10951989000006)
4377,11,2019,8,3,17,3,5,3,1,1,0,0,0,0,0,0,8.88344879300007,53.110593539000035,Horn-Lehe,Lehesterdeich,POINT (8.883448793000071 53.11059353900004)
4378,11,2019,7,3,21,3,4,6,1,0,0,0,0,0,0,0,8.850322315000028,53.081607966000036,Schwachhausen,Gete,POINT (8.850322315000028 53.08160796600004)
4379,12,2019,8,2,17,3,5,3,1,1,0,0,0,0,0,0,8.592030108000074,53.526845956000045,Geestemünde,Buschkämpen,POINT (8.592030108000074 53.52684595600005)
4380,11,2019,8,6,7,3,5,2,1,1,0,0,0,0,0,1,8.902144516000021,53.07160876700004,Hemelingen,Sebaldsbrück,POINT (8.902144516000021 53.07160876700004)
4381,11,2019,7,3,14,2,5,3,1,1,0,0,0,0,0,0,8.781336163000049,53.09756009100005,Walle,Steffensweg,POINT (8.781336163000049 53.09756009100005)
4382,11,2019,7,3,18,3,0,2,1,1,0,0,0,0,0,0,8.70343374600003,53.16073723100004,Burglesum,Burgdamm,POINT (8.70343374600003 53.16073723100004)
4383,11,2019,7,3,10,3,5,3,1,1,0,0,0,0,0,0,8.886652094000056,53.07918376100008,Vahr,Neue Vahr Südwest,POINT (8.886652094000056 53.07918376100008)
4384,11,2019,9,6,17,3,5,2,1,1,0,0,0,0,0,0,8.795004232000053,53.08462982700007,Mitte,Bahnhofsvorstadt,POINT (8.795004232000053 53.08462982700007)
4385,11,2019,9,6,7,3,2,6,1,1,0,0,0,0,0,0,8.76363040900003,53.11985752700008,Gröpelingen,Gröpelingen,POINT (8.763630409000029 53.11985752700008)
4386,11,2019,9,6,13,3,3,6,1,1,0,0,0,0,0,0,8.773968591000028,53.101330974000064,Walle,Walle,POINT (8.773968591000028 53.10133097400006)
4387,11,2019,9,6,12,3,5,7,1,1,0,0,0,0,0,0,8.93257942400004,53.06976426300008,Osterholz,Blockdiek,POINT (8.932579424000039 53.06976426300008)
4388,11,2019,9,6,18,3,5,3,1,1,0,0,0,0,0,0,8.73768000900003,53.13425942900005,Gröpelingen,Oslebshausen,POINT (8.73768000900003 53.13425942900005)
4389,11,2019,9,6,14,3,5,3,1,1,0,0,0,0,0,0,8.79713842700005,53.07634474300005,Neustadt,Alte Neustadt,POINT (8.79713842700005 53.07634474300005)
4390,11,2019,9,5,13,3,4,6,1,1,0,0,0,0,0,0,8.841161210000053,53.03211600100008,Obervieland,Arsten,POINT (8.841161210000053 53.03211600100008)
4391,11,2019,9,5,14,3,4,2,1,1,0,0,0,0,0,0,8.816531625000039,53.08413343500007,Findorff,Findorff-Bürgerweide,POINT (8.816531625000039 53.08413343500007)
4392,11,2019,9,5,7,3,5,2,1,1,0,0,0,0,0,0,8.794899851000025,53.09393120300007,Walle,Utbremen,POINT (8.794899851000025 53.09393120300007)
4393,11,2019,9,5,5,3,5,3,1,1,0,0,0,0,2,0,8.638113782000062,53.173241363000045,Vegesack,Schönebeck,POINT (8.638113782000062 53.17324136300005)
4394,11,2019,9,5,21,3,0,7,1,0,0,0,0,0,2,0,8.823008154000036,53.07294353600008,Mitte,Ostertor,POINT (8.823008154000036 53.07294353600008)
4395,11,2019,9,5,10,3,5,3,1,1,0,0,0,0,0,0,8.904439151000076,53.07850133300008,Vahr,Neue Vahr Südost,POINT (8.904439151000076 53.07850133300008)
4396,11,2019,9,5,9,3,5,3,1,1,0,0,0,0,0,0,8.787018572000022,53.08296132700008,Walle,Überseestadt,POINT (8.787018572000022 53.08296132700008)
4397,11,2019,9,4,8,3,5,3,1,1,0,0,0,0,0,0,8.774179536000076,53.09538512700004,Walle,Überseestadt,POINT (8.774179536000076 53.09538512700004)
4398,11,2019,9,4,17,3,5,2,1,1,0,0,0,0,0,0,8.635150917000033,53.16701166900003,Vegesack,Grohn,POINT (8.635150917000033 53.16701166900003)
4399,11,2019,9,4,13,3,5,3,1,1,0,0,0,0,0,0,8.79296510200004,53.08906684500005,Walle,Utbremen,POINT (8.792965102000039 53.08906684500005)
4400,11,2019,9,4,15,3,5,2,1,1,0,0,0,0,0,0,8.787403096000048,53.06993642500004,Neustadt,Hohentor,POINT (8.787403096000048 53.06993642500004)
4401,11,2019,9,3,16,3,5,3,1,0,0,0,0,0,0,0,8.859442922000028,53.10046371200008,Horn-Lehe,Lehe,POINT (8.859442922000028 53.10046371200008)
4402,11,2019,9,3,13,3,5,2,1,1,0,0,0,0,0,0,8.778715223000063,53.10077760100006,Walle,Walle,POINT (8.778715223000063 53.10077760100006)
4403,11,2019,9,3,16,3,5,3,1,1,0,0,0,0,0,1,8.804618228000038,53.085793178000074,Mitte,Bahnhofsvorstadt,POINT (8.804618228000038 53.08579317800007)
4404,11,2019,9,3,15,3,5,2,1,1,0,0,0,0,0,1,8.832760679000046,53.07750574100004,Östliche Vorstadt,Fesenfeld,POINT (8.832760679000046 53.07750574100004)
4405,11,2019,9,3,8,3,0,1,1,1,0,0,0,0,0,0,8.828821947000051,53.035020383000074,Obervieland,Kattenturm,POINT (8.828821947000051 53.03502038300007)
4406,11,2019,9,3,8,3,3,1,1,0,0,0,0,0,0,0,8.822254937000025,53.08242563400006,Schwachhausen,Barkhof,POINT (8.822254937000025 53.08242563400006)
4407,12,2019,9,2,14,3,5,3,1,1,0,0,0,0,0,0,8.59099405400002,53.541413797000075,Geestemünde,Buschkämpen,POINT (8.590994054000021 53.54141379700008)
4408,12,2019,9,2,5,3,5,3,1,1,0,0,0,0,1,0,8.597605841000075,53.585087970000075,Lehe,Königsheide,POINT (8.597605841000075 53.58508797000007)
4409,12,2019,9,2,15,3,5,3,1,1,0,0,0,0,0,0,8.597100684000054,53.516082245000064,Wulsdorf,Geestemünde-Süd,POINT (8.597100684000054 53.51608224500006)