,UKREIS,UJAHR,UMONAT,UWOCHENTAG,USTUNDE,UKATEGORIE,UART,UTYP1,IstRad,IstPKW,IstFuss,IstKrad,IstGkfz,IstSonstig,ULICHTVERH,STRZUSTAND,longitude,latitude,Stadtteil,Ortsteil,geometry
4567,12,2019,11,6,16,3,4,7,1,1,0,0,0,0,1,0,8.582253043000037,53.55336483000008,Lehe,Königsheide,POINT (8.582253043000037 53.55336483000008)
4568,11,2019,11,6,13,3,0,7,1,0,0,0,0,0,0,1,8.801120169000058,53.084781709000026,Mitte,Bahnhofsvorstadt,POINT (8.801120169000058 53.08478170900003)
4569,11,2019,11,6,11,3,5,3,1,1,0,0,0,0,0,0,8.570719737000047,53.19568224400007,Blumenthal,Blumenthal,POINT (8.570719737000047 53.19568224400007)
4570,11,2019,11,6,19,3,4,6,1,0,0,0,0,0,2,1,8.928107504000025,53.07236873700003,Osterholz,Ellener Feld,POINT (8.928107504000025 53.07236873700003)
4571,11,2019,11,6,15,3,3,2,1,1,0,0,0,0,0,0,8.68457167500003,53.17107820200005,Burglesum,Lesum,POINT (8.684571675000029 53.17107820200005)
4572,11,2019,11,5,17,3,5,3,1,0,0,0,0,1,2,1,8.808262825000043,53.094637685000066,Findorff,Weidedamm,POINT (8.808262825000043 53.09463768500007)
4573,11,2019,11,5,19,2,4,3,1,1,0,0,0,0,2,1,8.847134307000033,53.08700785100007,Schwachhausen,Riensberg,POINT (8.847134307000033 53.08700785100007)
4574,11,2019,11,5,20,3,1,5,1,1,0,0,0,0,2,1,8.783035989000041,53.099395994000076,Walle,Walle,POINT (8.783035989000041 53.09939599400008)
4575,11,2019,11,5,12,3,5,3,1,1,0,0,0,0,0,0,8.89247038700006,53.08120519100004,Vahr,Neue Vahr Südost,POINT (8.89247038700006 53.08120519100004)
4576,11,2019,11,4,20,3,1,5,1,1,0,0,0,0,2,1,8.789060131000042,53.09419896000003,Walle,Westend,POINT (8.789060131000042 53.09419896000003)
4577,11,2019,11,3,18,3,5,2,1,1,0,0,0,0,2,1,8.805742513000041,53.07412019100008,Mitte,Altstadt,POINT (8.805742513000041 53.07412019100008)
4578,11,2019,11,3,20,3,6,4,1,0,1,0,0,0,2,1,8.831944962000023,53.08604106900003,Schwachhausen,Bürgerpark,POINT (8.831944962000023 53.08604106900003)
4579,11,2019,11,3,22,3,0,7,1,0,0,0,0,0,2,1,8.827137617000062,53.073006339000074,Östliche Vorstadt,Steintor,POINT (8.827137617000062 53.07300633900007)
4580,11,2019,11,3,7,3,5,3,1,1,0,0,0,0,0,1,8.858035193000035,53.072510847000046,Hemelingen,Hastedt,POINT (8.858035193000035 53.07251084700005)
4581,11,2019,11,3,23,3,0,1,1,0,0,0,0,0,2,1,8.807357244000059,53.07418007600006,Mitte,Altstadt,POINT (8.807357244000059 53.07418007600006)
4582,12,2019,11,2,19,2,5,3,1,1,0,0,0,0,2,1,8.583385586000077,53.55477186600007,Lehe,Königsheide,POINT (8.583385586000077 53.55477186600007)
4583,11,2019,11,2,11,3,5,2,1,0,0,0,1,0,0,0,8.81519673400004,53.08223762400007,Mitte,Bahnhofsvorstadt,POINT (8.81519673400004 53.08223762400007)
4584,11,2019,11,2,16,3,5,3,1,1,0,0,0,0,1,1,8.879678112000022,53.07812195100007,Vahr,Neue Vahr Südwest,POINT (8.879678112000022 53.07812195100007)
4585,11,2019,11,2,13,3,0,1,1,0,0,0,0,0,0,1,8.830396106000023,53.07159710600007,Östliche Vorstadt,Steintor,POINT (8.830396106000023 53.07159710600007)
4586,11,2019,11,2,7,3,5,2,1,1,0,0,0,0,1,1,8.862891293000075,53.09018208900005,Schwachhausen,Radio Bremen,POINT (8.862891293000075 53.09018208900005)
4587,11,2019,11,2,18,3,0,1,1,0,0,0,0,0,2,1,8.79891548300003,53.11362877600004,Walle,Hohweg,POINT (8.79891548300003 53.11362877600004)
4588,11,2019,11,2,7,3,5,3,1,0,0,0,0,1,1,1,8.796633126000074,53.08249995600005,Mitte,Altstadt,POINT (8.796633126000074 53.08249995600005)
4589,11,2019,11,2,22,3,4,6,1,0,0,0,0,0,2,1,8.787493687000051,53.094738774000064,Walle,Westend,POINT (8.787493687000051 53.09473877400006)
4590,11,2019,11,7,17,3,5,3,1,1,0,0,0,0,2,1,8.846335191000037,53.04748286900008,Obervieland,Habenhausen,POINT (8.846335191000037 53.04748286900008)
4591,11,2019,11,7,19,3,0,7,1,0,0,0,0,1,2,1,8.851721319000035,53.05532380100004,Obervieland,Habenhausen,POINT (8.851721319000035 53.05532380100004)
4592,11,2019,11,7,15,3,0,7,1,0,0,0,0,0,0,1,8.838185759000055,53.078855531000045,Schwachhausen,Gete,POINT (8.838185759000055 53.07885553100004)
4593,11,2019,11,6,12,3,5,3,1,0,0,0,0,0,0,1,8.790242509000052,53.086078186000066,Walle,Überseestadt,POINT (8.790242509000052 53.08607818600007)
4594,11,2019,11,6,9,3,0,1,1,0,0,0,0,0,0,0,8.884101199000042,53.07895391800008,Vahr,Neue Vahr Südwest,POINT (8.884101199000042 53.07895391800008)
4595,11,2019,11,6,13,3,5,3,1,0,0,0,0,1,0,0,8.896913742000038,53.05907427400007,Hemelingen,Sebaldsbrück,POINT (8.896913742000038 53.05907427400007)
4596,11,2019,11,6,8,3,5,2,1,1,0,0,0,0,0,0,8.759499369000025,53.11995186900003,Gröpelingen,Ohlenhof,POINT (8.759499369000025 53.11995186900003)
4597,11,2019,11,6,13,3,4,6,1,0,0,0,0,0,0,1,8.81220530500002,53.09776035400006,Findorff,Weidedamm,POINT (8.81220530500002 53.09776035400006)
4598,11,2019,11,6,10,3,0,3,1,1,0,0,0,0,0,0,8.57082015800006,53.18124613400005,Blumenthal,Blumenthal,POINT (8.57082015800006 53.18124613400005)
4599,12,2019,10,5,5,3,5,3,1,1,0,0,0,0,2,0,8.580842932000053,53.55130869200008,Mitte,Weddewarden,POINT (8.580842932000053 53.55130869200008)
4600,11,2019,10,5,19,3,5,3,1,1,0,0,0,0,2,1,8.686084571000038,53.173313335000046,Burglesum,Lesum,POINT (8.686084571000038 53.17331333500005)
4601,12,2019,10,4,10,3,5,3,1,1,0,0,0,0,0,0,8.599390787000061,53.53025083000006,Geestemünde,Buschkämpen,POINT (8.599390787000061 53.53025083000006)
4602,12,2019,10,4,16,3,5,3,1,1,0,0,0,0,1,0,8.599815403000036,53.55490471100006,Lehe,Königsheide,POINT (8.599815403000036 53.55490471100006)
4603,12,2019,10,4,12,3,5,2,1,1,0,0,0,0,0,0,8.59431328200003,53.53901081600003,Geestemünde,Buschkämpen,POINT (8.59431328200003 53.53901081600003)
4604,11,2019,10,4,17,3,0,7,1,0,0,0,0,0,2,1,8.767431571000031,53.061282291000055,Huchting,Grolland,POINT (8.767431571000031 53.06128229100005)
4605,11,2019,10,4,15,3,1,5,1,1,0,0,0,0,0,0,8.795204431000059,53.06814063300004,Neustadt,Neustadt,POINT (8.795204431000059 53.06814063300004)
4606,11,2019,10,4,9,3,5,3,1,1,0,0,0,0,0,0,8.815163276000021,53.07709781500006,Mitte,Ostertor,POINT (8.815163276000021 53.07709781500006)
4607,11,2019,10,3,14,3,3,2,1,1,0,0,0,0,0,0,8.849865153000053,53.08525862100004,Schwachhausen,Schwachhausen,POINT (8.849865153000053 53.08525862100004)
4608,11,2019,10,3,17,3,5,3,1,1,0,0,0,0,2,0,8.579454826000074,53.18289819900008,Blumenthal,Blumenthal,POINT (8.579454826000074 53.18289819900008)
4609,11,2019,10,3,9,3,5,3,1,0,0,0,0,1,0,1,8.793175165000036,53.09144788200007,Walle,Utbremen,POINT (8.793175165000036 53.09144788200007)
4610,11,2019,10,3,9,3,4,2,1,1,0,0,0,0,0,1,8.56061020900006,53.184321655000076,Blumenthal,Blumenthal,POINT (8.56061020900006 53.18432165500008)
4611,11,2019,10,3,8,3,5,3,1,1,0,0,0,0,0,0,8.810644503000049,53.07179962500004,Mitte,Altstadt,POINT (8.810644503000049 53.07179962500004)
4612,11,2019,10,3,11,3,3,2,1,0,0,0,0,1,0,0,8.619443970000077,53.18404983700003,Vegesack,Fähr-Lobbendorf,POINT (8.619443970000077 53.18404983700003)
4613,11,2019,10,3,8,3,4,7,1,0,0,0,0,0,0,0,8.808432796000034,53.072355909000066,Mitte,Altstadt,POINT (8.808432796000034 53.07235590900007)
4614,11,2019,10,3,12,3,5,2,1,1,0,0,0,0,0,0,8.875029357000074,53.06225246900004,Hemelingen,Hastedt,POINT (8.875029357000074 53.06225246900004)
4615,12,2019,10,2,7,3,0,7,1,0,0,0,0,0,0,1,8.590683671000022,53.54489736800008,Geestemünde,Buschkämpen,POINT (8.590683671000022 53.54489736800008)
4616,12,2019,10,2,15,3,5,3,1,1,0,0,0,0,0,0,8.58927138200005,53.52529328900005,Geestemünde,Buschkämpen,POINT (8.589271382000049 53.52529328900005)
4617,11,2019,10,2,8,3,2,7,1,1,0,0,0,0,0,0,8.782526315000041,53.08710870900006,Walle,Überseestadt,POINT (8.782526315000041 53.08710870900006)
4618,11,2019,10,7,11,3,5,3,1,1,0,0,0,0,0,0,8.804559745000063,53.08582245700006,Mitte,Bahnhofsvorstadt,POINT (8.804559745000063 53.08582245700006)
4619,11,2019,10,7,16,2,5,3,1,1,0,0,0,0,0,0,8.908642362000023,53.08509858900004,,,POINT (8.908642362000023 53.08509858900004)
4620,11,2019,10,6,14,3,3,6,1,1,0,0,0,0,0,0,8.747196597000027,53.126266989000044,Gröpelingen,Ohlenhof,POINT (8.747196597000027 53.12626698900004)
4621,11,2019,10,6,14,3,6,7,1,0,1,0,0,0,0,0,8.755788979000044,53.124581625000076,Gröpelingen,Ohlenhof,POINT (8.755788979000044 53.12458162500008)
4622,11,2019,10,6,14,3,5,3,1,1,0,0,0,0,0,0,8.751788547000046,53.12223032500003,Gröpelingen,Ohlenhof,POINT (8.751788547000046 53.12223032500003)
4623,11,2019,10,5,13,3,2,6,1,0,0,0,0,0,0,0,8.803758904000063,53.09307332700007,Findorff,Findorff-Bürgerweide,POINT (8.803758904000063 53.09307332700007)
4624,11,2019,10,5,15,3,1,7,1,1,0,0,0,0,0,0,8.853950014000077,53.07333588800003,Östliche Vorstadt,Hulsberg,POINT (8.853950014000077 53.07333588800003)
4625,12,2019,10,4,17,3,6,7,1,0,1,0,0,0,0,0,8.575625270000046,53.59063770100005,Lehe,Königsheide,POINT (8.575625270000046 53.59063770100005)
4626,11,2019,10,4,23,3,5,2,1,1,0,0,0,0,2,0,8.801320288000056,53.07149157900005,Neustadt,Alte Neustadt,POINT (8.801320288000056 53.07149157900005)
4627,11,2019,10,4,18,3,5,3,1,1,0,0,0,0,2,0,8.918154435000076,53.03888266800004,Hemelingen,Arbergen,POINT (8.918154435000076 53.03888266800004)
4628,11,2019,10,4,7,3,5,2,1,1,0,0,0,0,0,0,8.85809125700007,53.06948123500007,Hemelingen,Hastedt,POINT (8.858091257000069 53.06948123500007)
4629,12,2019,10,3,16,3,5,3,1,1,0,0,0,0,0,0,8.593440471000065,53.52691222700008,Geestemünde,Buschkämpen,POINT (8.593440471000065 53.52691222700008)
4630,11,2019,10,3,7,3,5,3,1,1,0,0,0,0,1,0,8.770467347000022,53.09550461300006,Walle,Überseestadt,POINT (8.770467347000022 53.09550461300006)
4631,11,2019,10,3,18,3,5,3,1,1,0,0,0,0,1,0,8.805550649000054,53.09084394200005,Findorff,Findorff-Bürgerweide,POINT (8.805550649000054 53.09084394200005)
4632,11,2019,11,3,8,2,0,7,1,1,0,0,0,0,0,1,8.891590178000058,53.108488772000044,Horn-Lehe,Lehesterdeich,POINT (8.891590178000058 53.10848877200004)
4633,11,2019,10,3,7,3,5,3,1,1,0,0,0,0,1,0,8.593546168000046,53.18432863500004,,,POINT (8.593546168000046 53.18432863500004)
4634,11,2019,11,2,17,3,5,2,1,1,0,0,0,0,2,1,8.627696023000055,53.17131025900005,Vegesack,Vegesack,POINT (8.627696023000055 53.17131025900005)
4635,11,2019,10,3,15,3,1,7,1,0,0,0,0,1,0,0,8.962998886000037,53.04378086600008,Hemelingen,Mahndorf,POINT (8.962998886000037 53.04378086600008)
4636,11,2019,10,3,16,3,5,2,1,1,0,0,0,0,0,0,8.773124990000042,53.09181559800004,Walle,Überseestadt,POINT (8.773124990000042 53.09181559800004)
4637,11,2019,10,2,15,3,1,6,1,0,0,0,0,0,0,0,8.837129796000056,53.08238694800008,Schwachhausen,Gete,POINT (8.837129796000056 53.08238694800008)
4638,11,2019,11,4,18,3,0,7,1,1,0,0,0,0,2,1,8.894809735000024,53.111504023000066,Horn-Lehe,Lehesterdeich,POINT (8.894809735000024 53.11150402300007)
4639,11,2019,11,3,15,2,0,1,1,0,0,0,0,0,1,1,8.630075393000027,53.165601587000026,Vegesack,Grohn,POINT (8.630075393000027 53.16560158700003)
4640,11,2019,11,3,18,3,5,3,1,1,0,0,0,0,2,0,8.804958549000048,53.09153576500006,Findorff,Findorff-Bürgerweide,POINT (8.804958549000048 53.09153576500006)
4641,11,2019,10,1,5,3,0,7,1,0,0,0,0,0,2,1,8.817341860000056,53.085513380000066,Findorff,Findorff-Bürgerweide,POINT (8.817341860000056 53.08551338000007)
4642,11,2019,10,7,7,2,4,6,1,1,0,0,0,0,2,0,8.77061205800004,53.11418155000007,Gröpelingen,Gröpelingen,POINT (8.77061205800004 53.11418155000007)
4643,11,2019,11,3,8,3,5,3,1,1,0,0,0,0,0,1,8.625478221000037,53.181326788000035,Vegesack,Aumund-Hammersbeck,POINT (8.625478221000037 53.18132678800004)
4644,12,2019,10,6,7,3,1,5,1,1,0,0,0,0,2,1,8.588890251000066,53.56132518800007,Lehe,Königsheide,POINT (8.588890251000066 53.56132518800007)
4645,11,2019,10,6,8,2,0,7,1,0,0,0,0,0,0,1,8.755479212000068,53.119962989000044,Gröpelingen,Ohlenhof,POINT (8.755479212000068 53.11996298900004)
4646,11,2019,10,6,15,3,5,3,1,1,0,0,0,0,0,1,8.794874918000062,53.09395206700003,Walle,Westend,POINT (8.794874918000062 53.09395206700003)
4647,11,2019,10,6,12,3,3,7,1,1,0,0,0,0,0,0,8.816832537000039,53.07294504200007,Mitte,Ostertor,POINT (8.816832537000039 53.07294504200007)
4648,11,2019,11,3,7,3,5,1,1,1,0,0,0,0,0,0,8.77869417100004,53.094715446000066,Walle,Steffensweg,POINT (8.778694171000041 53.09471544600007)
4649,11,2019,10,6,8,3,0,1,1,0,0,0,0,0,0,1,8.568705738000062,53.20406610400005,Blumenthal,Lüssum-Bockhorn,POINT (8.568705738000062 53.20406610400005)
4650,11,2019,10,6,17,3,5,3,1,1,0,0,0,0,1,0,8.753568164000058,53.123304888000064,Gröpelingen,Ohlenhof,POINT (8.753568164000058 53.12330488800006)
4651,11,2019,10,6,12,3,0,2,1,1,0,0,0,0,0,0,8.819710022000038,53.03831505900007,Obervieland,Kattenturm,POINT (8.819710022000038 53.03831505900007)
4652,11,2019,10,6,12,3,3,2,1,0,0,0,0,1,0,0,8.784139976000063,53.07338781100003,Neustadt,Hohentor,POINT (8.784139976000063 53.07338781100003)
4653,11,2019,11,3,7,2,5,3,1,1,0,0,0,0,2,1,8.825121327000033,53.084610121000026,Schwachhausen,Bürgerpark,POINT (8.825121327000033 53.08461012100003)
4654,11,2019,10,6,13,2,5,3,1,1,0,0,0,0,0,0,8.823643563000076,53.076965580000035,Östliche Vorstadt,Fesenfeld,POINT (8.823643563000076 53.07696558000004)
4655,11,2019,10,6,20,3,5,3,1,1,0,0,0,0,2,1,8.80846845000002,53.08297263500003,Mitte,Bahnhofsvorstadt,POINT (8.808468450000021 53.08297263500003)
4656,11,2019,11,2,13,3,0,2,1,1,0,0,0,0,0,0,8.636020834000021,53.17126956000004,Vegesack,Grohn,POINT (8.636020834000021 53.17126956000004)
4657,11,2019,11,2,7,3,5,3,1,0,0,0,0,1,1,0,8.715640407000024,53.05394998600008,Huchting,Mittelshuchting,POINT (8.715640407000024 53.05394998600008)
4658,11,2019,11,7,14,3,0,7,1,0,0,0,0,0,0,0,8.814009442000042,53.09251716000006,Findorff,Weidedamm,POINT (8.814009442000042 53.09251716000006)
4659,11,2019,11,7,16,2,0,7,1,0,0,0,0,0,1,0,8.753700346000073,53.12338996900007,Gröpelingen,Ohlenhof,POINT (8.753700346000073 53.12338996900007)
4660,11,2019,10,5,10,3,0,7,1,0,0,0,0,0,0,0,8.881382894000069,53.10261160600004,Horn-Lehe,Lehe,POINT (8.881382894000069 53.10261160600004)
4661,11,2019,11,7,19,3,4,6,1,0,0,0,0,0,2,0,8.758715228000028,53.05849208800004,Huchting,Grolland,POINT (8.758715228000028 53.05849208800004)
4662,11,2019,10,5,17,2,4,6,1,0,0,0,0,0,0,0,8.873019569000064,53.10074745800006,Horn-Lehe,Lehe,POINT (8.873019569000064 53.10074745800006)
4663,11,2019,11,6,16,3,3,6,1,1,0,0,0,0,1,1,8.782961277000027,53.15387313900004,,Blockland,POINT (8.782961277000027 53.15387313900004)
4664,11,2019,10,5,20,3,6,4,1,0,1,0,0,0,2,0,8.901625679000063,53.10866975300007,Horn-Lehe,Lehesterdeich,POINT (8.901625679000063 53.10866975300007)
4665,11,2019,11,6,13,3,5,3,1,1,0,0,0,0,0,0,8.712391750000052,53.14510267300005,Burglesum,Burg-Grambke,POINT (8.712391750000052 53.14510267300005)
4666,11,2019,10,5,17,3,0,7,1,0,0,0,0,0,0,0,8.812200491000056,53.07351962000007,Mitte,Altstadt,POINT (8.812200491000056 53.07351962000007)
4667,11,2019,10,5,17,3,5,3,1,1,0,0,0,0,0,1,8.839230334000035,53.10677638000004,Horn-Lehe,Lehe,POINT (8.839230334000035 53.10677638000004)
4668,11,2019,11,2,16,3,3,6,1,1,0,0,0,0,2,1,8.599849620000043,53.177523636000046,Vegesack,Fähr-Lobbendorf,POINT (8.599849620000043 53.17752363600005)
4669,11,2019,10,5,15,3,0,7,1,0,0,0,0,0,0,1,8.785137374000044,53.07078293700005,Neustadt,Hohentor,POINT (8.785137374000044 53.07078293700005)
4670,11,2019,11,5,18,3,5,2,1,1,0,0,0,0,2,1,8.856935558000032,53.07268701900006,Hemelingen,Hastedt,POINT (8.856935558000032 53.07268701900006)
4671,11,2019,11,5,6,3,5,2,1,0,0,0,0,1,2,1,8.806829092000044,53.06045704500008,Neustadt,Huckelriede,POINT (8.806829092000044 53.06045704500008)
4672,11,2019,11,5,17,3,5,2,1,1,0,0,0,0,2,1,8.858231390000071,53.105023886000026,Horn-Lehe,Lehe,POINT (8.858231390000071 53.10502388600003)
4673,11,2019,10,4,11,3,1,7,1,1,0,0,0,0,0,1,8.71734359100003,53.14296710100007,Burglesum,Burg-Grambke,POINT (8.717343591000031 53.14296710100007)
4674,11,2019,11,5,13,3,0,2,1,1,0,0,0,0,0,1,8.931580914000051,53.062201396000034,Osterholz,Ellener Feld,POINT (8.931580914000051 53.06220139600003)
4675,11,2019,10,4,7,3,5,3,1,1,0,0,0,0,2,1,8.632242581000071,53.16959731000003,Vegesack,Grohn,POINT (8.632242581000071 53.16959731000003)
4676,11,2019,10,4,8,2,5,2,1,1,0,0,0,0,0,1,8.807605683000077,53.09981677300004,Findorff,Weidedamm,POINT (8.807605683000077 53.09981677300004)
4677,11,2019,10,4,17,3,5,2,1,0,0,0,1,0,0,0,8.870112936000055,53.097087385000066,Horn-Lehe,Horn,POINT (8.870112936000055 53.09708738500007)
4678,11,2019,10,4,9,3,5,3,1,1,0,0,0,0,0,1,8.852203141000075,53.086164402000065,Schwachhausen,Riensberg,POINT (8.852203141000075 53.08616440200007)
4679,11,2019,11,5,12,3,0,7,1,0,0,0,0,0,0,1,8.827645891000031,53.07256521700003,Östliche Vorstadt,Steintor,POINT (8.827645891000031 53.07256521700003)
4680,12,2019,10,3,15,2,5,3,1,1,0,0,0,0,0,0,8.60225994700005,53.57197350700005,Lehe,Königsheide,POINT (8.60225994700005 53.57197350700005)
4681,11,2019,11,5,17,3,5,3,1,1,0,0,0,0,2,0,8.868054693000033,53.072957451000036,Hemelingen,Hastedt,POINT (8.868054693000033 53.07295745100004)
4682,11,2019,10,3,10,3,3,6,1,1,0,0,0,0,0,0,8.877931918000058,53.10142593900008,Horn-Lehe,Lehe,POINT (8.877931918000058 53.10142593900008)
4683,12,2019,10,2,15,2,0,7,1,0,0,0,0,0,0,0,8.589559056000041,53.538093874000026,Geestemünde,Buschkämpen,POINT (8.589559056000041 53.53809387400003)
4684,11,2019,10,2,15,3,5,3,1,1,0,0,0,0,0,0,8.731454933000066,53.081095626000035,,Strom,POINT (8.731454933000066 53.08109562600004)
4685,11,2019,10,2,15,3,5,3,1,1,0,0,0,0,0,0,8.797738150000043,53.102834220000034,Walle,Osterfeuerberg,POINT (8.797738150000043 53.10283422000003)
4686,11,2019,11,3,9,3,5,3,1,0,0,0,0,1,0,1,8.822751984000035,53.07430666300007,Mitte,Ostertor,POINT (8.822751984000035 53.07430666300007)
4687,11,2019,10,1,14,3,4,2,1,1,0,0,0,0,0,1,8.847115822000035,53.08702890400008,Schwachhausen,Riensberg,POINT (8.847115822000035 53.08702890400008)
4688,11,2019,10,1,16,3,1,7,1,1,0,0,0,0,0,0,8.769413587000031,53.08251516400003,Woltmershausen,Woltmershausen,POINT (8.769413587000031 53.08251516400003)
4689,11,2019,11,3,9,3,5,3,1,1,0,0,0,0,0,1,8.741091141000027,53.052669553000044,Huchting,Kirchhuchting,POINT (8.741091141000027 53.05266955300004)
4690,12,2019,10,7,14,3,3,6,1,1,0,0,0,0,0,0,8.572816681000063,53.56053448000006,Lehe,Königsheide,POINT (8.572816681000063 53.56053448000006)
4691,11,2019,11,2,23,3,6,7,1,0,1,0,0,0,2,1,8.889880409000057,53.06147398000007,Hemelingen,Sebaldsbrück,POINT (8.889880409000057 53.06147398000007)
4692,11,2019,11,2,17,3,5,2,1,1,0,0,0,0,2,1,8.82189479300007,53.095632084000044,Findorff,Weidedamm,POINT (8.82189479300007 53.09563208400004)
4693,11,2019,11,2,16,3,5,2,1,1,0,0,0,0,2,1,8.802388735000022,53.06749337900004,Neustadt,Buntentor,POINT (8.802388735000022 53.06749337900004)
4694,11,2019,10,6,17,2,1,5,1,1,0,0,0,0,1,0,8.858586714000069,53.06851985900005,Hemelingen,Hastedt,POINT (8.858586714000069 53.06851985900005)
4695,12,2019,10,5,7,3,5,3,1,1,0,0,0,0,1,0,8.58558277000003,53.558201085000064,Lehe,Königsheide,POINT (8.58558277000003 53.55820108500006)
4696,11,2019,11,2,14,3,5,3,1,1,0,0,0,0,1,1,8.82463793200003,53.08408623200006,Schwachhausen,Barkhof,POINT (8.82463793200003 53.08408623200006)
4697,11,2019,11,2,16,3,5,3,1,1,0,0,0,0,2,1,8.877090850000059,53.08086409100008,Vahr,Neue Vahr Südwest,POINT (8.877090850000059 53.08086409100008)
4698,11,2019,10,5,10,3,5,3,1,1,0,0,0,0,0,1,8.863026561000027,53.07147456200005,Hemelingen,Hastedt,POINT (8.863026561000027 53.07147456200005)
4699,11,2019,10,5,23,2,4,6,1,1,0,0,0,0,2,0,8.805346429000053,53.073028529000055,Mitte,Altstadt,POINT (8.805346429000053 53.07302852900006)
4700,11,2019,10,5,6,3,5,2,1,1,0,0,0,0,1,1,8.808503733000066,53.08803895600005,Findorff,Findorff-Bürgerweide,POINT (8.808503733000066 53.08803895600005)
4701,11,2019,11,7,19,3,0,1,1,0,0,0,0,0,2,1,8.836443903000031,53.06769706300008,Östliche Vorstadt,Peterswerder,POINT (8.836443903000031 53.06769706300008)
4702,11,2019,10,5,16,3,5,3,1,1,0,0,0,0,0,0,8.812384290000068,53.080953048000026,Mitte,Bahnhofsvorstadt,POINT (8.812384290000068 53.08095304800003)
4703,11,2019,11,7,16,3,0,7,1,0,0,0,0,0,2,1,8.888854907000052,53.09781065300007,Horn-Lehe,Lehesterdeich,POINT (8.888854907000052 53.09781065300007)
4704,12,2019,10,4,19,3,5,3,1,1,0,0,0,0,1,1,8.595032510000067,53.57205566700003,Lehe,Königsheide,POINT (8.595032510000067 53.57205566700003)
4705,11,2019,11,7,10,3,0,7,1,0,0,0,0,0,0,1,8.832329768000022,53.07094585400006,Östliche Vorstadt,Steintor,POINT (8.832329768000022 53.07094585400006)
4706,11,2019,10,4,13,3,5,3,1,1,0,0,0,0,0,0,8.870197119000068,53.06398811400004,Hemelingen,Hastedt,POINT (8.870197119000068 53.06398811400004)
4707,11,2019,10,4,8,3,1,5,1,0,0,0,0,1,0,0,8.846776153000064,53.06832788400004,Östliche Vorstadt,Peterswerder,POINT (8.846776153000064 53.06832788400004)
4708,12,2019,10,2,11,2,5,3,1,1,0,0,0,0,0,0,8.577886104000072,53.54602730000005,Mitte,Weddewarden,POINT (8.577886104000072 53.54602730000005)
4709,11,2019,10,2,17,2,5,3,1,0,0,0,0,1,0,0,8.782722275000026,53.087158256000066,Walle,Überseestadt,POINT (8.782722275000026 53.08715825600007)
4710,11,2019,10,2,5,3,5,3,1,1,0,0,0,0,2,0,8.82445038700007,53.08448199700007,Schwachhausen,Barkhof,POINT (8.82445038700007 53.08448199700007)
4711,11,2019,10,2,12,3,5,2,1,1,0,0,0,0,0,0,8.618898929000068,53.17862377300003,Vegesack,Fähr-Lobbendorf,POINT (8.618898929000068 53.17862377300003)
4712,11,2019,11,6,11,3,5,3,1,1,0,0,0,0,0,0,8.737058839000042,53.13387382600007,Gröpelingen,Oslebshausen,POINT (8.737058839000042 53.13387382600007)
4713,11,2019,11,6,7,3,0,7,1,0,0,0,0,0,1,0,8.818802265000045,53.099142733000065,Findorff,Weidedamm,POINT (8.818802265000045 53.09914273300006)
4714,11,2019,11,6,11,3,5,2,1,1,0,0,0,0,0,0,8.831708889000026,53.08114374300004,Schwachhausen,Gete,POINT (8.831708889000026 53.08114374300004)
4715,11,2019,10,7,10,3,4,6,1,1,0,0,0,0,0,0,8.736237089000042,53.12792842600004,Gröpelingen,Oslebshausen,POINT (8.736237089000042 53.12792842600004)
4716,11,2019,11,6,12,3,0,1,1,1,0,0,0,0,0,0,8.797378992000063,53.08622055700005,Mitte,Bahnhofsvorstadt,POINT (8.797378992000063 53.08622055700005)
4717,11,2019,11,5,9,3,5,3,1,0,0,0,0,0,0,0,8.886112172000026,53.10972504100005,Horn-Lehe,Lehesterdeich,POINT (8.886112172000026 53.10972504100005)
4718,11,2019,11,5,17,3,5,3,1,1,0,0,0,0,2,0,8.797101114000043,53.07355684700008,Neustadt,Alte Neustadt,POINT (8.797101114000043 53.07355684700008)
4719,11,2019,10,7,13,3,4,6,1,1,0,0,0,0,0,0,8.836552096000048,53.08714238600004,Schwachhausen,Schwachhausen,POINT (8.836552096000048 53.08714238600004)
4720,11,2019,11,5,14,3,5,3,1,1,0,0,0,0,0,1,8.786047530000076,53.080036249000045,Häfen,Hohentorshafen,POINT (8.786047530000076 53.08003624900005)
4721,11,2019,10,7,16,3,0,1,1,0,0,0,0,0,0,0,8.822828703000027,53.07567099000005,Mitte,Ostertor,POINT (8.822828703000027 53.07567099000005)
4722,11,2019,11,5,20,3,5,2,1,1,0,0,0,0,2,0,8.815886872000021,53.07254517500007,Mitte,Ostertor,POINT (8.815886872000021 53.07254517500007)
4723,11,2019,10,6,22,3,1,7,1,1,0,0,0,0,2,1,8.802050826000027,53.09392975500003,Findorff,Regensburger Str.,POINT (8.802050826000027 53.09392975500003)