,UKREIS,UJAHR,UMONAT,UWOCHENTAG,USTUNDE,UKATEGORIE,UART,UTYP1,IstRad,IstPKW,IstFuss,IstKrad,IstGkfz,IstSonstig,ULICHTVERH,STRZUSTAND,longitude,latitude,Stadtteil,Ortsteil,geometry
4724,11,2019,11,5,13,3,5,3,1,1,0,0,0,0,0,0,8.943846821000022,53.07800700000007,,,POINT (8.943846821000022 53.07800700000007)
4725,12,2019,11,4,10,3,1,5,1,1,0,0,0,0,0,0,8.615238745000056,53.58622396000004,Leherheide,Fehmoor,POINT (8.615238745000056 53.58622396000004)
4726,12,2019,11,4,16,3,2,6,1,1,0,0,0,0,1,1,8.581801287000076,53.54305106600003,Mitte,Weddewarden,POINT (8.581801287000076 53.54305106600003)
4727,11,2019,11,4,13,3,5,3,1,1,0,0,0,0,0,0,8.734073803000058,53.05857985400007,Huchting,Mittelshuchting,POINT (8.734073803000058 53.05857985400007)
4728,11,2019,11,4,17,3,4,4,1,1,1,0,0,0,2,0,8.805163325000024,53.08363807400008,Mitte,Bahnhofsvorstadt,POINT (8.805163325000024 53.08363807400008)
4729,11,2019,11,4,7,3,5,3,1,1,0,0,0,0,0,0,8.787019783000062,53.08296113800003,Walle,Überseestadt,POINT (8.787019783000062 53.08296113800003)
4730,11,2019,10,5,15,3,3,7,1,1,0,0,0,0,0,1,8.770575601000075,53.11415969600006,Gröpelingen,Gröpelingen,POINT (8.770575601000075 53.11415969600006)
4731,11,2019,11,4,17,3,3,2,1,0,0,0,0,0,2,1,8.883690104000038,53.04823679500004,Hemelingen,Hemelingen,POINT (8.883690104000038 53.04823679500004)
4732,11,2019,11,4,14,3,1,5,1,1,0,0,0,0,0,0,8.835670853000067,53.08411327500005,Schwachhausen,Schwachhausen,POINT (8.835670853000067 53.08411327500005)
4733,11,2019,10,4,18,3,5,3,1,1,0,0,0,0,1,1,8.821918290000042,53.03727199300005,Obervieland,Kattenturm,POINT (8.821918290000042 53.03727199300005)
4734,11,2019,10,4,13,1,0,1,1,0,0,0,0,0,0,1,8.78583740800002,53.05286773500006,Neustadt,Neuenland,POINT (8.78583740800002 53.05286773500006)
4735,11,2019,10,4,14,3,5,3,1,1,0,0,0,0,0,1,8.740546941000048,53.05424286200008,Huchting,Mittelshuchting,POINT (8.740546941000048 53.05424286200008)
4736,11,2019,10,4,16,2,5,2,1,1,0,0,0,0,0,1,8.802143332000071,53.07776381700006,Mitte,Altstadt,POINT (8.802143332000071 53.07776381700006)
4737,12,2019,11,3,13,3,5,3,1,1,0,0,0,0,0,0,8.60414352600003,53.530884720000074,Geestemünde,Buschkämpen,POINT (8.60414352600003 53.53088472000007)
4738,12,2019,11,3,17,2,0,7,1,1,0,0,0,0,2,1,8.580988944000069,53.54475839600008,Mitte,Weddewarden,POINT (8.580988944000069 53.54475839600008)
4739,11,2019,11,3,12,3,6,4,1,0,1,0,0,0,0,0,8.816108353000061,53.092826442000046,Findorff,Weidedamm,POINT (8.816108353000061 53.09282644200005)
4740,11,2019,10,4,22,3,5,3,1,1,0,0,0,0,2,1,8.914125353000031,53.062680295000064,Hemelingen,Sebaldsbrück,POINT (8.914125353000031 53.06268029500006)
4741,12,2019,10,3,13,3,5,3,1,1,0,0,0,0,0,1,8.587978164000049,53.53314555400004,Geestemünde,Buschkämpen,POINT (8.587978164000049 53.53314555400004)
4742,11,2019,11,2,15,3,5,2,1,1,0,0,0,0,0,0,8.862254060000055,53.10282311000003,Horn-Lehe,Lehe,POINT (8.862254060000055 53.10282311000003)
4743,11,2019,10,3,12,3,6,7,1,0,1,0,0,0,0,1,8.806617388000063,53.08727031800004,Mitte,Bahnhofsvorstadt,POINT (8.806617388000063 53.08727031800004)
4744,11,2019,11,2,16,3,5,3,1,1,0,0,0,0,2,0,8.783808390000047,53.10177108800008,Walle,Walle,POINT (8.783808390000047 53.10177108800008)
4745,11,2019,10,3,12,3,1,5,1,1,0,0,0,0,0,0,8.894298882000044,53.101716097000065,Horn-Lehe,Lehesterdeich,POINT (8.894298882000044 53.10171609700006)
4746,11,2019,11,2,14,3,5,3,1,0,0,0,0,1,0,0,8.867430056000046,53.066896936000035,Hemelingen,Hastedt,POINT (8.867430056000046 53.06689693600003)
4747,11,2019,11,1,18,3,5,3,1,1,0,0,0,0,2,0,8.80494056200007,53.07554967900006,Mitte,Altstadt,POINT (8.80494056200007 53.07554967900006)
4748,11,2019,9,2,13,3,5,3,1,0,0,1,0,0,0,1,8.951771251000025,53.07259373100004,Osterholz,Tenever,POINT (8.951771251000025 53.07259373100004)
4749,11,2019,9,2,13,3,6,7,1,0,1,0,0,0,0,1,8.818456755000057,53.07999580000006,Mitte,Bahnhofsvorstadt,POINT (8.818456755000057 53.07999580000006)
4750,11,2019,11,1,14,2,5,3,1,1,0,0,0,0,0,0,8.904485326000042,53.078508620000036,Vahr,Neue Vahr Südost,POINT (8.904485326000042 53.07850862000004)
4751,11,2019,9,2,13,3,4,7,1,1,0,0,0,0,0,1,8.773813336000046,53.06190955400007,Neustadt,Neuenland,POINT (8.773813336000046 53.06190955400007)
4752,12,2019,11,7,16,3,5,3,1,1,0,0,0,0,0,0,8.58588893500007,53.53734962600004,Geestemünde,Buschkämpen,POINT (8.585888935000071 53.53734962600004)
4753,11,2019,11,3,15,2,5,3,1,1,0,0,0,0,2,1,8.86164833600003,53.09929236500005,Horn-Lehe,Lehe,POINT (8.86164833600003 53.09929236500005)
4754,11,2019,12,3,19,3,5,2,1,1,0,0,0,0,2,0,8.804132755000069,53.07240163900008,Neustadt,Alte Neustadt,POINT (8.804132755000069 53.07240163900008)
4755,11,2019,12,2,14,3,5,3,1,1,0,0,0,0,0,0,8.894131599000048,53.12878318700007,,Borgfeld,POINT (8.894131599000048 53.12878318700007)
4756,11,2019,12,6,14,3,5,2,1,1,0,0,0,0,0,0,8.77618810000007,53.09865573400003,Walle,Walle,POINT (8.77618810000007 53.09865573400003)
4757,11,2019,12,4,17,3,5,3,1,1,0,0,0,0,2,1,8.869586210000023,53.07460419600005,Vahr,Gartenstadt Vahr,POINT (8.869586210000023 53.07460419600005)
4758,12,2019,12,3,11,3,5,3,1,1,0,0,0,0,0,1,8.593992334000063,53.54848701000003,Geestemünde,Buschkämpen,POINT (8.593992334000063 53.54848701000003)
4759,11,2019,12,3,14,3,5,3,1,1,0,0,0,0,0,1,8.783279981000021,53.06972466600007,Neustadt,Hohentor,POINT (8.783279981000021 53.06972466600007)
4760,11,2019,12,2,15,3,5,2,1,1,0,0,0,0,0,1,8.81742190600005,53.08344690300004,Schwachhausen,Barkhof,POINT (8.81742190600005 53.08344690300004)
4761,11,2019,12,2,14,3,5,2,1,1,0,0,0,0,0,1,8.878682264000076,53.07880706000003,Vahr,Gartenstadt Vahr,POINT (8.878682264000076 53.07880706000003)
4762,12,2019,12,7,13,3,5,3,1,1,0,0,0,0,0,0,8.594086600000026,53.55080406800005,Geestemünde,Buschkämpen,POINT (8.594086600000026 53.55080406800005)
4763,11,2019,12,7,21,3,6,4,1,0,1,0,0,0,2,0,8.810630712000034,53.071803627000065,Mitte,Altstadt,POINT (8.810630712000034 53.07180362700007)
4764,11,2019,12,6,14,3,2,3,1,1,0,0,0,0,0,0,8.799760569000057,53.08421693400004,Mitte,Bahnhofsvorstadt,POINT (8.799760569000057 53.08421693400004)
4765,11,2019,12,6,23,3,2,6,1,1,0,0,0,0,2,0,8.81090739700005,53.08003859400003,Mitte,Bahnhofsvorstadt,POINT (8.810907397000051 53.08003859400003)
4766,11,2019,12,6,8,3,5,3,1,1,0,0,0,0,0,0,8.893914006000045,53.11524132300008,Horn-Lehe,Lehesterdeich,POINT (8.893914006000045 53.11524132300008)
4767,11,2019,12,5,19,3,5,3,1,1,0,0,0,0,2,1,8.677737238000077,53.173302242000034,Burglesum,Lesum,POINT (8.677737238000077 53.17330224200003)
4768,11,2019,12,5,9,3,0,1,1,0,0,0,0,0,0,1,8.792338279000035,53.08561135600007,Walle,Utbremen,POINT (8.792338279000035 53.08561135600007)
4769,11,2019,12,5,14,2,5,3,1,1,0,0,0,0,0,0,8.872456567000029,53.06314041200005,Hemelingen,Hastedt,POINT (8.872456567000029 53.06314041200005)
4770,12,2019,12,4,15,3,0,3,1,0,0,0,0,1,0,1,8.597726840000064,53.53338527400007,Geestemünde,Buschkämpen,POINT (8.597726840000064 53.53338527400007)
4771,11,2019,12,4,8,3,3,3,1,1,0,0,0,0,1,0,8.82961171200003,53.03418723000004,Obervieland,Kattenturm,POINT (8.82961171200003 53.03418723000004)
4772,11,2019,12,4,13,3,6,4,1,0,1,0,0,0,0,0,8.80590227500005,53.07330927100003,Mitte,Altstadt,POINT (8.805902275000051 53.07330927100003)
4773,11,2019,12,4,11,3,5,3,1,1,0,0,0,0,0,0,8.755378577000045,53.11915002600006,Gröpelingen,Ohlenhof,POINT (8.755378577000045 53.11915002600006)
4774,12,2019,12,3,13,3,3,6,1,0,0,0,1,0,0,0,8.600330236000048,53.53145729800008,Geestemünde,Buschkämpen,POINT (8.600330236000048 53.53145729800008)
4775,11,2019,12,3,16,3,3,6,1,0,0,0,0,1,2,1,8.920156058000032,53.092043698000055,,,POINT (8.920156058000032 53.09204369800005)
4776,11,2019,12,3,21,2,0,7,1,0,1,0,0,0,2,1,8.824900047000028,53.073037759000044,Östliche Vorstadt,Steintor,POINT (8.824900047000028 53.07303775900004)
4777,11,2019,12,2,14,3,5,2,1,0,0,0,0,1,0,1,8.824432354000066,53.084489174000055,Schwachhausen,Barkhof,POINT (8.824432354000066 53.08448917400005)
4778,11,2019,12,2,13,3,5,2,1,1,0,0,0,0,0,0,8.81414346500003,53.081210173000045,Mitte,Bahnhofsvorstadt,POINT (8.814143465000029 53.08121017300004)
4779,11,2019,12,2,14,3,5,2,1,1,0,0,0,0,0,0,8.71293829900003,53.04977462200003,Huchting,Mittelshuchting,POINT (8.712938299000029 53.04977462200003)
4780,11,2019,12,2,8,3,5,3,1,1,0,0,0,0,0,1,8.715292680000061,53.050732965000066,Huchting,Mittelshuchting,POINT (8.715292680000061 53.05073296500007)
4781,11,2019,12,1,12,3,0,7,1,1,0,0,0,0,0,1,8.88450298400005,53.053720001000045,Hemelingen,Hemelingen,POINT (8.884502984000051 53.05372000100004)
4782,11,2019,12,7,13,3,0,1,1,0,0,0,0,0,0,1,8.795990669000048,53.09493626900007,Walle,Osterfeuerberg,POINT (8.795990669000048 53.09493626900007)
4783,11,2019,12,7,19,2,0,1,1,0,0,0,0,0,2,1,8.875801418000037,53.081863715000054,Vahr,Gartenstadt Vahr,POINT (8.875801418000037 53.08186371500005)
4784,11,2019,12,6,11,3,5,3,1,1,0,0,0,0,0,0,8.733879003000027,53.05840144300004,Huchting,Mittelshuchting,POINT (8.733879003000027 53.05840144300004)
4785,11,2019,12,6,7,3,5,3,1,1,0,0,0,0,1,0,8.784068439000066,53.09294331000007,Walle,Steffensweg,POINT (8.784068439000066 53.09294331000007)
4786,12,2019,12,5,15,3,5,3,1,1,0,0,0,0,0,0,8.621428335000076,53.590527544000054,Leherheide,Fehmoor,POINT (8.621428335000076 53.59052754400005)
4787,11,2019,12,5,14,3,5,7,1,1,0,0,0,0,0,0,8.875308352000047,53.08280149600006,Schwachhausen,Radio Bremen,POINT (8.875308352000047 53.08280149600006)
4788,11,2019,12,5,16,3,5,3,1,1,0,0,0,0,1,0,8.846923660000073,53.04830385400004,Obervieland,Habenhausen,POINT (8.846923660000073 53.04830385400004)
4789,11,2019,12,4,10,3,0,7,1,1,0,0,0,0,0,1,8.626202806000038,53.18375708800005,Vegesack,Aumund-Hammersbeck,POINT (8.626202806000038 53.18375708800005)
4790,11,2019,12,4,17,3,5,7,1,1,0,0,0,0,2,0,8.58731448900005,53.18266853200004,Blumenthal,Blumenthal,POINT (8.58731448900005 53.18266853200004)
4791,11,2019,12,4,15,3,4,2,1,1,0,0,0,0,0,1,8.785403598000073,53.08873175000008,Walle,Utbremen,POINT (8.785403598000073 53.08873175000008)
4792,11,2019,12,4,20,3,0,7,1,0,0,0,0,0,2,1,8.873147341000049,53.07963872200003,Vahr,Gartenstadt Vahr,POINT (8.873147341000049 53.07963872200003)
4793,11,2019,12,3,20,3,7,7,1,0,0,0,0,1,2,1,8.846917682000026,53.080476142000066,Schwachhausen,Gete,POINT (8.846917682000026 53.08047614200007)
4794,11,2019,12,3,15,3,5,3,1,1,0,0,0,0,0,0,8.771918905000064,53.10274107500004,Walle,Walle,POINT (8.771918905000064 53.10274107500004)
4795,11,2019,12,3,9,3,3,6,1,1,0,0,0,0,0,1,8.899903796000046,53.05292085700006,Hemelingen,Hemelingen,POINT (8.899903796000046 53.05292085700006)
4796,11,2019,12,3,12,3,4,6,1,0,0,0,1,0,0,1,8.858009948000074,53.08903852100008,Schwachhausen,Radio Bremen,POINT (8.858009948000074 53.08903852100008)
4797,12,2019,12,2,7,3,5,3,1,1,0,0,0,0,2,1,8.603846192000049,53.57040314300008,Lehe,Königsheide,POINT (8.603846192000049 53.57040314300008)
4798,11,2019,12,2,13,3,0,7,1,0,0,0,0,0,0,0,8.822611953000035,53.074769683000056,Östliche Vorstadt,Steintor,POINT (8.822611953000035 53.07476968300006)
4799,11,2019,12,2,13,3,5,2,1,1,0,0,0,0,0,0,8.844226211000034,53.07537970000004,Östliche Vorstadt,Hulsberg,POINT (8.844226211000034 53.07537970000004)
4800,11,2019,12,2,8,3,5,2,1,1,0,0,0,0,0,0,8.84398832000005,53.08108106000003,Schwachhausen,Gete,POINT (8.843988320000051 53.08108106000003)
4801,11,2019,12,2,17,3,5,3,1,1,0,0,0,0,2,1,8.612429894000059,53.18428637900007,Vegesack,Fähr-Lobbendorf,POINT (8.612429894000059 53.18428637900007)
4802,12,2019,12,1,21,3,0,1,1,0,0,0,0,0,2,1,8.593785311000033,53.513802885000075,Wulsdorf,Geestemünde-Süd,POINT (8.593785311000033 53.51380288500008)
4803,11,2019,12,1,20,3,6,4,1,0,1,0,0,0,2,1,8.808124249000059,53.07443723500006,Mitte,Altstadt,POINT (8.808124249000059 53.07443723500006)
4804,11,2019,12,1,0,2,5,3,1,0,0,0,0,1,2,0,8.878941370000064,53.078927014000044,Vahr,Neue Vahr Südwest,POINT (8.878941370000064 53.07892701400004)
4805,11,2019,12,7,16,2,0,7,1,0,0,0,0,0,2,1,8.736100468000075,53.13727721100008,Gröpelingen,Oslebshausen,POINT (8.736100468000075 53.13727721100008)
4806,11,2019,12,6,23,3,5,3,1,1,0,0,0,0,2,1,8.803277642000069,53.080183555000076,Mitte,Altstadt,POINT (8.803277642000069 53.08018355500008)
4807,11,2019,12,6,15,3,5,3,1,1,0,0,0,0,1,1,8.789530226000068,53.05471185300007,Neustadt,Neuenland,POINT (8.789530226000068 53.05471185300007)
4808,11,2019,12,6,12,3,3,2,1,1,0,0,0,0,0,1,8.945584500000052,53.06817640400004,Osterholz,Ellenerbrok-Schevemoor,POINT (8.945584500000052 53.06817640400004)
4809,11,2019,12,6,14,3,3,6,1,1,0,0,0,0,0,1,8.806688811000072,53.09372481500003,Findorff,Findorff-Bürgerweide,POINT (8.806688811000072 53.09372481500003)
4810,12,2019,12,5,17,3,0,1,1,0,0,0,0,0,2,1,8.589377630000058,53.52173719800004,Geestemünde,Buschkämpen,POINT (8.589377630000058 53.52173719800004)
4811,11,2019,12,5,11,3,5,3,1,1,0,0,0,0,0,0,8.571515787000067,53.18131363200007,Blumenthal,Blumenthal,POINT (8.571515787000067 53.18131363200007)
4812,11,2019,12,5,12,3,7,7,1,0,0,0,0,1,0,0,8.841847435000034,53.08017075300006,Schwachhausen,Gete,POINT (8.841847435000034 53.08017075300006)
4813,11,2019,12,5,14,3,5,2,1,1,0,0,0,0,0,0,8.713702190000049,53.14013815900006,Burglesum,Burg-Grambke,POINT (8.713702190000049 53.14013815900006)
4814,11,2019,12,5,10,3,5,3,1,1,0,0,0,0,0,0,8.849959761000036,53.085017020000066,Schwachhausen,Gete,POINT (8.849959761000036 53.08501702000007)
4815,11,2019,12,4,18,3,5,2,1,1,0,0,0,0,2,0,8.846527021000043,53.081021959000054,Schwachhausen,Gete,POINT (8.846527021000043 53.08102195900005)
4816,11,2019,12,4,17,3,3,6,1,0,0,0,0,1,2,0,8.782660149000037,53.08711569400003,Walle,Überseestadt,POINT (8.782660149000037 53.08711569400003)
4817,11,2019,12,3,12,3,5,3,1,1,0,0,0,0,0,0,8.769679560000043,53.11322359700006,Gröpelingen,Gröpelingen,POINT (8.769679560000043 53.11322359700006)
4818,11,2019,12,3,11,3,3,2,1,0,0,0,0,0,0,0,8.821333928000058,53.07497175800006,Mitte,Ostertor,POINT (8.821333928000058 53.07497175800006)
4819,11,2019,12,3,16,3,5,3,1,1,0,0,0,0,0,0,8.825667508000038,53.08481404500003,Schwachhausen,Bürgerpark,POINT (8.825667508000038 53.08481404500003)
4820,11,2019,12,3,14,3,5,2,1,0,0,0,0,1,0,1,8.850892094000073,53.04534312200008,Obervieland,Habenhausen,POINT (8.850892094000073 53.04534312200008)
4821,12,2019,12,2,15,3,0,7,1,0,0,0,0,0,0,1,8.585896926000032,53.56064803700008,Lehe,Königsheide,POINT (8.585896926000032 53.56064803700008)
4822,12,2019,12,2,17,3,5,3,1,1,0,0,0,0,2,1,8.594908786000076,53.544889828000066,Geestemünde,Buschkämpen,POINT (8.594908786000076 53.54488982800007)
4823,11,2019,12,2,8,3,5,2,1,1,0,0,0,0,0,0,8.727094388000069,53.057436206000034,Huchting,Mittelshuchting,POINT (8.727094388000069 53.05743620600003)
4824,11,2019,12,2,17,3,5,3,1,1,0,0,0,0,2,1,8.886039237000034,53.08596356600003,Vahr,Neue Vahr Nord,POINT (8.886039237000034 53.08596356600003)
4825,11,2019,12,2,7,3,0,7,1,0,0,0,0,1,0,1,8.838549873000034,53.079722151000055,Schwachhausen,Gete,POINT (8.838549873000034 53.07972215100006)
4826,12,2019,11,7,8,3,5,2,1,1,0,0,0,0,0,1,8.612167291000048,53.587553814000046,Leherheide,Fehmoor,POINT (8.612167291000048 53.58755381400005)
4827,11,2019,11,7,21,3,5,3,1,1,0,0,0,0,2,0,8.824440839000033,53.08455842600006,Schwachhausen,Bürgerpark,POINT (8.824440839000033 53.08455842600006)
4828,11,2019,11,7,10,3,0,7,1,0,0,0,0,0,0,1,8.69097565100003,53.16874676800006,Burglesum,Lesum,POINT (8.690975651000031 53.16874676800006)
4829,12,2019,11,6,14,3,5,3,1,1,0,0,0,0,0,0,8.638263147000032,53.53493823600007,Schiffdorferdamm,Buschkämpen,POINT (8.638263147000032 53.53493823600007)
4830,11,2019,11,6,16,3,2,6,1,1,0,0,0,0,2,1,8.790959016000045,53.09541442900007,Walle,Westend,POINT (8.790959016000045 53.09541442900007)
4831,11,2019,11,6,16,2,5,3,1,1,0,0,0,0,1,1,8.862112340000067,53.09932256700006,Horn-Lehe,Lehe,POINT (8.862112340000067 53.09932256700006)
4832,11,2019,11,6,14,3,0,7,1,0,1,0,0,0,0,1,8.790142223000032,53.096482352000066,Walle,Westend,POINT (8.790142223000032 53.09648235200007)
4833,11,2019,11,6,11,3,5,3,1,1,0,0,0,0,0,1,8.880519261000074,53.10162176300008,Horn-Lehe,Lehe,POINT (8.880519261000074 53.10162176300008)
4834,11,2019,11,6,16,2,5,2,1,1,0,0,0,0,2,1,8.867501626000035,53.06984746400008,Hemelingen,Hastedt,POINT (8.867501626000035 53.06984746400008)
4835,11,2019,11,6,7,3,4,2,1,1,0,0,0,0,1,0,8.863793436000037,53.07125571600005,Hemelingen,Hastedt,POINT (8.863793436000037 53.07125571600005)
4836,11,2019,11,6,7,3,4,2,1,1,0,0,0,0,1,0,8.854468643000075,53.06702037500003,Östliche Vorstadt,Peterswerder,POINT (8.854468643000075 53.06702037500003)
4837,11,2019,11,6,16,3,5,2,1,1,0,0,0,0,0,1,8.857014347000074,53.091249246000075,Schwachhausen,Riensberg,POINT (8.857014347000074 53.09124924600007)
4838,11,2019,11,5,7,3,5,3,1,1,0,0,0,0,2,1,8.768421911000075,53.09402084800007,Walle,Überseestadt,POINT (8.768421911000075 53.09402084800007)
4839,11,2019,11,5,13,3,1,7,1,0,0,0,0,1,0,1,8.811103536000076,53.08125273200005,Mitte,Bahnhofsvorstadt,POINT (8.811103536000076 53.08125273200005)
4840,11,2019,11,5,16,3,3,2,1,1,0,0,0,0,1,1,8.739811902000042,53.050203940000074,Huchting,Kirchhuchting,POINT (8.739811902000042 53.05020394000007)
4841,12,2019,11,4,21,3,5,3,1,1,0,0,0,0,2,0,8.593407780000064,53.53926584000004,Geestemünde,Buschkämpen,POINT (8.593407780000064 53.53926584000004)
4842,11,2019,11,4,9,3,5,3,1,0,0,0,0,0,0,1,8.793327015000045,53.08524216500007,Walle,Utbremen,POINT (8.793327015000045 53.08524216500007)
4843,11,2019,11,4,8,3,5,2,1,1,0,0,0,0,0,0,8.77048734300007,53.11399409400008,Gröpelingen,Gröpelingen,POINT (8.77048734300007 53.11399409400008)
4844,12,2020,12,5,11,3,5,3,1,1,0,0,0,0,0,0,8.579896388000066,53.54925288700008,Lehe,Königsheide,POINT (8.579896388000066 53.54925288700008)
4845,12,2020,2,2,17,3,5,2,1,1,0,0,0,0,2,1,8.586210983000058,53.53680217200008,Geestemünde,Buschkämpen,POINT (8.586210983000058 53.53680217200008)
4846,11,2020,1,4,7,3,5,3,1,1,0,0,0,0,2,1,8.809055844000056,53.05132978700004,Neustadt,Huckelriede,POINT (8.809055844000056 53.05132978700004)
4847,11,2020,1,6,12,3,5,3,1,1,0,0,0,0,0,0,8.587413770000069,53.182691254000076,Blumenthal,Blumenthal,POINT (8.587413770000069 53.18269125400008)
4848,11,2020,1,2,9,3,5,3,1,1,0,0,0,0,0,0,8.78397026600004,53.065736152000056,Neustadt,Neuenland,POINT (8.78397026600004 53.06573615200006)
4849,11,2020,6,5,15,3,5,2,1,1,0,0,0,0,0,1,8.819279572000028,53.04819272100008,Neustadt,Huckelriede,POINT (8.819279572000028 53.04819272100008)
4850,11,2020,7,2,14,3,0,1,1,0,0,0,0,0,0,0,8.819050138000023,53.04794081500006,Obervieland,Kattenturm,POINT (8.819050138000023 53.04794081500006)
4851,11,2020,1,5,19,3,8,1,1,0,0,0,0,0,2,1,8.570243806000065,53.18841309900006,Blumenthal,Blumenthal,POINT (8.570243806000065 53.18841309900006)
4852,11,2020,1,6,17,3,5,2,1,1,0,0,0,0,2,1,8.879587836000042,53.11304156700004,Horn-Lehe,Lehesterdeich,POINT (8.879587836000042 53.11304156700004)
4853,11,2020,1,4,16,3,3,2,1,1,0,0,0,0,2,1,8.82735014900004,53.083058288000075,Schwachhausen,Barkhof,POINT (8.82735014900004 53.08305828800007)
4854,11,2020,1,4,12,3,2,6,1,1,0,0,0,0,0,0,8.876439384000037,53.07913236600007,Vahr,Gartenstadt Vahr,POINT (8.876439384000037 53.07913236600007)
4855,11,2020,1,2,15,3,6,4,1,0,1,0,0,0,0,0,8.826040867000074,53.03498364600006,Obervieland,Kattenturm,POINT (8.826040867000074 53.03498364600006)
4856,11,2020,1,2,13,3,5,3,1,1,0,0,0,0,0,1,8.87592919900004,53.082193922000044,Vahr,Neue Vahr Südwest,POINT (8.875929199000041 53.08219392200004)
4857,11,2020,1,3,17,3,5,2,1,0,0,0,0,1,1,0,8.809698965000052,53.06298264900005,Neustadt,Buntentor,POINT (8.809698965000052 53.06298264900005)
4858,11,2020,1,2,13,3,5,2,1,1,0,0,0,0,0,0,8.619165602000066,53.186099366000064,Vegesack,Aumund-Hammersbeck,POINT (8.619165602000066 53.18609936600006)
4859,11,2020,1,4,19,3,5,3,1,1,0,0,0,0,2,0,8.824901414000067,53.08464545500004,Schwachhausen,Bürgerpark,POINT (8.824901414000067 53.08464545500004)
4860,11,2020,1,2,9,3,5,3,1,0,0,0,0,1,0,1,8.87711327300002,53.08084029400004,Vahr,Neue Vahr Südwest,POINT (8.87711327300002 53.08084029400004)
4861,11,2020,1,4,8,3,5,3,1,1,0,0,0,0,0,1,8.793212897000046,53.09251506700008,Walle,Utbremen,POINT (8.793212897000046 53.09251506700008)
4862,11,2020,1,3,14,3,0,7,1,0,0,0,0,0,0,0,8.600184631000047,53.17776205500007,Vegesack,Fähr-Lobbendorf,POINT (8.600184631000047 53.17776205500007)
4863,11,2020,1,1,17,2,5,2,1,1,0,0,0,0,2,1,8.805636915000036,53.07157014400008,Neustadt,Alte Neustadt,POINT (8.805636915000036 53.07157014400008)
4864,11,2020,1,5,7,3,0,7,1,1,0,0,0,0,2,1,8.795409606000021,53.06751303200008,Neustadt,Neustadt,POINT (8.795409606000021 53.06751303200008)
4865,11,2020,1,4,9,2,5,3,1,1,0,0,0,0,0,1,8.863734856000065,53.10632571600007,Horn-Lehe,Lehe,POINT (8.863734856000065 53.10632571600007)
4866,12,2020,1,6,10,3,5,3,1,1,0,0,0,0,0,1,8.60388616900002,53.53093073900004,Geestemünde,Buschkämpen,POINT (8.60388616900002 53.53093073900004)
4867,11,2020,1,5,5,3,0,5,1,0,0,0,0,0,2,0,8.802396471000066,53.070731168000066,Neustadt,Alte Neustadt,POINT (8.802396471000066 53.07073116800007)
4868,11,2020,2,3,13,3,5,2,1,1,0,0,0,0,0,0,8.868851023000047,53.06194906300004,Hemelingen,Hastedt,POINT (8.868851023000047 53.06194906300004)
4869,11,2020,1,5,15,2,5,3,1,0,0,0,0,0,0,0,8.810409930000048,53.09291027300003,Findorff,Findorff-Bürgerweide,POINT (8.810409930000048 53.09291027300003)
4870,11,2020,1,5,11,3,5,2,1,1,0,0,0,0,0,1,8.823270749000073,53.030466614000034,Obervieland,Kattenesch,POINT (8.823270749000073 53.03046661400003)
4871,11,2020,2,4,9,3,5,3,1,1,0,0,0,0,0,1,8.825019621000024,53.08458055600005,Schwachhausen,Bürgerpark,POINT (8.825019621000024 53.08458055600005)
4872,11,2020,1,4,6,3,0,7,1,0,0,0,0,0,2,1,8.865158225000073,53.09656592300007,Horn-Lehe,Horn,POINT (8.865158225000073 53.09656592300007)
4873,11,2020,1,3,13,3,5,3,1,1,0,0,0,0,0,1,8.772603497000034,53.109147164000035,Walle,Walle,POINT (8.772603497000034 53.10914716400003)
4874,12,2020,2,5,8,3,0,7,1,0,0,0,0,0,0,1,8.553393769000024,53.578950871000075,Häfen,Speckenbüttel,POINT (8.553393769000024 53.57895087100007)
4875,11,2020,1,5,16,3,5,2,1,1,0,0,0,0,0,0,8.867380145000027,53.082098923000046,Vahr,Gartenstadt Vahr,POINT (8.867380145000027 53.08209892300005)
4876,11,2020,1,5,13,2,5,2,1,0,0,0,0,0,0,0,8.802846721000037,53.06997846000007,Neustadt,Alte Neustadt,POINT (8.802846721000037 53.06997846000007)
4877,11,2020,1,6,1,3,0,7,1,0,0,0,0,0,2,1,8.808804161000069,53.07842906500008,Mitte,Altstadt,POINT (8.808804161000069 53.07842906500008)
4878,11,2020,1,6,8,3,0,1,1,0,0,0,0,0,1,1,8.925558692000038,53.04024742400003,Hemelingen,Arbergen,POINT (8.925558692000038 53.04024742400003)
4879,11,2020,2,3,13,3,4,6,1,1,0,0,0,0,0,0,8.804605517000027,53.075491670000076,Mitte,Altstadt,POINT (8.804605517000027 53.07549167000008)