,UKREIS,UJAHR,UMONAT,UWOCHENTAG,USTUNDE,UKATEGORIE,UART,UTYP1,IstRad,IstPKW,IstFuss,IstKrad,IstGkfz,IstSonstig,ULICHTVERH,STRZUSTAND,longitude,latitude,Stadtteil,Ortsteil,geometry
5195,11,2020,6,2,16,3,4,2,1,1,0,0,0,0,0,0,8.82416377800007,53.07921172200008,Mitte,Ostertor,POINT (8.82416377800007 53.07921172200008)
5196,11,2020,6,2,20,3,1,5,1,1,0,0,0,0,1,0,8.807932379000022,53.06416208500008,Neustadt,Buntentor,POINT (8.807932379000022 53.06416208500008)
5197,11,2020,6,5,12,3,0,7,1,0,0,0,0,0,0,0,8.898563738000064,53.13465378200004,,Borgfeld,POINT (8.898563738000064 53.13465378200004)
5198,11,2020,6,7,15,3,5,2,1,1,0,0,0,0,0,0,8.893538358000058,53.04693458700007,Hemelingen,Hemelingen,POINT (8.893538358000058 53.04693458700007)
5199,11,2020,6,3,7,2,2,6,1,1,0,0,0,0,0,0,8.864850542000056,53.09565825700008,Horn-Lehe,Horn,POINT (8.864850542000056 53.09565825700008)
5200,11,2020,5,5,12,3,5,2,1,1,0,0,0,0,0,0,8.741127151000057,53.049596403000066,Huchting,Kirchhuchting,POINT (8.741127151000057 53.04959640300007)
5201,11,2020,6,3,20,2,4,6,1,0,0,0,0,0,0,0,8.855940917000055,53.12126033100003,,Blockland,POINT (8.855940917000055 53.12126033100003)
5202,11,2020,6,4,10,3,5,2,1,1,0,0,0,0,0,0,8.882396259000075,53.07508678100004,Hemelingen,Sebaldsbrück,POINT (8.882396259000075 53.07508678100004)
5203,11,2020,7,5,17,3,1,7,1,1,0,0,0,0,0,0,8.929698060000021,53.05906364600003,Osterholz,Osterholz,POINT (8.929698060000021 53.05906364600003)
5204,12,2020,6,4,6,2,5,3,1,1,0,0,0,0,0,0,8.58880533200005,53.49364769600004,Fischereihafen,Mitte-Süd,POINT (8.588805332000049 53.49364769600004)
5205,11,2020,5,7,14,2,5,3,1,1,0,0,0,0,0,0,8.87298213500003,53.084758339000075,Schwachhausen,Radio Bremen,POINT (8.872982135000029 53.08475833900008)
5206,11,2020,6,5,20,2,4,6,1,0,0,0,0,1,0,0,8.931100488000027,53.13739671700006,,Borgfeld,POINT (8.931100488000027 53.13739671700006)
5207,11,2020,6,6,9,3,0,7,1,0,0,0,0,0,0,0,8.82642017400002,53.07472360100007,Östliche Vorstadt,Steintor,POINT (8.82642017400002 53.07472360100007)
5208,11,2020,5,4,16,3,4,6,1,0,0,0,0,0,0,0,8.933772473000033,53.038792543000056,Hemelingen,Mahndorf,POINT (8.933772473000033 53.03879254300006)
5209,11,2020,6,2,11,3,6,3,1,0,1,0,0,0,0,0,8.809289622000051,53.07781030500007,Mitte,Altstadt,POINT (8.809289622000051 53.07781030500007)
5210,11,2020,5,6,9,3,5,3,1,1,0,0,0,0,0,0,8.802125472000057,53.077773164000064,Mitte,Altstadt,POINT (8.802125472000057 53.07777316400006)
5211,11,2020,6,2,11,3,5,3,1,1,0,0,0,0,0,0,8.790416924000056,53.092120445000035,Walle,Westend,POINT (8.790416924000056 53.09212044500003)
5212,11,2020,5,5,10,3,5,3,1,1,0,0,0,0,0,0,8.93257942400004,53.06976426300008,Osterholz,Blockdiek,POINT (8.932579424000039 53.06976426300008)
5213,12,2020,6,2,11,2,0,7,1,0,0,0,0,0,0,0,8.594151561000047,53.53240339900003,Geestemünde,Buschkämpen,POINT (8.594151561000047 53.53240339900003)
5214,11,2020,5,6,14,3,0,7,1,0,0,0,0,0,0,0,8.829549580000048,53.07190134400008,Östliche Vorstadt,Steintor,POINT (8.829549580000048 53.07190134400008)
5215,11,2020,6,2,14,3,5,3,1,1,0,0,0,0,0,0,8.83936675800004,53.09813365000008,Schwachhausen,Neu-Schwachhausen,POINT (8.83936675800004 53.09813365000008)
5216,11,2020,5,7,21,3,0,7,1,0,0,0,0,0,2,0,8.63662447400003,53.17443583600004,Vegesack,Vegesack,POINT (8.63662447400003 53.17443583600004)
5217,11,2020,5,3,15,3,0,1,1,0,0,0,0,0,0,0,8.80720911700007,53.07057152800007,Neustadt,Alte Neustadt,POINT (8.80720911700007 53.07057152800007)
5218,11,2020,6,5,8,3,1,1,1,1,0,0,0,0,0,1,8.83591657900007,53.07419484600007,Östliche Vorstadt,Fesenfeld,POINT (8.83591657900007 53.07419484600007)
5219,11,2020,6,1,21,2,5,2,1,1,0,0,0,0,1,0,8.723817526000062,53.04618802300007,Huchting,Sodenmatt,POINT (8.723817526000062 53.04618802300007)
5220,11,2020,7,4,6,3,0,1,1,0,0,0,0,0,0,1,8.793289127000037,53.066133034000075,Neustadt,Südervorstadt,POINT (8.793289127000037 53.06613303400007)
5221,11,2020,6,6,11,3,4,6,1,0,0,0,0,0,0,0,8.81771472500003,53.07951231200008,Mitte,Ostertor,POINT (8.81771472500003 53.07951231200008)
5222,11,2020,6,4,23,3,0,7,1,0,0,0,0,0,2,0,8.789670483000066,53.084838012000034,Walle,Überseestadt,POINT (8.789670483000066 53.08483801200003)
5223,11,2020,7,4,9,3,0,1,1,0,0,0,0,0,0,1,8.874156001000074,53.07834359900005,Vahr,Gartenstadt Vahr,POINT (8.874156001000074 53.07834359900005)
5224,11,2020,5,2,13,3,5,2,1,1,0,0,0,0,0,0,8.89690829600005,53.05906096600006,Hemelingen,Sebaldsbrück,POINT (8.896908296000049 53.05906096600006)
5225,11,2020,5,6,9,3,5,2,1,1,0,0,0,0,0,0,8.837185512000076,53.084962157000064,Schwachhausen,Schwachhausen,POINT (8.837185512000076 53.08496215700006)
5226,11,2020,6,3,20,3,1,5,1,1,0,0,0,0,0,1,8.791099755000062,53.10058575200003,Walle,Osterfeuerberg,POINT (8.791099755000062 53.10058575200003)
5227,11,2020,6,3,15,3,4,2,1,1,0,0,0,0,0,0,8.786217677000025,53.05755907000008,Neustadt,Neuenland,POINT (8.786217677000025 53.05755907000008)
5228,11,2020,5,2,18,2,5,3,1,1,0,0,0,0,0,0,8.887751963000028,53.06869089500003,Hemelingen,Sebaldsbrück,POINT (8.887751963000028 53.06869089500003)
5229,11,2020,6,6,12,3,3,6,1,0,0,0,0,0,0,0,8.74846169500006,53.125155447000054,Gröpelingen,Ohlenhof,POINT (8.74846169500006 53.12515544700005)
5230,12,2020,5,5,14,3,5,3,1,1,0,0,0,0,0,0,8.601851407000026,53.57026747200007,Lehe,Königsheide,POINT (8.601851407000026 53.57026747200007)
5231,11,2020,6,3,8,3,5,3,1,1,0,0,0,0,0,0,8.802117800000076,53.07784303900007,Mitte,Altstadt,POINT (8.802117800000076 53.07784303900007)
5232,11,2020,5,5,15,3,6,6,1,0,1,0,0,0,0,0,8.797615148000034,53.076830200000074,Neustadt,Alte Neustadt,POINT (8.797615148000034 53.07683020000007)
5233,11,2020,6,4,17,3,5,3,1,1,0,0,0,0,0,0,8.883446040000024,53.11059077400006,Horn-Lehe,Lehesterdeich,POINT (8.883446040000024 53.11059077400006)
5234,11,2020,7,5,12,3,0,7,1,0,0,0,0,0,0,0,8.858882359000063,53.04525762000003,Obervieland,Habenhausen,POINT (8.858882359000063 53.04525762000003)
5235,11,2020,6,3,18,3,5,3,1,1,0,0,0,0,0,0,8.861635328000034,53.09930203200008,Horn-Lehe,Lehe,POINT (8.861635328000034 53.09930203200008)
5236,11,2020,5,5,17,3,5,3,1,1,0,0,0,0,0,0,8.627160546000027,53.17030401200003,Vegesack,Vegesack,POINT (8.627160546000027 53.17030401200003)
5237,12,2020,6,2,9,3,5,3,1,1,0,0,0,0,0,0,8.60030514500005,53.52339979300007,Geestemünde,Buschkämpen,POINT (8.60030514500005 53.52339979300007)
5238,11,2020,6,3,22,3,8,7,1,0,0,0,0,0,1,0,8.802337557000044,53.07635492800006,Mitte,Altstadt,POINT (8.802337557000044 53.07635492800006)
5239,11,2020,5,2,11,3,5,3,1,1,0,0,0,0,0,0,8.75349529600004,53.123254994000035,Gröpelingen,Ohlenhof,POINT (8.75349529600004 53.12325499400004)
5240,11,2020,6,6,8,3,5,3,1,0,0,0,0,1,0,0,8.77426802900004,53.10145072500006,Walle,Walle,POINT (8.774268029000041 53.10145072500006)
5241,12,2020,6,2,13,3,5,3,1,0,0,0,0,0,0,1,8.576351045000024,53.56636276100005,Lehe,Königsheide,POINT (8.576351045000024 53.56636276100005)
5242,12,2020,5,5,16,3,0,7,1,0,0,0,0,0,0,0,8.549101775000054,53.58062661100007,Häfen,Speckenbüttel,POINT (8.549101775000054 53.58062661100007)
5243,11,2020,6,4,12,2,5,2,1,0,0,0,0,0,0,0,8.94814324500004,53.05582799500007,Osterholz,Osterholz,POINT (8.94814324500004 53.05582799500007)
5244,11,2020,6,2,13,3,5,6,1,1,0,0,0,0,0,0,8.778996936000055,53.06475973100004,Neustadt,Neuenland,POINT (8.778996936000055 53.06475973100004)
5245,11,2020,5,7,3,3,0,7,1,0,0,0,0,0,2,0,8.788311789000034,53.092615143000046,Walle,Westend,POINT (8.788311789000034 53.09261514300005)
5246,11,2020,6,5,12,3,4,6,1,0,0,0,0,0,0,0,8.823122499000021,53.07329044000005,Östliche Vorstadt,Steintor,POINT (8.823122499000021 53.07329044000005)
5247,11,2020,6,2,14,3,5,3,1,1,0,0,0,0,0,0,8.84495895200007,53.04577728700008,Obervieland,Habenhausen,POINT (8.84495895200007 53.04577728700008)
5248,11,2020,6,2,13,3,0,7,1,0,0,0,0,0,0,0,8.817129360000024,53.07884038100008,Mitte,Ostertor,POINT (8.817129360000024 53.07884038100008)
5249,11,2020,5,4,13,3,0,7,1,0,0,0,0,0,0,0,8.826551547000065,53.085524400000054,Schwachhausen,Bürgerpark,POINT (8.826551547000065 53.08552440000005)
5250,11,2020,6,2,12,3,2,7,1,0,0,0,0,0,0,0,8.790986797000073,53.07239564300005,Neustadt,Alte Neustadt,POINT (8.790986797000073 53.07239564300005)
5251,11,2020,5,4,12,2,5,3,1,1,0,0,0,0,0,0,8.87192299000003,53.077101199000026,Vahr,Gartenstadt Vahr,POINT (8.87192299000003 53.07710119900003)
5252,11,2020,6,2,18,3,6,7,1,0,1,0,0,0,0,0,8.848775638000063,53.05081355200008,Obervieland,Habenhausen,POINT (8.848775638000063 53.05081355200008)
5253,12,2020,5,5,12,2,0,7,1,0,0,0,0,0,0,0,8.552048014000036,53.579277621000074,Häfen,Speckenbüttel,POINT (8.552048014000036 53.57927762100007)
5254,11,2020,6,4,8,3,5,3,1,1,0,0,0,0,0,0,8.711468367000066,53.14742610900004,Burglesum,Burg-Grambke,POINT (8.711468367000066 53.14742610900004)
5255,11,2020,5,1,14,3,0,7,1,0,0,0,0,0,0,0,8.869427986000062,53.080506050000054,Vahr,Gartenstadt Vahr,POINT (8.869427986000062 53.08050605000005)
5256,11,2020,6,2,18,3,3,5,1,1,0,0,0,0,0,0,8.80270379500007,53.06729663900006,Neustadt,Buntentor,POINT (8.80270379500007 53.06729663900006)
5257,12,2020,5,7,14,3,5,3,1,1,0,0,0,0,0,0,8.597959631000037,53.58233771000005,Lehe,Königsheide,POINT (8.597959631000037 53.58233771000005)
5258,11,2020,6,4,16,3,3,2,1,1,0,0,0,0,0,0,8.83616928500004,53.07153646200004,Östliche Vorstadt,Peterswerder,POINT (8.83616928500004 53.07153646200004)
5259,11,2020,6,5,8,3,5,2,1,0,0,0,0,1,0,1,8.902071825000064,53.07159422600006,Hemelingen,Sebaldsbrück,POINT (8.902071825000064 53.07159422600006)
5260,11,2020,6,5,11,2,3,6,1,0,0,0,0,0,0,0,8.854399296000054,53.088086204000035,Schwachhausen,Radio Bremen,POINT (8.854399296000054 53.08808620400004)
5261,11,2020,6,6,21,3,3,6,1,1,0,0,0,0,0,0,8.873274430000038,53.09130929200006,Horn-Lehe,Horn,POINT (8.873274430000038 53.09130929200006)
5262,11,2020,5,3,18,2,0,6,1,0,1,0,0,0,0,0,8.823416052000027,53.07231780200004,Östliche Vorstadt,Steintor,POINT (8.823416052000027 53.07231780200004)
5263,11,2020,5,4,8,3,5,2,1,1,0,0,0,0,0,0,8.842814849000035,53.072331355000074,Östliche Vorstadt,Peterswerder,POINT (8.842814849000035 53.07233135500007)
5264,11,2020,6,1,17,3,5,2,1,1,0,0,0,0,0,1,8.800506666000047,53.07851782300003,Mitte,Altstadt,POINT (8.800506666000047 53.07851782300003)
5265,11,2020,5,5,20,3,5,2,1,1,0,0,0,0,0,0,8.736418039000057,53.13367911000006,Gröpelingen,Oslebshausen,POINT (8.736418039000057 53.13367911000006)
5266,11,2020,6,1,17,3,0,7,1,0,0,0,0,0,0,0,8.805350307000026,53.07303053500004,Mitte,Altstadt,POINT (8.805350307000026 53.07303053500004)
5267,11,2020,6,4,15,3,5,3,1,1,0,0,0,0,0,0,8.734759853000071,53.08176596200008,Häfen,Neustädter Hafen,POINT (8.734759853000071 53.08176596200008)
5268,11,2020,5,4,17,3,5,3,1,1,0,0,0,0,0,0,8.844622257000026,53.07075376300003,Östliche Vorstadt,Peterswerder,POINT (8.844622257000026 53.07075376300003)
5269,12,2020,6,3,11,3,5,3,1,1,0,0,0,0,0,0,8.582250632000068,53.56070516700004,Lehe,Königsheide,POINT (8.582250632000068 53.56070516700004)
5270,12,2020,5,3,16,3,5,3,1,1,0,0,0,0,0,0,8.621255633000033,53.59047778200005,Leherheide,Fehmoor,POINT (8.621255633000033 53.59047778200005)
5271,11,2020,6,7,18,3,0,7,1,0,0,0,0,0,0,0,8.82318473600003,53.07296481000003,Mitte,Ostertor,POINT (8.82318473600003 53.07296481000003)
5272,11,2020,6,3,12,3,5,3,1,1,0,0,0,0,0,0,8.872450603000061,53.063185557000054,Hemelingen,Hastedt,POINT (8.872450603000061 53.06318555700005)
5273,11,2020,6,3,9,3,1,5,1,1,0,0,0,0,0,0,8.816191021000066,53.07784537200007,Mitte,Bahnhofsvorstadt,POINT (8.816191021000066 53.07784537200007)
5274,11,2020,6,6,15,3,1,5,1,1,0,0,0,0,0,0,8.857067415000074,53.082726654000055,Schwachhausen,Radio Bremen,POINT (8.857067415000074 53.08272665400006)
5275,11,2020,5,6,10,3,1,3,1,1,0,0,0,0,0,0,8.825058531000025,53.08459186600004,Schwachhausen,Bürgerpark,POINT (8.825058531000025 53.08459186600004)
5276,11,2020,6,3,15,3,4,6,1,1,0,0,0,0,0,0,8.811054373000047,53.05935869100006,Neustadt,Huckelriede,POINT (8.811054373000047 53.05935869100006)
5277,11,2020,5,3,8,2,1,5,1,0,0,0,1,0,0,0,8.79402574900007,53.101022975000035,Walle,Osterfeuerberg,POINT (8.79402574900007 53.10102297500003)
5278,12,2020,6,5,13,3,0,1,1,0,0,0,0,0,0,1,8.593840446000058,53.56110072300004,Lehe,Königsheide,POINT (8.593840446000058 53.56110072300004)
5279,11,2020,6,5,14,3,0,7,1,0,0,0,0,0,0,0,8.810809136000046,53.061518043000035,Neustadt,Huckelriede,POINT (8.810809136000046 53.06151804300004)
5280,11,2020,6,1,12,3,0,7,1,0,0,0,0,0,0,0,8.715370951000068,53.05258088700003,Huchting,Mittelshuchting,POINT (8.715370951000068 53.05258088700003)
5281,11,2020,5,5,16,3,6,4,1,0,1,0,0,0,0,0,8.852579767000066,53.060049434000064,Hemelingen,Hastedt,POINT (8.852579767000066 53.06004943400006)
5282,12,2020,6,2,13,3,5,3,1,1,0,0,0,0,0,0,8.573726050000062,53.55038504600003,Mitte,Weddewarden,POINT (8.573726050000062 53.55038504600003)
5283,11,2020,6,6,20,1,5,3,1,1,0,0,0,0,0,0,8.927703982000025,53.072531679000065,Osterholz,Ellener Feld,POINT (8.927703982000025 53.07253167900006)
5284,11,2020,5,5,11,3,5,3,1,1,0,0,0,0,0,0,8.807868288000066,53.077871110000046,Mitte,Altstadt,POINT (8.807868288000066 53.07787111000005)
5285,11,2020,6,3,9,2,9,1,1,0,1,0,0,0,0,0,8.894762107000076,53.097113583000066,Horn-Lehe,Lehesterdeich,POINT (8.894762107000076 53.09711358300007)
5286,11,2020,5,2,17,3,6,4,1,0,1,0,0,0,0,0,8.735482722000029,53.13397321400004,Gröpelingen,Oslebshausen,POINT (8.735482722000029 53.13397321400004)
5287,12,2020,6,4,18,3,5,2,1,1,0,0,0,0,0,0,8.596840389000022,53.568075090000036,Lehe,Königsheide,POINT (8.596840389000022 53.56807509000004)
5288,11,2020,6,5,15,2,0,7,1,0,0,0,0,0,0,1,8.787944048000043,53.08301414500005,Walle,Überseestadt,POINT (8.787944048000043 53.08301414500005)
5289,11,2020,6,2,11,3,4,6,1,0,0,0,0,0,0,0,8.818935640000063,53.10995233700004,Findorff,In den Hufen,POINT (8.818935640000063 53.10995233700004)
5290,11,2020,6,2,12,2,0,7,1,1,0,0,0,1,0,0,8.961261541000056,53.05738126400007,Osterholz,Osterholz,POINT (8.961261541000056 53.05738126400007)
5291,11,2020,5,7,12,3,0,7,1,0,0,0,0,1,0,0,8.803257534000068,53.07194323200008,Neustadt,Alte Neustadt,POINT (8.803257534000068 53.07194323200008)
5292,11,2020,6,5,16,3,1,5,1,1,0,0,0,0,0,0,8.825059400000043,53.07303323900004,Östliche Vorstadt,Steintor,POINT (8.825059400000043 53.07303323900004)
5293,11,2020,6,6,11,3,5,3,1,1,0,0,0,0,0,0,8.87895445600003,53.08574221600003,Vahr,Neue Vahr Nord,POINT (8.878954456000031 53.08574221600003)
5294,11,2020,6,2,6,2,5,2,1,0,0,0,0,1,0,0,8.867536278000046,53.07233388000003,Hemelingen,Hastedt,POINT (8.867536278000046 53.07233388000003)
5295,11,2020,5,2,15,3,4,6,1,0,0,0,0,0,0,0,8.791219864000027,53.09158079700006,Walle,Utbremen,POINT (8.791219864000027 53.09158079700006)
5296,11,2020,6,2,11,3,4,6,1,0,0,0,0,0,0,0,8.824262515000044,53.07841005300003,Östliche Vorstadt,Fesenfeld,POINT (8.824262515000044 53.07841005300003)
5297,11,2020,6,4,12,3,1,5,1,1,0,0,0,0,0,0,8.802717311000038,53.06728817700008,Neustadt,Buntentor,POINT (8.802717311000038 53.06728817700008)
5298,11,2020,5,5,15,3,0,7,1,0,0,0,0,0,0,0,8.876039972000058,53.08200485300006,Vahr,Neue Vahr Südwest,POINT (8.876039972000058 53.08200485300006)
5299,11,2020,7,5,8,3,5,2,1,1,0,0,0,0,0,1,8.868021648000024,53.07293490700005,Hemelingen,Hastedt,POINT (8.868021648000024 53.07293490700005)
5300,11,2020,6,4,18,3,5,3,1,1,0,0,0,0,0,0,8.799446851000027,53.06552990100005,Neustadt,Buntentor,POINT (8.799446851000027 53.06552990100005)
5301,11,2020,6,5,12,3,5,3,1,1,0,0,0,0,0,1,8.678270263000059,53.173914866000075,Burglesum,Lesum,POINT (8.678270263000059 53.17391486600008)
5302,11,2020,6,2,11,3,0,7,1,1,0,0,0,0,0,0,8.825768866000033,53.07502955400008,Östliche Vorstadt,Steintor,POINT (8.825768866000033 53.07502955400008)
5303,11,2020,5,7,9,3,5,3,1,0,0,0,0,1,0,0,8.838008426000044,53.06789460500005,Östliche Vorstadt,Peterswerder,POINT (8.838008426000044 53.06789460500005)
5304,11,2020,6,4,17,3,5,2,1,1,0,0,0,0,0,0,8.81950570600003,53.080542308000076,Mitte,Bahnhofsvorstadt,POINT (8.819505706000029 53.08054230800008)
5305,11,2020,6,5,16,3,3,2,1,0,0,0,0,1,0,1,8.788466085000039,53.09841665400006,Walle,Westend,POINT (8.788466085000039 53.09841665400006)
5306,11,2020,6,1,14,3,0,1,1,0,0,0,0,0,0,0,8.736861232000024,53.04561461600008,Huchting,Kirchhuchting,POINT (8.736861232000024 53.04561461600008)
5307,11,2020,5,2,7,3,5,2,1,0,0,0,0,0,0,0,8.89977192400005,53.12130674900004,,Borgfeld,POINT (8.899771924000049 53.12130674900004)
5308,11,2020,6,1,15,3,0,7,1,0,0,0,0,0,0,1,8.802728839000054,53.06728096100005,Neustadt,Buntentor,POINT (8.802728839000054 53.06728096100005)
5309,11,2020,7,4,13,2,0,4,1,0,1,0,0,0,0,1,8.809691157000032,53.07617796900007,Mitte,Altstadt,POINT (8.809691157000032 53.07617796900007)
5310,11,2020,6,4,22,2,0,1,1,0,0,0,0,0,2,0,8.833400813000026,53.07926977500006,Schwachhausen,Gete,POINT (8.833400813000026 53.07926977500006)
5311,12,2020,6,7,17,3,5,3,1,1,0,0,0,0,0,1,8.624891199000047,53.529370845000074,Schiffdorferdamm,Buschkämpen,POINT (8.624891199000047 53.52937084500007)
5312,11,2020,6,4,10,3,0,7,1,0,0,0,0,0,0,0,8.862933824000038,53.09038573300006,Schwachhausen,Riensberg,POINT (8.862933824000038 53.09038573300006)
5313,11,2020,5,6,19,3,6,4,1,0,1,0,0,0,1,0,8.620507372000077,53.171976932000064,Vegesack,Vegesack,POINT (8.620507372000077 53.17197693200006)
5314,11,2020,6,5,10,3,5,3,1,1,0,0,0,0,0,1,8.797863513000038,53.07069863100003,Neustadt,Alte Neustadt,POINT (8.797863513000038 53.07069863100003)
5315,12,2020,6,1,2,2,0,7,1,0,0,0,0,0,2,1,8.592750698000032,53.56925040400006,Lehe,Königsheide,POINT (8.592750698000032 53.56925040400006)
5316,11,2020,5,1,18,3,4,6,1,0,0,0,0,0,0,1,8.837463842000034,53.03793320500006,Obervieland,Arsten,POINT (8.837463842000034 53.03793320500006)
5317,12,2020,5,6,18,3,0,7,1,0,0,0,0,0,0,0,8.549843508000038,53.58033773800008,Häfen,Speckenbüttel,POINT (8.549843508000038 53.58033773800008)
5318,11,2020,6,4,13,3,0,7,1,0,0,0,0,0,0,0,8.65138620600004,53.174035711000045,Vegesack,Schönebeck,POINT (8.651386206000041 53.17403571100004)
5319,11,2020,5,1,12,3,5,3,1,1,0,0,0,0,0,0,8.627611152000043,53.18379124000006,Vegesack,Aumund-Hammersbeck,POINT (8.627611152000043 53.18379124000006)
5320,11,2020,6,1,17,3,1,5,1,1,0,0,0,0,0,0,8.844720038000048,53.06834552400005,Östliche Vorstadt,Peterswerder,POINT (8.844720038000048 53.06834552400005)
5321,11,2020,5,1,12,3,0,7,1,0,0,0,0,0,0,0,8.829290204000074,53.07796359300005,Östliche Vorstadt,Fesenfeld,POINT (8.829290204000074 53.07796359300005)
5322,11,2020,6,3,20,3,5,2,1,1,0,0,0,0,0,0,8.553668304000041,53.19617312500003,Blumenthal,Lüssum-Bockhorn,POINT (8.553668304000041 53.19617312500003)
5323,11,2020,6,4,18,3,0,1,1,0,0,0,0,0,0,0,8.827629686000023,53.07257019800005,Östliche Vorstadt,Steintor,POINT (8.827629686000023 53.07257019800005)
5324,11,2020,7,5,20,3,5,3,1,1,0,0,0,0,0,0,8.798964764000061,53.07940548900007,Mitte,Altstadt,POINT (8.798964764000061 53.07940548900007)
5325,11,2020,6,5,16,3,1,5,1,1,0,0,0,0,0,1,8.810712273000036,53.080319366000026,Mitte,Bahnhofsvorstadt,POINT (8.810712273000036 53.08031936600003)
5326,11,2020,5,7,11,3,6,4,1,0,1,0,0,0,0,0,8.79268414300003,53.06434285500006,Neustadt,Südervorstadt,POINT (8.792684143000031 53.06434285500006)
5327,11,2020,6,5,15,3,6,4,1,0,1,0,0,0,0,1,8.816717496000024,53.07303671900007,Mitte,Ostertor,POINT (8.816717496000024 53.07303671900007)
5328,11,2020,7,6,7,3,5,2,1,1,0,0,0,0,0,1,8.924683304000041,53.07311321900005,Osterholz,Blockdiek,POINT (8.924683304000041 53.07311321900005)
5329,11,2020,5,7,21,3,5,3,1,1,0,0,0,0,2,0,8.796410510000044,53.071889319000036,Neustadt,Alte Neustadt,POINT (8.796410510000044 53.07188931900004)
5330,11,2020,6,6,8,3,4,6,1,1,0,0,0,0,0,0,8.754461838000054,53.12395690900007,Gröpelingen,Ohlenhof,POINT (8.754461838000054 53.12395690900007)
5331,11,2020,6,6,16,3,5,2,1,1,0,0,0,0,0,0,8.855054361000043,53.07856041700006,Schwachhausen,Gete,POINT (8.855054361000043 53.07856041700006)
5332,11,2020,5,5,20,3,3,3,1,0,0,0,0,1,0,0,8.825017158000037,53.08457983900007,Schwachhausen,Bürgerpark,POINT (8.825017158000037 53.08457983900007)
5333,11,2020,6,3,9,3,5,2,1,1,0,0,0,0,0,0,8.778824761000067,53.06256442400007,Neustadt,Neuenland,POINT (8.778824761000067 53.06256442400007)
5334,11,2020,5,7,16,3,5,3,1,1,0,0,0,0,0,0,8.876507705000051,53.08103292800007,Vahr,Gartenstadt Vahr,POINT (8.876507705000051 53.08103292800007)
5335,11,2020,5,7,10,3,5,3,1,0,0,0,0,0,0,0,8.80936964500006,53.08851071000004,Findorff,Findorff-Bürgerweide,POINT (8.809369645000061 53.08851071000004)
5336,11,2020,6,2,14,3,0,7,1,0,0,0,0,0,0,0,8.887091948000034,53.07029530500006,Hemelingen,Sebaldsbrück,POINT (8.887091948000034 53.07029530500006)
5337,11,2020,6,5,10,3,4,6,1,1,0,0,0,0,0,0,8.802073095000026,53.09441745400005,Findorff,Regensburger Str.,POINT (8.802073095000026 53.09441745400005)
5338,11,2020,6,6,18,3,4,2,1,1,0,0,0,0,0,0,8.779358721000051,53.100165324000045,Walle,Walle,POINT (8.779358721000051 53.10016532400005)
5339,11,2020,6,5,13,3,5,3,1,1,0,0,0,0,0,0,8.729712733000042,53.17824086200005,Burglesum,Burgdamm,POINT (8.729712733000042 53.17824086200005)
5340,11,2020,5,7,18,3,5,3,1,0,0,0,0,1,0,0,8.899019131000045,53.12975531500007,,Borgfeld,POINT (8.899019131000045 53.12975531500007)
5341,11,2020,6,2,20,3,5,3,1,1,0,0,0,0,0,0,8.628528542000026,53.175472213000035,Vegesack,Vegesack,POINT (8.628528542000026 53.17547221300003)
5342,11,2020,6,4,7,3,0,3,1,0,0,0,0,0,0,0,8.883618635000062,53.12121011900007,Horn-Lehe,Lehesterdeich,POINT (8.883618635000062 53.12121011900007)
5343,11,2020,6,4,20,3,4,6,1,1,0,0,0,0,0,0,8.800684190000027,53.07109621800004,Neustadt,Alte Neustadt,POINT (8.800684190000027 53.07109621800004)
5344,11,2020,6,5,11,3,5,3,1,1,0,0,0,0,0,1,8.740533410000069,53.05426079500006,Huchting,Mittelshuchting,POINT (8.740533410000069 53.05426079500006)
5345,11,2020,6,1,15,3,5,3,1,0,0,0,0,0,0,0,8.816469380000058,53.03928889300005,Obervieland,Kattenturm,POINT (8.816469380000058 53.03928889300005)
5346,11,2020,8,5,15,3,5,3,1,1,0,0,0,0,0,0,8.824542505000068,53.08418739500007,Schwachhausen,Barkhof,POINT (8.824542505000068 53.08418739500007)
5347,11,2020,8,6,21,2,6,7,1,0,1,0,0,0,2,0,8.824594711000032,53.068912631000046,Mitte,Ostertor,POINT (8.824594711000032 53.06891263100005)
5348,11,2020,8,4,13,3,5,2,1,1,0,0,0,0,0,0,8.894386201000032,53.05442682800003,Hemelingen,Hemelingen,POINT (8.894386201000032 53.05442682800003)
5349,12,2020,8,4,16,3,0,7,1,1,0,0,0,0,0,1,8.569243151000023,53.55498890400003,Mitte,Weddewarden,POINT (8.569243151000023 53.55498890400003)
5350,11,2020,8,4,13,3,2,6,1,1,0,0,0,0,0,0,8.788393941000038,53.07346921200008,Neustadt,Alte Neustadt,POINT (8.788393941000038 53.07346921200008)
5351,12,2020,7,1,7,3,5,2,1,1,0,0,0,0,0,0,8.638658204000023,53.530912760000035,Schiffdorferdamm,Buschkämpen,POINT (8.638658204000023 53.53091276000004)