,UKREIS,UJAHR,UMONAT,UWOCHENTAG,USTUNDE,UKATEGORIE,UART,UTYP1,IstRad,IstPKW,IstFuss,IstKrad,IstGkfz,IstSonstig,ULICHTVERH,STRZUSTAND,longitude,latitude,Stadtteil,Ortsteil,geometry
5352,11,2020,8,4,7,2,4,6,1,0,0,0,0,0,0,0,8.87085025700003,53.08742640100007,Schwachhausen,Radio Bremen,POINT (8.870850257000029 53.08742640100007)
5353,11,2020,8,1,14,3,2,6,1,1,0,0,0,0,0,0,8.70745138500007,53.16127161000003,Burglesum,Burgdamm,POINT (8.70745138500007 53.16127161000003)
5354,11,2020,8,4,8,2,1,5,1,1,0,0,0,0,0,0,8.898131226000032,53.06834516300006,Hemelingen,Sebaldsbrück,POINT (8.898131226000032 53.06834516300006)
5355,11,2020,8,4,12,3,3,6,1,0,0,0,0,0,0,0,8.704211537000049,53.15686740600006,Burglesum,Burg-Grambke,POINT (8.704211537000049 53.15686740600006)
5356,11,2020,7,1,13,3,0,7,1,0,0,0,0,0,0,0,8.819349097000043,53.16148650100007,,Blockland,POINT (8.819349097000043 53.16148650100007)
5357,12,2020,8,3,7,3,5,2,1,0,0,0,1,0,0,0,8.597842401000037,53.581952012000045,Lehe,Königsheide,POINT (8.597842401000037 53.58195201200004)
5358,11,2020,8,3,2,3,0,7,1,0,0,0,0,0,2,1,8.753830478000054,53.12048849000007,Gröpelingen,Ohlenhof,POINT (8.753830478000054 53.12048849000007)
5359,11,2020,8,3,13,3,4,2,1,1,0,0,0,0,0,0,8.808231135000028,53.09466125400007,Findorff,Weidedamm,POINT (8.808231135000028 53.09466125400007)
5360,11,2020,8,3,12,2,0,7,1,0,0,0,0,0,0,0,8.686149817000057,53.171074186000055,Burglesum,Lesum,POINT (8.686149817000057 53.17107418600006)
5361,11,2020,7,1,15,3,3,6,1,0,0,0,0,0,0,0,8.630553736000024,53.15678429400003,Burglesum,Werderland,POINT (8.630553736000024 53.15678429400003)
5362,11,2020,8,7,16,3,5,3,1,1,0,0,0,0,0,0,8.767181569000059,53.11171996000007,Gröpelingen,Lindenhof,POINT (8.767181569000059 53.11171996000007)
5363,11,2020,8,3,15,3,5,3,1,1,0,0,0,0,0,0,8.863025408000055,53.071474866000074,Hemelingen,Hastedt,POINT (8.863025408000055 53.07147486600007)
5364,11,2020,8,3,9,3,0,7,1,0,0,0,0,0,0,0,8.936348830000043,53.06179975300006,Osterholz,Ellenerbrok-Schevemoor,POINT (8.936348830000043 53.06179975300006)
5365,11,2020,8,3,21,3,1,7,1,1,0,0,0,0,1,0,8.833849462000046,53.074004897000066,Östliche Vorstadt,Fesenfeld,POINT (8.833849462000046 53.07400489700007)
5366,12,2020,8,2,8,3,5,3,1,1,0,0,0,0,0,0,8.604050007000069,53.57439823400006,Lehe,Königsheide,POINT (8.604050007000069 53.57439823400006)
5367,11,2020,8,7,12,3,0,7,1,0,0,0,0,0,0,0,8.618696790000058,53.17683490100006,Vegesack,Vegesack,POINT (8.618696790000058 53.17683490100006)
5368,11,2020,8,6,21,3,5,3,1,1,0,0,0,0,1,0,8.888184240000044,53.04624563900006,Hemelingen,Hemelingen,POINT (8.888184240000044 53.04624563900006)
5369,11,2020,8,2,23,3,5,3,1,1,0,0,0,0,2,0,8.825186612000039,53.08453498600005,Schwachhausen,Bürgerpark,POINT (8.825186612000039 53.08453498600005)
5370,11,2020,8,6,11,2,5,3,1,1,0,0,0,0,0,0,8.826194542000053,53.03433529600005,Obervieland,Kattenturm,POINT (8.826194542000053 53.03433529600005)
5371,11,2020,8,1,3,3,0,7,1,0,0,0,0,0,2,0,8.801167785000075,53.06825011400008,Neustadt,Südervorstadt,POINT (8.801167785000075 53.06825011400008)
5372,12,2020,8,1,20,2,2,6,1,1,0,0,0,0,1,0,8.57551439200006,53.531384192000075,Geestemünde,Buschkämpen,POINT (8.575514392000059 53.53138419200008)
5373,11,2020,7,1,12,3,3,6,1,0,0,0,0,0,0,0,8.93015803700007,53.11951387600004,,,POINT (8.930158037000069 53.11951387600004)
5374,11,2020,8,6,17,3,0,7,1,0,0,0,0,0,0,0,8.81611027200006,53.10355315900006,Findorff,In den Hufen,POINT (8.81611027200006 53.10355315900006)
5375,11,2020,7,1,18,3,0,1,1,0,1,0,0,0,0,0,8.854101110000045,53.03055811400003,Obervieland,Arsten,POINT (8.854101110000045 53.03055811400003)
5376,12,2020,8,7,19,3,8,1,1,0,0,0,0,0,0,0,8.56918851100005,53.58759302500005,Lehe,Königsheide,POINT (8.56918851100005 53.58759302500005)
5377,11,2020,8,2,16,3,5,2,1,1,0,0,0,0,0,0,8.963400018000073,53.05737514800006,Osterholz,Osterholz,POINT (8.963400018000073 53.05737514800006)
5378,11,2020,8,7,15,2,0,3,1,0,0,0,0,1,0,0,8.758857822000039,53.11599532200006,Gröpelingen,Lindenhof,POINT (8.758857822000039 53.11599532200006)
5379,11,2020,8,7,14,3,0,1,1,0,0,0,0,0,0,1,8.818589634000034,53.072460557000056,Mitte,Ostertor,POINT (8.818589634000034 53.07246055700006)
5380,11,2020,8,6,11,3,5,3,1,1,0,0,0,0,0,0,8.89748922900003,53.044300289000034,Hemelingen,Hemelingen,POINT (8.89748922900003 53.04430028900003)
5381,12,2020,7,7,18,3,5,3,1,1,0,0,0,0,0,0,8.60669561700007,53.53044571800007,Geestemünde,Buschkämpen,POINT (8.606695617000071 53.53044571800007)
5382,11,2020,8,6,8,3,4,6,1,1,0,0,0,0,0,0,8.748906224000052,53.12495444100006,Gröpelingen,Ohlenhof,POINT (8.748906224000052 53.12495444100006)
5383,11,2020,8,7,13,3,0,1,1,0,0,0,0,0,0,1,8.818035785000063,53.07239866300006,Mitte,Ostertor,POINT (8.818035785000063 53.07239866300006)
5384,11,2020,8,5,5,3,0,2,1,0,0,0,0,1,0,1,8.773036534000028,53.077636435000045,Woltmershausen,Woltmershausen,POINT (8.773036534000028 53.07763643500004)
5385,11,2020,8,7,9,3,5,2,1,1,0,0,0,0,0,0,8.619265212000073,53.182106297000075,Vegesack,Fähr-Lobbendorf,POINT (8.619265212000073 53.18210629700008)
5386,12,2020,8,6,15,3,5,3,1,1,0,0,0,0,0,0,8.584514443000046,53.55889752200005,Lehe,Königsheide,POINT (8.584514443000046 53.55889752200005)
5387,12,2020,7,6,12,3,5,2,1,1,0,0,0,0,0,0,8.582971841000074,53.56079780600004,Lehe,Königsheide,POINT (8.582971841000074 53.56079780600004)
5388,11,2020,8,5,9,3,5,3,1,1,0,0,0,0,0,0,8.894404375000022,53.05132070700006,Hemelingen,Hemelingen,POINT (8.894404375000022 53.05132070700006)
5389,11,2020,7,6,13,2,0,7,1,0,0,0,0,0,0,0,8.766993938000041,53.10172166400008,Walle,Überseestadt,POINT (8.766993938000041 53.10172166400008)
5390,11,2020,8,5,14,3,0,7,1,0,0,0,0,1,0,0,8.80396459700006,53.07230259900007,Neustadt,Alte Neustadt,POINT (8.803964597000061 53.07230259900007)
5391,11,2020,7,7,9,3,5,3,1,1,0,0,0,0,0,0,8.875439731000029,53.082166373000064,Vahr,Gartenstadt Vahr,POINT (8.875439731000029 53.08216637300006)
5392,11,2020,8,6,17,3,4,1,1,1,0,0,0,0,0,0,8.845282998000073,53.097185711000066,Schwachhausen,Neu-Schwachhausen,POINT (8.845282998000073 53.09718571100007)
5393,11,2020,7,6,21,2,3,6,1,1,0,0,0,0,2,0,8.84115924200006,53.06926743400004,Östliche Vorstadt,Peterswerder,POINT (8.84115924200006 53.06926743400004)
5394,11,2020,7,6,18,3,6,7,1,0,1,0,0,0,0,0,8.852567503000046,53.05989086300008,Hemelingen,Hastedt,POINT (8.852567503000046 53.05989086300008)
5395,11,2020,7,6,19,3,4,6,1,1,0,0,0,0,0,0,8.822566292000033,53.07493651200008,Mitte,Ostertor,POINT (8.822566292000033 53.07493651200008)
5396,12,2020,8,7,13,3,2,6,1,0,0,0,0,1,0,0,8.59796052200005,53.58218220100008,Lehe,Königsheide,POINT (8.597960522000051 53.58218220100008)
5397,12,2020,7,5,10,3,5,3,1,1,0,0,0,0,0,0,8.600114849000022,53.55865412800006,Lehe,Königsheide,POINT (8.600114849000022 53.55865412800006)
5398,11,2020,7,7,13,3,5,3,1,1,0,0,0,0,0,1,8.63912866100003,53.17320637800003,Vegesack,Schönebeck,POINT (8.639128661000029 53.17320637800003)
5399,11,2020,7,5,20,3,4,6,1,0,0,0,0,0,0,0,8.776091910000048,53.079589716000044,Woltmershausen,Woltmershausen,POINT (8.776091910000048 53.07958971600004)
5400,11,2020,8,3,13,3,6,4,1,0,1,0,0,0,0,1,8.940743000000055,53.07854852400004,,,POINT (8.940743000000055 53.07854852400004)
5401,11,2020,7,7,19,3,5,3,1,1,0,0,0,0,0,0,8.876461494000068,53.081017933000055,Vahr,Gartenstadt Vahr,POINT (8.876461494000068 53.08101793300006)
5402,12,2020,8,3,11,2,5,3,1,1,0,0,0,0,0,0,8.593524642000034,53.57021368000005,Lehe,Königsheide,POINT (8.593524642000034 53.57021368000005)
5403,11,2020,7,5,11,3,3,6,1,1,0,1,0,0,0,0,8.820768817000044,53.07270677400004,Mitte,Ostertor,POINT (8.820768817000044 53.07270677400004)
5404,11,2020,8,7,9,3,5,3,1,1,0,0,0,0,0,0,8.770065313000032,53.09523627600004,Walle,Überseestadt,POINT (8.770065313000032 53.09523627600004)
5405,11,2020,7,5,8,3,5,2,1,1,0,0,0,0,0,0,8.82078109300005,53.05127744200007,Neustadt,Huckelriede,POINT (8.820781093000051 53.05127744200007)
5406,11,2020,7,6,13,3,0,7,1,1,0,0,0,0,0,1,8.836670723000054,53.07166928200007,Östliche Vorstadt,Peterswerder,POINT (8.836670723000054 53.07166928200007)
5407,11,2020,7,4,13,3,0,5,1,0,0,0,0,1,0,0,8.775763251000058,53.09055631500007,Walle,Überseestadt,POINT (8.775763251000058 53.09055631500007)
5408,11,2020,7,4,10,3,0,7,1,1,0,0,0,0,0,0,8.840552918000071,53.06940214200006,Östliche Vorstadt,Peterswerder,POINT (8.840552918000071 53.06940214200006)
5409,11,2020,8,5,18,2,5,3,1,0,0,0,0,0,0,0,8.76535222700005,53.11856364200003,Gröpelingen,Gröpelingen,POINT (8.765352227000051 53.11856364200003)
5410,11,2020,8,7,1,2,0,7,1,0,0,0,0,0,2,0,8.801710786000058,53.07052456200006,Neustadt,Alte Neustadt,POINT (8.801710786000058 53.07052456200006)
5411,11,2020,7,3,10,3,5,2,1,1,0,0,0,0,0,1,8.78807512000003,53.06289365400005,Neustadt,Südervorstadt,POINT (8.78807512000003 53.06289365400005)
5412,11,2020,7,3,22,3,0,5,1,1,0,0,0,0,2,0,8.826416178000045,53.072930487000065,Östliche Vorstadt,Steintor,POINT (8.826416178000045 53.07293048700006)
5413,12,2020,8,1,15,3,8,1,1,0,0,0,0,0,0,0,8.591822883000077,53.57982816800006,Lehe,Königsheide,POINT (8.591822883000077 53.57982816800006)
5414,12,2020,7,2,14,3,5,7,1,0,0,0,0,0,0,0,8.58406495500003,53.538163816000065,Geestemünde,Buschkämpen,POINT (8.584064955000031 53.53816381600006)
5415,11,2020,7,2,14,3,3,6,1,0,0,0,0,0,0,0,8.884522583000035,53.07284320800005,Hemelingen,Sebaldsbrück,POINT (8.884522583000035 53.07284320800005)
5416,11,2020,8,4,17,3,4,2,1,1,0,0,0,0,0,0,8.812615746000063,53.08083300800007,Mitte,Bahnhofsvorstadt,POINT (8.812615746000063 53.08083300800007)
5417,11,2020,8,6,13,3,5,3,1,1,0,0,0,0,0,0,8.848709171000053,53.07148105200008,Östliche Vorstadt,Peterswerder,POINT (8.848709171000053 53.07148105200008)
5418,11,2020,8,6,18,3,5,3,1,1,0,0,0,0,0,0,8.79215004200006,53.10336425200006,Walle,Osterfeuerberg,POINT (8.79215004200006 53.10336425200006)
5419,11,2020,7,2,13,3,3,6,1,1,0,0,0,0,0,0,8.91065982300006,53.12439972200008,,Borgfeld,POINT (8.91065982300006 53.12439972200008)
5420,11,2020,8,6,13,2,5,2,1,1,0,0,1,0,0,0,8.95977330900007,53.039161955000054,Hemelingen,Mahndorf,POINT (8.95977330900007 53.03916195500005)
5421,12,2020,7,1,14,3,5,2,1,1,0,0,0,0,0,0,8.579942439000035,53.54590218700008,Mitte,Weddewarden,POINT (8.579942439000035 53.54590218700008)
5422,12,2020,8,7,19,3,5,3,1,1,0,0,0,0,0,0,8.594715051000037,53.512227075000055,Wulsdorf,Geestemünde-Süd,POINT (8.594715051000037 53.51222707500006)
5423,12,2020,7,1,17,3,5,3,1,1,0,0,0,0,0,0,8.601552671000036,53.50608638700004,Wulsdorf,Geestemünde-Süd,POINT (8.601552671000036 53.50608638700004)
5424,11,2020,8,7,13,3,5,2,1,1,0,0,0,0,0,0,8.801341103000027,53.07148033300007,Neustadt,Alte Neustadt,POINT (8.801341103000027 53.07148033300007)
5425,11,2020,8,3,10,2,5,3,1,1,0,0,0,0,0,0,8.805135532000065,53.07305800800003,Mitte,Altstadt,POINT (8.805135532000065 53.07305800800003)
5426,11,2020,8,4,11,3,5,3,1,1,0,0,0,0,0,0,8.856559610000033,53.071365239000045,Hemelingen,Hastedt,POINT (8.856559610000033 53.07136523900004)
5427,11,2020,7,6,11,3,5,3,1,1,0,0,0,0,0,0,8.870920044000059,53.08752424900007,Schwachhausen,Radio Bremen,POINT (8.870920044000059 53.08752424900007)
5428,12,2020,8,5,15,3,9,1,1,0,0,0,0,0,0,0,8.607610660000034,53.53531311900008,Geestemünde,Buschkämpen,POINT (8.607610660000034 53.53531311900008)
5429,11,2020,8,4,11,2,0,7,1,0,0,0,0,0,0,1,8.88081663500003,53.10154860400007,Horn-Lehe,Lehe,POINT (8.880816635000031 53.10154860400007)
5430,11,2020,8,6,0,3,0,7,1,0,0,0,0,1,0,1,8.62170837800005,53.170008488000065,Vegesack,Vegesack,POINT (8.621708378000051 53.17000848800006)
5431,11,2020,7,6,11,3,4,3,1,0,0,0,0,0,0,0,8.800479677000055,53.07849918800008,Mitte,Altstadt,POINT (8.800479677000055 53.07849918800008)
5432,12,2020,7,5,23,3,5,3,1,1,0,0,0,0,2,1,8.609741900000074,53.507562664000034,Wulsdorf,Geestemünde-Süd,POINT (8.609741900000074 53.50756266400003)
5433,11,2020,7,6,15,3,0,7,1,1,0,0,0,0,0,0,8.78765349400004,53.076392027000054,Neustadt,Alte Neustadt,POINT (8.78765349400004 53.07639202700005)
5434,11,2020,8,3,18,3,5,3,1,1,0,0,0,0,0,0,8.688703037000039,53.16850549500003,Burglesum,Lesum,POINT (8.688703037000039 53.16850549500003)
5435,11,2020,7,5,5,3,5,2,1,0,0,0,1,0,2,1,8.844872753000061,53.03365680400003,Obervieland,Arsten,POINT (8.844872753000061 53.03365680400003)
5436,11,2020,7,6,14,3,5,3,1,1,0,0,0,0,0,0,8.788175757000033,53.069511187000046,Neustadt,Neustadt,POINT (8.788175757000033 53.06951118700005)
5437,11,2020,8,5,8,3,0,1,1,0,0,0,1,0,0,0,8.831100973000048,53.08583360000006,Schwachhausen,Bürgerpark,POINT (8.831100973000048 53.08583360000006)
5438,11,2020,7,5,20,3,4,6,1,1,0,0,0,0,1,0,8.880854355000054,53.05664275400005,Hemelingen,Hemelingen,POINT (8.880854355000054 53.05664275400005)
5439,11,2020,7,5,18,3,5,3,1,1,0,0,0,0,0,0,8.835609103000024,53.07378229100004,Östliche Vorstadt,Steintor,POINT (8.835609103000024 53.07378229100004)
5440,11,2020,7,5,13,3,4,2,1,1,0,0,0,0,0,0,8.869182383000066,53.07428331700004,Vahr,Gartenstadt Vahr,POINT (8.869182383000066 53.07428331700004)
5441,11,2020,8,7,5,3,1,7,1,1,0,0,0,0,2,0,8.821390257000076,53.09568670600004,Findorff,Weidedamm,POINT (8.821390257000076 53.09568670600004)
5442,11,2020,7,5,16,3,5,2,1,1,0,0,0,0,0,0,8.833360869000046,53.070663240000044,Östliche Vorstadt,Steintor,POINT (8.833360869000046 53.07066324000004)
5443,11,2020,8,3,16,3,5,3,1,1,0,0,0,0,0,0,8.816555483000059,53.08412197200005,Schwachhausen,Barkhof,POINT (8.816555483000059 53.08412197200005)
5444,11,2020,8,3,17,3,2,6,1,1,0,0,0,0,0,1,8.82968579900006,53.07453975400006,Östliche Vorstadt,Steintor,POINT (8.82968579900006 53.07453975400006)
5445,12,2020,8,4,18,3,8,1,1,0,0,0,0,0,0,0,8.600711686000068,53.56079542400005,Lehe,Königsheide,POINT (8.600711686000068 53.56079542400005)
5446,11,2020,8,5,14,3,5,2,1,1,0,0,0,0,0,0,8.619370372000049,53.184070347000045,Vegesack,Fähr-Lobbendorf,POINT (8.619370372000049 53.18407034700004)
5447,11,2020,7,4,13,3,3,6,1,0,0,0,0,0,0,0,8.856417007000061,53.06675602800004,Hemelingen,Hastedt,POINT (8.856417007000061 53.06675602800004)
5448,12,2020,7,3,10,3,5,3,1,0,0,0,0,1,0,0,8.625998091000042,53.49709266900004,Wulsdorf,Geestemünde-Süd,POINT (8.625998091000042 53.49709266900004)
5449,11,2020,7,3,19,3,5,3,1,0,0,0,0,0,0,0,8.780358112000044,53.10547634100004,Walle,Walle,POINT (8.780358112000044 53.10547634100004)
5450,11,2020,8,2,16,3,5,3,1,1,0,0,0,0,0,0,8.891711182000051,53.04942031200005,Hemelingen,Hemelingen,POINT (8.891711182000051 53.04942031200005)
5451,11,2020,7,5,7,3,5,2,1,1,0,0,0,0,0,1,8.897721525000065,53.059083412000064,Hemelingen,Sebaldsbrück,POINT (8.897721525000065 53.05908341200006)
5452,11,2020,8,2,18,3,5,3,1,1,0,0,0,0,0,0,8.854778302000057,53.067734478000034,Östliche Vorstadt,Peterswerder,POINT (8.854778302000057 53.06773447800003)
5453,11,2020,7,3,10,2,4,2,1,1,0,0,0,0,0,0,8.714407951000055,53.18017343900004,Burglesum,Burgdamm,POINT (8.714407951000055 53.18017343900004)
5454,11,2020,8,4,19,3,6,4,1,0,1,0,0,0,0,0,8.785451075000026,53.09672915500005,Walle,Westend,POINT (8.785451075000026 53.09672915500005)
5455,11,2020,7,3,7,3,5,2,1,1,0,0,0,0,0,0,8.819520664000038,53.08051821500004,Mitte,Ostertor,POINT (8.819520664000038 53.08051821500004)
5456,11,2020,8,6,9,3,1,6,1,1,0,0,0,0,0,0,8.81055176500007,53.09542712800004,Findorff,Weidedamm,POINT (8.810551765000071 53.09542712800004)
5457,11,2020,7,5,7,3,5,3,1,1,0,0,0,0,0,1,8.87305126900003,53.06701239800003,Hemelingen,Hastedt,POINT (8.87305126900003 53.06701239800003)
5458,11,2020,8,5,19,2,5,3,1,1,0,0,0,0,0,0,8.79581382400005,53.10628981500008,Walle,Hohweg,POINT (8.795813824000049 53.10628981500008)
5459,12,2020,7,2,18,3,5,3,1,1,0,0,0,0,0,0,8.607589604000054,53.535229420000064,Geestemünde,Buschkämpen,POINT (8.607589604000054 53.53522942000006)
5460,11,2020,8,5,17,3,6,7,1,0,1,0,0,0,0,0,8.795194920000029,53.074074609000036,Neustadt,Alte Neustadt,POINT (8.795194920000029 53.07407460900004)
5461,11,2020,8,7,10,3,5,3,1,1,0,0,0,0,0,0,8.618977125000072,53.18408611900003,Vegesack,Aumund-Hammersbeck,POINT (8.618977125000072 53.18408611900003)
5462,11,2020,8,6,23,3,5,3,1,1,0,0,0,0,2,0,8.810189654000055,53.08154705100003,Mitte,Bahnhofsvorstadt,POINT (8.810189654000055 53.08154705100003)
5463,11,2020,7,2,14,3,5,7,1,1,0,0,0,0,0,0,8.81522792800007,53.02956555900005,Obervieland,Kattenesch,POINT (8.81522792800007 53.02956555900005)
5464,11,2020,7,2,16,3,1,5,1,1,0,0,0,0,0,0,8.775743291000026,53.09056586100007,Walle,Überseestadt,POINT (8.775743291000026 53.09056586100007)
5465,11,2020,8,4,0,2,0,7,1,0,0,0,0,0,2,1,8.812286304000054,53.07638425200008,Mitte,Altstadt,POINT (8.812286304000054 53.07638425200008)
5466,11,2020,8,5,18,3,5,2,1,1,0,0,0,0,0,0,8.930532349000032,53.05903891200006,Osterholz,Ellenerbrok-Schevemoor,POINT (8.930532349000032 53.05903891200006)
5467,11,2020,7,2,19,3,1,5,1,1,0,0,0,0,0,0,8.766942630000074,53.08413353800006,Woltmershausen,Woltmershausen,POINT (8.766942630000074 53.08413353800006)
5468,11,2020,8,5,16,2,5,3,1,1,0,0,0,0,0,0,8.803221141000051,53.07221882400006,Neustadt,Alte Neustadt,POINT (8.803221141000051 53.07221882400006)
5469,11,2020,7,5,16,3,5,3,1,1,0,0,0,0,0,1,8.827757313000063,53.08303349000005,Schwachhausen,Bürgerpark,POINT (8.827757313000063 53.08303349000005)
5470,11,2020,8,5,10,3,5,3,1,1,0,0,0,0,0,0,8.72858990100002,53.03890042200004,Huchting,Kirchhuchting,POINT (8.728589901000021 53.03890042200004)
5471,11,2020,8,4,12,3,3,6,1,1,0,0,0,0,0,1,8.811126108000053,53.076223851000066,Mitte,Altstadt,POINT (8.811126108000053 53.07622385100007)
5472,12,2020,7,1,13,3,0,1,1,0,0,0,0,0,0,0,8.59869425900007,53.536139227000035,Geestemünde,Buschkämpen,POINT (8.598694259000069 53.53613922700004)
5473,11,2020,8,6,20,3,0,7,1,0,0,0,0,0,1,1,8.788832734000039,53.09410001300006,Walle,Westend,POINT (8.788832734000039 53.09410001300006)
5474,12,2020,7,1,18,3,5,3,1,1,0,0,0,0,0,0,8.580615077000061,53.55091810400006,Lehe,Königsheide,POINT (8.580615077000061 53.55091810400006)
5475,11,2020,8,3,7,3,5,3,1,1,0,0,0,0,0,0,8.825081287000046,53.08419967700007,Schwachhausen,Barkhof,POINT (8.825081287000046 53.08419967700007)
5476,11,2020,7,5,9,3,5,2,1,1,0,0,0,0,0,1,8.875671220000072,53.082325377000075,Schwachhausen,Radio Bremen,POINT (8.875671220000072 53.08232537700007)
5477,11,2020,8,1,9,3,5,2,1,1,0,0,0,0,0,0,8.837402397000062,53.03783726800003,Obervieland,Arsten,POINT (8.837402397000062 53.03783726800003)
5478,11,2020,8,3,19,3,4,6,1,1,0,0,0,0,0,0,8.795745489000069,53.079642308000075,Mitte,Altstadt,POINT (8.795745489000069 53.07964230800007)
5479,11,2020,7,1,16,3,5,3,1,1,0,0,0,0,0,0,8.951399182000046,53.08962944700005,,,POINT (8.951399182000046 53.08962944700005)
5480,11,2020,8,4,13,3,0,1,1,0,0,0,0,0,0,0,8.91410167600003,53.05980221600004,Hemelingen,Sebaldsbrück,POINT (8.91410167600003 53.05980221600004)
5481,11,2020,7,4,18,3,0,3,1,0,0,0,0,0,0,0,8.751816640000072,53.12914943200008,Gröpelingen,Ohlenhof,POINT (8.751816640000072 53.12914943200008)
5482,11,2020,7,7,13,3,0,7,1,0,1,0,0,0,0,0,8.952870940000025,53.07335545500007,Osterholz,Tenever,POINT (8.952870940000025 53.07335545500007)
5483,11,2020,8,5,11,2,3,6,1,0,0,0,0,0,0,0,8.909352174000048,53.05873052700008,Hemelingen,Sebaldsbrück,POINT (8.909352174000048 53.05873052700008)
5484,11,2020,7,7,12,3,0,6,1,0,1,0,0,0,0,0,8.809861179000052,53.07938257300003,Mitte,Altstadt,POINT (8.809861179000052 53.07938257300003)
5485,11,2020,8,2,19,3,0,7,1,0,0,0,0,0,0,1,8.801139387000035,53.06867359600005,Neustadt,Alte Neustadt,POINT (8.801139387000035 53.06867359600005)
5486,11,2020,7,4,7,3,5,2,1,1,0,0,0,0,0,0,8.778797312000052,53.064645330000076,Neustadt,Neuenland,POINT (8.778797312000052 53.06464533000008)
5487,12,2020,8,2,10,3,5,3,1,1,0,0,0,0,0,0,8.601856230000067,53.52977139300003,Geestemünde,Buschkämpen,POINT (8.601856230000067 53.52977139300003)
5488,11,2020,7,4,12,3,1,7,1,1,0,0,0,0,0,0,8.813143233000062,53.058381033000046,Neustadt,Huckelriede,POINT (8.813143233000062 53.05838103300005)
5489,12,2020,7,6,11,3,5,2,1,1,0,0,0,0,0,0,8.599927743000023,53.52944751900003,Geestemünde,Buschkämpen,POINT (8.599927743000023 53.52944751900003)
5490,11,2020,8,2,17,3,5,2,1,1,0,0,0,0,0,1,8.791487133000032,53.06500883400008,Neustadt,Neustadt,POINT (8.791487133000032 53.06500883400008)
5491,11,2020,7,6,21,3,0,7,1,0,0,0,0,0,1,0,8.804194131000031,53.11376411500004,Walle,Hohweg,POINT (8.804194131000031 53.11376411500004)
5492,11,2020,8,4,20,3,5,3,1,1,0,0,0,0,1,0,8.79678105000005,53.06697204100004,Neustadt,Südervorstadt,POINT (8.79678105000005 53.06697204100004)
5493,11,2020,8,6,15,3,1,6,1,1,0,0,0,0,0,0,8.802589283000032,53.070407524000075,Neustadt,Alte Neustadt,POINT (8.802589283000032 53.07040752400007)
5494,12,2020,7,5,11,3,5,3,1,1,0,0,0,0,0,0,8.603291931000058,53.57400731200005,Lehe,Königsheide,POINT (8.603291931000058 53.57400731200005)
5495,11,2020,8,1,17,3,0,7,1,0,0,0,0,1,0,0,8.78779410900006,53.099201082000036,Walle,Westend,POINT (8.78779410900006 53.09920108200004)
5496,12,2020,8,1,15,3,8,1,1,0,0,0,0,0,0,0,8.603218044000073,53.52347652800006,Geestemünde,Buschkämpen,POINT (8.603218044000073 53.52347652800006)
5497,11,2020,7,5,18,3,0,6,1,0,0,0,0,0,0,0,8.802927354000076,53.06715668000004,Neustadt,Buntentor,POINT (8.802927354000076 53.06715668000004)
5498,11,2020,8,4,17,2,0,7,1,0,0,0,0,0,0,0,8.809717569000043,53.08069126400005,Mitte,Bahnhofsvorstadt,POINT (8.809717569000043 53.08069126400005)
5499,11,2020,7,5,11,3,0,1,1,0,0,0,0,0,0,0,8.803537711000047,53.075261615000045,Mitte,Altstadt,POINT (8.803537711000047 53.07526161500004)
5500,11,2020,8,6,18,3,5,2,1,1,0,0,0,0,0,0,8.891989823000074,53.04794871300004,Hemelingen,Hemelingen,POINT (8.891989823000074 53.04794871300004)
5501,11,2020,8,5,14,3,5,3,1,1,0,0,0,0,0,0,8.941668413000059,53.060359980000044,Osterholz,Ellenerbrok-Schevemoor,POINT (8.941668413000059 53.06035998000004)
5502,11,2020,7,5,13,3,0,7,1,0,0,0,0,0,0,0,8.577448736000065,53.182729607000056,Blumenthal,Blumenthal,POINT (8.577448736000065 53.18272960700006)
5503,12,2020,8,7,13,3,8,1,1,0,0,0,0,0,0,0,8.58819451100004,53.53599058900005,Geestemünde,Buschkämpen,POINT (8.58819451100004 53.53599058900005)
5504,11,2020,7,5,14,3,5,3,1,1,0,0,0,0,0,0,8.794894388000046,53.093935775000034,Walle,Westend,POINT (8.794894388000046 53.09393577500003)
5505,11,2020,7,4,8,3,3,6,1,0,0,0,0,0,0,0,8.785485805000064,53.09584629600005,Walle,Westend,POINT (8.785485805000064 53.09584629600005)
5506,11,2020,8,5,13,3,5,3,1,1,0,0,0,0,0,0,8.87342890900004,53.06699621900003,Hemelingen,Hastedt,POINT (8.87342890900004 53.06699621900003)
5507,11,2020,8,5,11,3,3,2,1,1,0,0,0,0,0,0,8.880172457000072,53.07169055300005,Vahr,Gartenstadt Vahr,POINT (8.880172457000072 53.07169055300005)
5508,11,2020,7,4,12,3,5,3,1,1,0,0,0,0,0,0,8.852613278000035,53.04759731100006,Obervieland,Habenhausen,POINT (8.852613278000035 53.04759731100006)
5509,11,2020,7,4,20,3,6,1,1,0,1,0,0,0,0,0,8.755925670000067,53.10021673000006,Walle,Überseestadt,POINT (8.755925670000067 53.10021673000006)