,UKREIS,UJAHR,UMONAT,UWOCHENTAG,USTUNDE,UKATEGORIE,UART,UTYP1,IstRad,IstPKW,IstFuss,IstKrad,IstGkfz,IstSonstig,ULICHTVERH,STRZUSTAND,longitude,latitude,Stadtteil,Ortsteil,geometry
5824,11,2020,12,5,10,3,5,3,1,1,0,0,0,0,0,0,8.79975644700005,53.07048181000005,Neustadt,Alte Neustadt,POINT (8.79975644700005 53.07048181000005)
5825,11,2020,11,4,10,3,5,3,1,1,0,0,0,0,0,0,8.68840401600005,53.169673311000054,Burglesum,Lesum,POINT (8.68840401600005 53.16967331100005)
5826,11,2020,12,7,18,3,4,2,1,1,0,0,0,0,2,1,8.796999142000061,53.076438722000034,Neustadt,Alte Neustadt,POINT (8.796999142000061 53.07643872200003)
5827,11,2020,11,5,18,3,5,3,1,1,0,0,0,0,2,0,8.89322954100004,53.04714236700005,Hemelingen,Hemelingen,POINT (8.893229541000039 53.04714236700005)
5828,11,2020,11,4,15,3,3,2,1,1,0,0,0,0,0,0,8.843078930000047,53.055550700000026,Obervieland,Habenhausen,POINT (8.843078930000047 53.05555070000003)
5829,11,2020,11,3,12,3,5,3,1,0,0,0,0,1,0,1,8.807564226000068,53.099700994000045,Findorff,Regensburger Str.,POINT (8.807564226000068 53.09970099400005)
5830,11,2020,11,3,5,3,6,6,1,0,1,0,0,0,2,1,8.887777923000044,53.07154244900005,Hemelingen,Sebaldsbrück,POINT (8.887777923000044 53.07154244900005)
5831,11,2020,12,7,13,3,6,7,1,0,1,0,0,0,0,0,8.803113962000054,53.06975945600004,Neustadt,Alte Neustadt,POINT (8.803113962000054 53.06975945600004)
5832,11,2020,11,5,7,3,8,1,1,0,0,0,0,0,1,0,8.910608646000071,53.09612776300003,,,POINT (8.910608646000071 53.09612776300003)
5833,11,2020,11,3,14,2,5,3,1,1,0,0,0,0,0,1,8.732396383000037,53.05828949600004,Huchting,Mittelshuchting,POINT (8.732396383000037 53.05828949600004)
5834,11,2020,12,3,13,3,0,7,1,1,0,0,0,0,0,1,8.821958782000024,53.07282332700004,Mitte,Ostertor,POINT (8.821958782000024 53.07282332700004)
5835,11,2020,11,3,12,3,5,3,1,1,0,0,0,0,0,1,8.882065003000037,53.106725261000065,Horn-Lehe,Lehesterdeich,POINT (8.882065003000037 53.10672526100007)
5836,11,2020,12,4,16,3,5,2,1,0,0,0,1,0,1,0,8.78401337400004,53.07568006200006,Woltmershausen,Woltmershausen,POINT (8.78401337400004 53.07568006200006)
5837,11,2020,11,3,18,3,0,7,1,0,0,0,0,0,2,0,8.844713113000068,53.076640016000056,Östliche Vorstadt,Hulsberg,POINT (8.844713113000068 53.07664001600006)
5838,11,2020,11,3,14,3,5,3,1,1,0,0,0,0,0,1,8.827366961000052,53.07983425700007,Schwachhausen,Barkhof,POINT (8.827366961000052 53.07983425700007)
5839,11,2020,11,3,14,3,5,2,1,1,0,0,0,0,0,1,8.875258710000026,53.08230765500008,Schwachhausen,Radio Bremen,POINT (8.875258710000026 53.08230765500008)
5840,11,2020,12,3,10,3,1,5,1,1,0,0,0,0,0,1,8.830323804000045,53.07162267500007,Östliche Vorstadt,Steintor,POINT (8.830323804000045 53.07162267500007)
5841,11,2020,11,2,8,2,0,7,1,0,0,0,0,0,0,0,8.807333623000034,53.07416914000004,Mitte,Altstadt,POINT (8.807333623000034 53.07416914000004)
5842,12,2020,12,6,11,3,5,2,1,0,0,0,1,0,0,0,8.608823739000059,53.59076824500005,Leherheide,Fehmoor,POINT (8.608823739000059 53.59076824500005)
5843,11,2020,11,6,15,3,5,3,1,1,0,0,0,0,0,0,8.765218448000041,53.12728042400005,Gröpelingen,In den Wischen,POINT (8.765218448000041 53.12728042400005)
5844,11,2020,10,5,16,3,5,3,1,1,0,0,0,0,0,0,8.73606176800007,53.044686838000075,Huchting,Kirchhuchting,POINT (8.73606176800007 53.04468683800008)
5845,11,2020,12,3,8,3,5,3,1,1,0,0,0,0,1,1,8.84031879500003,53.081501005000064,Schwachhausen,Gete,POINT (8.84031879500003 53.08150100500006)
5846,11,2020,12,5,18,2,0,7,1,0,0,0,0,0,2,1,8.579124170000057,53.18331180100006,Blumenthal,Blumenthal,POINT (8.579124170000057 53.18331180100006)
5847,11,2020,10,5,10,3,0,7,1,0,0,0,0,0,0,1,8.864134618000037,53.094353341000044,Horn-Lehe,Horn,POINT (8.864134618000037 53.09435334100004)
5848,11,2020,11,6,15,3,4,7,1,0,0,0,0,0,0,1,8.850197605000062,53.026153660000034,Obervieland,Arsten,POINT (8.850197605000062 53.02615366000003)
5849,11,2020,11,2,11,3,5,3,1,1,0,0,0,0,0,1,8.892092866000041,53.04797132700003,Hemelingen,Hemelingen,POINT (8.892092866000041 53.04797132700003)
5850,11,2020,11,6,9,3,1,7,1,1,0,0,0,0,0,0,8.798019198000077,53.06382873700005,Neustadt,Gartenstadt Süd,POINT (8.798019198000077 53.06382873700005)
5851,11,2020,11,6,18,3,4,3,1,0,0,0,0,1,2,1,8.844197757000074,53.07549602100005,Östliche Vorstadt,Hulsberg,POINT (8.844197757000074 53.07549602100005)
5852,11,2020,11,6,8,2,5,3,1,1,0,0,0,0,0,0,8.886633913000026,53.07918298000004,Vahr,Neue Vahr Südwest,POINT (8.886633913000026 53.07918298000004)
5853,11,2020,12,2,8,3,5,3,1,1,0,0,0,0,1,1,8.87010131900007,53.080677199000036,Vahr,Gartenstadt Vahr,POINT (8.870101319000071 53.08067719900004)
5854,11,2020,12,3,7,3,5,3,1,1,0,0,0,0,1,1,8.964151043000072,53.06231653200007,Osterholz,Tenever,POINT (8.964151043000072 53.06231653200007)
5855,11,2020,10,5,8,3,2,7,1,1,0,0,0,0,0,1,8.817053963000035,53.078797304000034,Mitte,Bahnhofsvorstadt,POINT (8.817053963000035 53.07879730400003)
5856,11,2020,12,4,15,3,0,7,1,1,0,0,0,0,0,0,8.838819338000064,53.08046588500008,Schwachhausen,Gete,POINT (8.838819338000064 53.08046588500008)
5857,11,2020,12,2,7,3,5,3,1,1,0,0,0,0,1,0,8.823669284000061,53.07797771700007,Mitte,Ostertor,POINT (8.823669284000061 53.07797771700007)
5858,11,2020,11,5,16,3,5,3,1,1,0,0,0,0,1,1,8.929521398000077,53.05907322300004,Osterholz,Osterholz,POINT (8.929521398000077 53.05907322300004)
5859,11,2020,12,5,8,2,0,1,1,0,0,0,0,0,1,1,8.793346507000024,53.08870488600007,Walle,Utbremen,POINT (8.793346507000024 53.08870488600007)
5860,11,2020,11,5,16,3,4,6,1,1,0,0,0,0,1,1,8.864457901000037,53.09942976600007,Horn-Lehe,Lehe,POINT (8.864457901000037 53.09942976600007)
5861,11,2020,10,5,11,3,0,1,1,0,0,0,0,0,0,0,8.879817982000077,53.10160442800003,Horn-Lehe,Lehe,POINT (8.879817982000077 53.10160442800003)
5862,11,2020,12,6,12,3,3,6,1,1,0,0,0,0,0,0,8.823034516000064,53.02712427500006,Obervieland,Kattenesch,POINT (8.823034516000064 53.02712427500006)
5863,12,2020,11,4,21,3,5,3,1,1,0,0,0,0,2,1,8.598889463000035,53.57332311700003,Lehe,Königsheide,POINT (8.598889463000035 53.57332311700003)
5864,11,2020,11,1,16,3,5,3,1,1,0,0,0,0,2,0,8.711028057000021,53.14316943100005,Burglesum,Burg-Grambke,POINT (8.711028057000021 53.14316943100005)
5865,11,2020,11,4,11,3,1,5,1,1,0,0,0,0,0,1,8.83792072700004,53.07675120500005,Östliche Vorstadt,Hulsberg,POINT (8.837920727000039 53.07675120500005)
5866,11,2020,11,4,6,3,0,3,1,1,0,0,0,0,2,1,8.846923631000038,53.04830382000006,Obervieland,Habenhausen,POINT (8.846923631000038 53.04830382000006)
5867,11,2020,11,4,11,2,0,7,1,0,0,0,0,0,0,1,8.77403380800007,53.09971481400004,Walle,Überseestadt,POINT (8.77403380800007 53.09971481400004)
5868,11,2020,11,4,12,3,0,1,1,0,0,0,0,0,0,1,8.834780842000043,53.07039052700003,Östliche Vorstadt,Peterswerder,POINT (8.834780842000043 53.07039052700003)
5869,11,2020,12,6,11,2,4,2,1,1,0,0,0,0,0,1,8.625126753000075,53.17965702300006,Vegesack,Vegesack,POINT (8.625126753000075 53.17965702300006)
5870,12,2020,11,3,11,2,0,7,1,0,0,0,0,0,0,0,8.59351539000005,53.57330575300006,Lehe,Königsheide,POINT (8.59351539000005 53.57330575300006)
5871,11,2020,12,6,13,3,8,1,1,0,0,0,0,0,0,0,8.771570815000075,53.078177218000064,Woltmershausen,Woltmershausen,POINT (8.771570815000075 53.07817721800006)
5872,11,2020,10,5,11,3,5,3,1,1,0,0,0,0,0,0,8.79748106900007,53.080592945000035,Mitte,Altstadt,POINT (8.797481069000071 53.08059294500003)
5873,11,2020,11,3,7,3,1,7,1,1,0,0,0,0,1,0,8.824708380000061,53.084124270000075,Schwachhausen,Barkhof,POINT (8.824708380000061 53.08412427000007)
5874,11,2020,10,5,18,3,2,7,1,1,0,0,0,0,2,1,8.799588122000046,53.094621748000066,Findorff,Regensburger Str.,POINT (8.799588122000046 53.09462174800007)
5875,11,2020,11,3,7,3,2,6,1,0,0,1,0,0,0,0,8.624434390000033,53.17716715200004,Vegesack,Vegesack,POINT (8.624434390000033 53.17716715200004)
5876,11,2020,10,5,8,3,0,7,1,0,0,0,0,0,0,1,8.836208437000039,53.091051494000055,Schwachhausen,Neu-Schwachhausen,POINT (8.836208437000039 53.09105149400006)
5877,11,2020,12,5,8,3,3,2,1,0,0,0,1,0,0,1,8.837396541000032,53.037840147000054,Obervieland,Arsten,POINT (8.837396541000032 53.03784014700005)
5878,11,2020,11,3,9,2,5,2,1,1,0,0,0,0,0,0,8.881506265000041,53.09698512700004,Horn-Lehe,Horn,POINT (8.881506265000041 53.09698512700004)
5879,11,2020,12,3,18,3,5,3,1,1,0,0,0,0,2,1,8.635994058000051,53.17127906600007,Vegesack,Grohn,POINT (8.635994058000051 53.17127906600007)
5880,11,2020,12,4,10,3,2,2,1,1,0,0,0,0,0,0,8.825126957000066,53.08435084800004,Schwachhausen,Bürgerpark,POINT (8.825126957000066 53.08435084800004)
5881,11,2020,12,3,20,3,0,3,1,1,0,0,0,0,2,0,8.78843544800003,53.09395809400007,Walle,Westend,POINT (8.78843544800003 53.09395809400007)
5882,11,2020,12,4,7,3,0,7,1,1,0,0,0,0,2,0,8.79236452300006,53.100760939000054,Walle,Osterfeuerberg,POINT (8.79236452300006 53.10076093900005)
5883,11,2020,11,1,15,2,0,7,1,0,0,0,0,0,0,0,8.873389907000046,53.07783680300008,Vahr,Gartenstadt Vahr,POINT (8.873389907000046 53.07783680300008)
5884,11,2020,11,7,17,3,5,3,1,0,0,0,0,1,2,0,8.825220674000036,53.084411584000065,Schwachhausen,Bürgerpark,POINT (8.825220674000036 53.08441158400007)
5885,11,2020,12,2,7,3,5,2,1,0,0,0,0,1,2,1,8.846761056000048,53.068350603000056,Östliche Vorstadt,Peterswerder,POINT (8.846761056000048 53.06835060300006)
5886,11,2020,10,4,12,3,5,2,1,1,0,0,0,0,0,0,8.94612442700003,53.04871356800004,Osterholz,Osterholz,POINT (8.946124427000029 53.04871356800004)
5887,11,2020,12,6,17,3,5,2,1,1,0,0,0,0,2,0,8.819083617000047,53.08026511300005,Mitte,Ostertor,POINT (8.819083617000047 53.08026511300005)
5888,11,2020,12,2,11,3,5,3,1,1,0,0,0,0,0,0,8.931810771000073,53.04111863500003,Hemelingen,Mahndorf,POINT (8.931810771000073 53.04111863500003)
5889,11,2020,10,4,8,3,0,7,1,0,0,0,0,0,0,0,8.822478216000036,53.05411422700007,Neustadt,Huckelriede,POINT (8.822478216000036 53.05411422700007)
5890,11,2020,11,6,13,3,2,6,1,1,0,0,0,0,0,0,8.812536579000039,53.05910660200004,Neustadt,Huckelriede,POINT (8.812536579000039 53.05910660200004)
5891,11,2020,12,2,19,3,0,1,1,0,0,0,0,0,1,0,8.621188117000031,53.18400926800007,Vegesack,Aumund-Hammersbeck,POINT (8.621188117000031 53.18400926800007)
5892,11,2020,11,6,12,3,6,4,1,0,1,0,0,0,0,0,8.916011118000029,53.070875175000026,Hemelingen,Sebaldsbrück,POINT (8.916011118000029 53.07087517500003)
5893,12,2020,11,5,6,3,5,3,1,1,0,0,0,0,2,0,8.594481702000053,53.53147863000004,Geestemünde,Buschkämpen,POINT (8.594481702000053 53.53147863000004)
5894,11,2020,11,5,11,3,9,7,1,0,0,0,0,0,0,0,8.78971143900003,53.100787628000035,Walle,Osterfeuerberg,POINT (8.78971143900003 53.10078762800003)
5895,11,2020,12,6,12,3,5,3,1,1,0,0,0,0,0,1,8.782158706000075,53.07563825200003,Woltmershausen,Woltmershausen,POINT (8.782158706000075 53.07563825200003)
5896,12,2020,12,7,8,3,0,1,1,0,0,0,0,0,1,2,8.619219198000053,53.58884478200008,Leherheide,Fehmoor,POINT (8.619219198000053 53.58884478200008)
5897,11,2020,11,5,8,3,3,2,1,1,0,0,0,0,1,0,8.83841755900005,53.08216490800004,Schwachhausen,Gete,POINT (8.83841755900005 53.08216490800004)
5898,11,2020,12,2,18,2,1,7,1,1,0,0,0,0,2,1,8.801091124000038,53.06830009400005,Neustadt,Südervorstadt,POINT (8.801091124000038 53.06830009400005)
5899,12,2020,12,4,7,3,5,3,1,1,0,0,0,0,2,0,8.632243145000075,53.53073466300003,Schiffdorferdamm,Buschkämpen,POINT (8.632243145000075 53.53073466300003)
5900,11,2020,11,4,14,3,5,3,1,1,0,0,0,0,0,0,8.871639986000048,53.06228849300004,Hemelingen,Hastedt,POINT (8.871639986000048 53.06228849300004)
5901,11,2020,12,6,14,2,0,1,1,0,0,0,0,0,0,2,8.630639531000043,53.15689061100005,Burglesum,Werderland,POINT (8.630639531000043 53.15689061100005)
5902,11,2020,11,4,16,3,5,3,1,0,0,0,0,0,1,0,8.802610301000072,53.07037679900003,Neustadt,Alte Neustadt,POINT (8.802610301000072 53.07037679900003)
5903,11,2020,12,6,7,3,5,1,1,1,0,0,0,0,1,1,8.90967746900003,53.09653014400004,,,POINT (8.90967746900003 53.09653014400004)
5904,11,2020,11,5,14,3,5,3,1,1,0,0,0,0,0,1,8.649191295000037,53.17244534400004,Vegesack,Grohn,POINT (8.649191295000037 53.17244534400004)
5905,11,2020,12,4,16,3,0,7,1,0,0,0,0,0,1,1,8.833342608000066,53.094522452000035,Schwachhausen,Neu-Schwachhausen,POINT (8.833342608000066 53.09452245200004)
5906,11,2020,11,4,8,3,4,3,1,1,0,0,0,0,0,0,8.789296286000024,53.07101058500007,Neustadt,Neustadt,POINT (8.789296286000024 53.07101058500007)
5907,11,2020,12,7,21,3,5,2,1,1,0,0,0,0,2,1,8.758855105000066,53.11599337100006,Gröpelingen,Lindenhof,POINT (8.758855105000066 53.11599337100006)
5908,11,2020,10,4,7,3,5,2,1,0,0,0,0,0,0,1,8.871780968000053,53.10185336600006,Horn-Lehe,Lehe,POINT (8.871780968000053 53.10185336600006)
5909,11,2020,10,4,7,3,5,3,1,1,0,0,0,0,0,0,8.932739813000069,53.065142871000035,Osterholz,Ellener Feld,POINT (8.932739813000069 53.06514287100003)
5910,11,2020,11,4,8,3,5,2,1,1,0,0,0,0,0,0,8.763564252000037,53.108984457000076,Gröpelingen,Lindenhof,POINT (8.763564252000037 53.10898445700008)
5911,11,2020,12,4,12,3,2,6,1,1,0,0,0,0,0,0,8.572733287000062,53.18624706400004,Blumenthal,Blumenthal,POINT (8.572733287000062 53.18624706400004)
5912,12,2020,11,3,7,3,5,2,1,1,0,0,0,0,1,0,8.563729719000037,53.58865322300005,Lehe,Königsheide,POINT (8.563729719000037 53.58865322300005)
5913,11,2020,12,6,14,3,5,3,1,1,0,0,0,0,0,0,8.878867335000052,53.05719409100004,Hemelingen,Hemelingen,POINT (8.878867335000052 53.05719409100004)
5914,12,2020,10,3,12,3,0,6,1,0,0,0,0,1,0,0,8.586201238000058,53.56226311000006,Lehe,Königsheide,POINT (8.586201238000058 53.56226311000006)
5915,11,2020,11,3,14,3,5,2,1,1,0,0,0,0,0,0,8.818183126000065,53.03881443900008,Obervieland,Kattenturm,POINT (8.818183126000065 53.03881443900008)
5916,11,2020,11,3,13,3,5,3,1,0,0,0,1,0,0,0,8.788931191000074,53.09770821300003,Walle,Westend,POINT (8.788931191000074 53.09770821300003)
5917,11,2020,11,3,16,3,3,6,1,0,0,0,0,0,0,1,8.801448444000073,53.08083970100006,Mitte,Altstadt,POINT (8.801448444000073 53.08083970100006)
5918,11,2020,11,3,15,2,5,3,1,1,0,0,0,0,0,0,8.806379296000046,53.06508305800003,Neustadt,Buntentor,POINT (8.806379296000046 53.06508305800003)
5919,11,2020,12,3,7,2,4,6,1,0,0,0,0,1,2,1,8.814054247000058,53.10041208400003,Findorff,Weidedamm,POINT (8.814054247000058 53.10041208400003)
5920,11,2020,11,3,8,3,5,3,1,0,0,0,1,0,0,0,8.824541208000028,53.08418587800003,Schwachhausen,Barkhof,POINT (8.824541208000028 53.08418587800003)
5921,11,2020,12,4,16,2,5,2,1,0,0,0,1,0,2,0,8.795764637000048,53.05615565200003,Neustadt,Neuenland,POINT (8.795764637000048 53.05615565200003)
5922,11,2020,10,3,11,3,1,5,1,1,0,0,0,0,0,0,8.784861240000055,53.09738206900005,Walle,Westend,POINT (8.784861240000055 53.09738206900005)
5923,11,2020,11,3,16,3,5,3,1,1,0,0,0,0,1,0,8.882065374000035,53.07909761900004,Vahr,Neue Vahr Südwest,POINT (8.882065374000035 53.07909761900004)
5924,11,2020,11,3,14,3,4,2,1,1,0,0,0,0,0,0,8.866623122000021,53.06223142200008,Hemelingen,Hastedt,POINT (8.866623122000021 53.06223142200008)
5925,11,2020,12,5,20,3,5,7,1,1,0,0,0,0,2,1,8.801594228000056,53.07090885100007,Neustadt,Alte Neustadt,POINT (8.801594228000056 53.07090885100007)
5926,11,2020,11,2,9,3,5,2,1,1,0,0,0,0,0,1,8.901885888000038,53.08848341300006,,,POINT (8.901885888000038 53.08848341300006)
5927,11,2020,11,2,5,3,5,2,1,1,0,0,0,0,2,0,8.880685605000053,53.10168665100008,Horn-Lehe,Lehe,POINT (8.880685605000053 53.10168665100008)
5928,11,2020,11,2,11,3,0,1,1,0,0,0,0,0,0,1,8.837337016000049,53.07682693800007,Östliche Vorstadt,Fesenfeld,POINT (8.837337016000049 53.07682693800007)
5929,11,2020,12,3,16,3,3,2,1,1,0,0,0,0,2,1,8.825141642000062,53.08449631800005,Schwachhausen,Bürgerpark,POINT (8.825141642000062 53.08449631800005)
5930,11,2020,10,3,12,3,6,6,1,0,1,0,0,0,0,0,8.829222377000065,53.07290434200007,Östliche Vorstadt,Steintor,POINT (8.829222377000065 53.07290434200007)
5931,11,2020,11,2,10,3,5,3,1,1,0,0,0,0,0,1,8.738672605000033,53.055608102000065,Huchting,Mittelshuchting,POINT (8.738672605000033 53.05560810200006)
5932,11,2020,11,2,18,2,0,7,1,0,0,0,0,0,2,1,8.691195353000069,53.168599123000035,Burglesum,Lesum,POINT (8.691195353000069 53.16859912300004)
5933,11,2020,11,2,12,3,0,7,1,0,0,0,0,0,0,0,8.788608535000037,53.070651541000075,Neustadt,Hohentor,POINT (8.788608535000037 53.07065154100007)
5934,11,2020,12,5,12,3,0,7,1,0,0,0,0,0,0,1,8.803433595000058,53.06684823900008,Neustadt,Buntentor,POINT (8.803433595000058 53.06684823900008)
5935,11,2020,11,2,10,3,5,3,1,1,0,0,0,0,0,1,8.876509786000042,53.08103360400003,Vahr,Gartenstadt Vahr,POINT (8.876509786000042 53.08103360400003)
5936,11,2020,12,3,7,3,5,3,1,1,0,0,0,0,2,1,8.897602756000026,53.05881799500003,Hemelingen,Sebaldsbrück,POINT (8.897602756000026 53.05881799500003)
5937,11,2020,12,2,10,2,0,7,1,0,0,0,0,0,0,1,8.804850348000059,53.06599255900005,Neustadt,Buntentor,POINT (8.804850348000059 53.06599255900005)
5938,11,2020,11,1,3,3,4,6,1,0,0,0,0,0,2,1,8.856973829000026,53.08535904200005,Schwachhausen,Radio Bremen,POINT (8.856973829000026 53.08535904200005)
5939,11,2020,10,3,16,3,5,3,1,1,0,0,0,0,1,1,8.84992365000005,53.08506317800004,Schwachhausen,Gete,POINT (8.849923650000051 53.08506317800004)
5940,12,2020,11,2,14,3,5,3,1,1,0,0,0,0,0,0,8.595402031000049,53.588071236000076,Leherheide,Fehmoor,POINT (8.595402031000049 53.58807123600008)
5941,11,2021,6,6,11,2,0,7,1,0,0,0,0,0,0,0,8.81773195300002,53.04889244800006,Neustadt,Huckelriede,POINT (8.81773195300002 53.04889244800006)
5942,11,2021,11,4,7,3,5,2,1,1,0,0,0,0,0,1,8.817518989000064,53.04895137200003,Neustadt,Huckelriede,POINT (8.817518989000064 53.04895137200003)
5943,11,2021,11,6,17,3,5,3,1,1,0,0,0,0,2,1,8.808258144000035,53.05157471100006,Neustadt,Huckelriede,POINT (8.808258144000035 53.05157471100006)
5944,12,2021,5,4,13,2,8,1,1,0,0,0,0,0,0,1,8.620820751000053,53.49575157100003,Wulsdorf,Geestemünde-Süd,POINT (8.620820751000053 53.49575157100003)
5945,11,2021,1,3,14,3,0,7,1,0,0,0,0,0,0,0,8.757785605000038,53.12297625000008,Gröpelingen,Ohlenhof,POINT (8.757785605000038 53.12297625000008)
5946,11,2021,5,7,15,3,1,5,1,1,0,0,0,0,0,0,8.84128903800007,53.06949786700005,Östliche Vorstadt,Peterswerder,POINT (8.84128903800007 53.06949786700005)
5947,11,2021,7,3,19,3,5,2,1,1,0,0,0,0,0,0,8.794515576000038,53.07279659400007,Neustadt,Alte Neustadt,POINT (8.794515576000038 53.07279659400007)
5948,11,2021,4,6,20,3,5,3,1,1,0,0,0,0,0,0,8.599086930000055,53.17993349300008,Vegesack,Fähr-Lobbendorf,POINT (8.599086930000055 53.17993349300008)
5949,11,2021,6,4,8,3,5,3,1,1,0,0,0,0,0,0,8.81092926100007,53.09249339400003,Findorff,Weidedamm,POINT (8.810929261000069 53.09249339400003)
5950,11,2021,2,4,20,3,5,3,1,1,0,0,0,0,2,0,8.896314760000053,53.07925962100006,Vahr,Neue Vahr Südost,POINT (8.896314760000053 53.07925962100006)
5951,11,2021,7,3,16,3,5,2,1,1,0,0,0,0,0,0,8.822625856000059,53.08280883400005,Schwachhausen,Barkhof,POINT (8.822625856000059 53.08280883400005)
5952,11,2021,5,5,14,3,5,3,1,1,0,0,0,0,0,0,8.880370218000053,53.101571524000065,Horn-Lehe,Lehe,POINT (8.880370218000053 53.10157152400006)
5953,11,2021,4,2,19,3,4,6,1,1,0,0,0,0,0,0,8.791546809000067,53.064975625000045,Neustadt,Südervorstadt,POINT (8.791546809000067 53.06497562500005)
5954,11,2021,4,6,15,3,1,5,1,1,0,0,0,0,0,0,8.823117162000074,53.07330507700004,Östliche Vorstadt,Steintor,POINT (8.823117162000074 53.07330507700004)
5955,11,2021,6,5,19,3,5,3,1,1,0,0,0,0,0,0,8.787015860000054,53.082930919000034,Walle,Überseestadt,POINT (8.787015860000054 53.08293091900003)
5956,11,2021,7,6,18,3,5,3,1,1,0,0,0,0,0,0,8.818083095000077,53.03884639800003,Obervieland,Kattenturm,POINT (8.818083095000077 53.03884639800003)
5957,12,2021,4,5,17,3,5,3,1,1,0,0,0,0,0,0,8.618477849000044,53.58956760400008,Leherheide,Fehmoor,POINT (8.618477849000044 53.58956760400008)
5958,11,2021,4,2,9,3,5,3,1,1,0,0,0,0,0,0,8.740809898000066,53.129310134000036,Gröpelingen,Oslebshausen,POINT (8.740809898000066 53.12931013400004)
5959,11,2021,1,6,2,3,0,7,1,0,0,0,0,0,2,1,8.885679123000045,53.05897797400007,Hemelingen,Hemelingen,POINT (8.885679123000045 53.05897797400007)
5960,11,2021,6,5,15,3,5,3,1,1,0,0,0,0,0,0,8.831995403000064,53.07749970700007,Östliche Vorstadt,Fesenfeld,POINT (8.831995403000064 53.07749970700007)
5961,12,2021,5,7,15,3,8,1,1,0,0,0,0,0,0,0,8.585554770000044,53.56666982100006,Lehe,Königsheide,POINT (8.585554770000044 53.56666982100006)
5962,11,2021,3,4,12,3,0,7,1,0,0,0,0,0,0,0,8.850649959000066,53.08532413000006,Schwachhausen,Riensberg,POINT (8.850649959000066 53.08532413000006)
5963,11,2021,6,2,11,3,5,3,1,1,0,0,0,0,0,0,8.818129502000033,53.07773043200007,Mitte,Ostertor,POINT (8.818129502000033 53.07773043200007)
5964,11,2021,5,1,10,3,0,7,1,0,0,0,0,0,0,0,8.878952071000072,53.08576223600005,Vahr,Neue Vahr Nord,POINT (8.878952071000072 53.08576223600005)
5965,11,2021,7,4,15,2,8,1,1,0,0,0,0,0,0,0,8.759753360000047,53.08234754700004,Woltmershausen,Woltmershausen,POINT (8.759753360000047 53.08234754700004)
5966,11,2021,6,6,23,3,4,1,1,0,1,0,0,0,2,0,8.801503660000037,53.07692092900004,Mitte,Altstadt,POINT (8.801503660000037 53.07692092900004)
5967,11,2021,2,7,11,3,5,3,1,0,0,0,0,0,0,0,8.891204715000072,53.13209022400008,,Borgfeld,POINT (8.891204715000072 53.13209022400008)
5968,11,2021,6,3,17,3,5,3,1,1,0,0,0,0,0,1,8.807286797000074,53.08215219900006,Mitte,Bahnhofsvorstadt,POINT (8.807286797000074 53.08215219900006)
5969,12,2021,4,4,16,3,5,3,1,1,0,0,0,0,0,0,8.590897616000063,53.50200225200007,Fischereihafen,Mitte-Süd,POINT (8.590897616000063 53.50200225200007)
5970,11,2021,6,5,21,3,4,6,1,0,0,0,0,1,0,0,8.777861227000074,53.09950166600004,Walle,Walle,POINT (8.777861227000074 53.09950166600004)
5971,12,2021,2,3,16,2,0,1,1,0,0,0,0,0,0,2,8.58571616300003,53.53758366000005,Geestemünde,Buschkämpen,POINT (8.585716163000029 53.53758366000005)
5972,12,2021,6,4,10,3,5,3,1,1,0,0,0,0,0,0,8.62150424400005,53.59040044400007,Leherheide,Fehmoor,POINT (8.62150424400005 53.59040044400007)
5973,12,2021,5,3,18,3,5,3,1,1,0,0,0,0,0,0,8.597938352000028,53.533430407000026,Geestemünde,Buschkämpen,POINT (8.597938352000028 53.53343040700003)
5974,11,2021,4,6,16,3,6,4,1,0,1,0,0,0,0,0,8.941380002000074,53.06738034800003,Osterholz,Ellenerbrok-Schevemoor,POINT (8.941380002000074 53.06738034800003)
5975,11,2021,6,7,16,3,0,3,1,0,0,0,0,0,0,0,8.898495644000036,53.077757133000034,Vahr,Neue Vahr Südost,POINT (8.898495644000036 53.07775713300003)
5976,11,2021,7,6,18,3,4,2,1,1,0,0,0,0,0,0,8.791800113000022,53.07499542200003,Neustadt,Alte Neustadt,POINT (8.791800113000022 53.07499542200003)
5977,11,2021,4,3,16,3,4,2,1,1,0,0,0,0,0,0,8.951253866000059,53.06513020700004,Osterholz,Tenever,POINT (8.951253866000059 53.06513020700004)
5978,11,2021,4,7,15,3,4,6,1,1,0,0,0,0,0,0,8.813644830000044,53.09151184600006,Findorff,Weidedamm,POINT (8.813644830000044 53.09151184600006)
5979,11,2021,1,6,8,2,5,3,1,1,0,0,0,0,0,1,8.791950943000074,53.08273145100003,Mitte,Altstadt,POINT (8.791950943000074 53.08273145100003)