,UKREIS,UJAHR,UMONAT,UWOCHENTAG,USTUNDE,UKATEGORIE,UART,UTYP1,IstRad,IstPKW,IstFuss,IstKrad,IstGkfz,IstSonstig,ULICHTVERH,STRZUSTAND,longitude,latitude,Stadtteil,Ortsteil,geometry
5980,12,2021,7,5,15,3,5,2,1,1,0,0,0,0,0,0,8.57277358600004,53.550084870000035,Mitte,Weddewarden,POINT (8.572773586000039 53.55008487000003)
5981,11,2021,3,2,18,3,1,5,1,1,0,0,0,0,0,0,8.853028144000064,53.089352215000076,Schwachhausen,Riensberg,POINT (8.853028144000064 53.08935221500008)
5982,11,2021,6,3,15,2,6,7,1,0,1,0,0,0,0,0,8.771939459000066,53.093903554000065,Walle,Überseestadt,POINT (8.771939459000066 53.09390355400006)
5983,11,2021,2,1,13,3,4,6,1,1,0,0,0,0,0,0,8.901521365000065,53.11474866000003,Horn-Lehe,Lehesterdeich,POINT (8.901521365000065 53.11474866000003)
5984,11,2021,7,7,12,3,3,6,1,0,0,0,0,1,0,0,8.809754042000066,53.072001183000054,Mitte,Altstadt,POINT (8.809754042000066 53.07200118300005)
5985,11,2021,1,3,12,3,5,2,1,1,0,0,0,0,0,1,8.868209414000034,53.06192609800007,Hemelingen,Hastedt,POINT (8.868209414000034 53.06192609800007)
5986,12,2021,5,2,15,3,5,7,1,1,0,0,0,0,0,1,8.602447830000074,53.52850263700003,Geestemünde,Buschkämpen,POINT (8.602447830000074 53.52850263700003)
5987,11,2021,3,5,16,3,3,6,1,1,0,0,0,0,0,0,8.784492406000027,53.09778030700005,Walle,Westend,POINT (8.784492406000027 53.09778030700005)
5988,12,2021,6,5,9,3,5,3,1,1,0,0,0,0,0,0,8.568555023000044,53.56504427900006,Häfen,Speckenbüttel,POINT (8.568555023000044 53.56504427900006)
5989,11,2021,6,5,19,3,0,7,1,1,0,0,0,0,0,1,8.907288024000025,53.078465607000055,Vahr,Neue Vahr Südost,POINT (8.907288024000025 53.07846560700006)
5990,11,2021,2,4,17,3,5,3,1,1,0,0,0,0,0,1,8.836683893000043,53.07528966600006,Östliche Vorstadt,Fesenfeld,POINT (8.836683893000043 53.07528966600006)
5991,11,2021,3,2,11,3,5,3,1,1,0,0,0,0,0,0,8.785636503000035,53.070944258000054,Neustadt,Hohentor,POINT (8.785636503000035 53.07094425800005)
5992,11,2021,7,5,19,3,2,6,1,0,0,1,0,0,0,0,8.80200530600007,53.07660226100006,Mitte,Altstadt,POINT (8.802005306000069 53.07660226100006)
5993,11,2021,3,2,19,3,1,7,1,1,0,0,0,0,2,0,8.896046341000044,53.111635214000046,Horn-Lehe,Lehesterdeich,POINT (8.896046341000044 53.11163521400005)
5994,12,2021,4,4,17,3,5,3,1,1,0,0,0,0,0,0,8.597746182000037,53.57895534600004,Lehe,Königsheide,POINT (8.597746182000037 53.57895534600004)
5995,12,2021,7,1,16,3,5,3,1,1,0,0,0,0,0,0,8.587187063000044,53.53066120900007,Geestemünde,Buschkämpen,POINT (8.587187063000044 53.53066120900007)
5996,11,2021,6,4,9,3,5,2,1,1,0,0,0,0,0,0,8.82792366800004,53.08504285600003,Schwachhausen,Bürgerpark,POINT (8.827923668000039 53.08504285600003)
5997,11,2021,1,5,7,2,5,3,1,0,0,0,0,0,1,1,8.801592952000021,53.07135009800004,Neustadt,Alte Neustadt,POINT (8.801592952000021 53.07135009800004)
5998,11,2021,6,2,11,3,5,2,1,1,0,0,0,0,0,0,8.782910517000062,53.08706484100003,Walle,Überseestadt,POINT (8.782910517000062 53.08706484100003)
5999,11,2021,4,4,17,3,5,3,1,1,0,0,0,0,0,0,8.79983462000007,53.07044659600007,Neustadt,Alte Neustadt,POINT (8.79983462000007 53.07044659600007)
6000,11,2021,2,6,12,3,0,7,1,0,0,0,0,0,0,0,8.899992874000077,53.12255788300007,,Borgfeld,POINT (8.899992874000077 53.12255788300007)
6001,11,2021,7,4,19,3,0,7,1,1,0,0,0,0,0,0,8.824041929000032,53.084271407000074,Schwachhausen,Barkhof,POINT (8.824041929000032 53.08427140700007)
6002,11,2021,6,5,17,3,5,3,1,1,0,0,0,0,0,0,8.898558352000066,53.11993531300004,,Borgfeld,POINT (8.898558352000066 53.11993531300004)
6003,11,2021,5,2,10,3,5,3,1,1,0,0,0,0,0,0,8.685719552000023,53.17763620800008,Burglesum,Lesum,POINT (8.685719552000023 53.17763620800008)
6004,11,2021,7,5,4,3,1,5,1,1,0,0,0,0,1,0,8.80166614600006,53.09458244500007,Findorff,Regensburger Str.,POINT (8.801666146000059 53.09458244500007)
6005,11,2021,3,3,9,3,5,3,1,1,0,0,0,0,0,0,8.772100096000031,53.09465805800005,Walle,Überseestadt,POINT (8.772100096000031 53.09465805800005)
6006,12,2021,5,5,10,3,1,5,1,1,0,0,0,0,0,1,8.582867004000036,53.55662104800007,Lehe,Königsheide,POINT (8.582867004000036 53.55662104800007)
6007,11,2021,7,2,17,3,1,3,1,0,0,0,0,0,0,0,8.807306418000053,53.08216795100003,Mitte,Bahnhofsvorstadt,POINT (8.807306418000053 53.08216795100003)
6008,11,2021,1,2,17,3,5,3,1,1,0,0,0,0,2,1,8.823591752000027,53.044157693000045,Obervieland,Kattenturm,POINT (8.823591752000027 53.04415769300005)
6009,11,2021,3,4,9,3,5,2,1,1,0,0,0,0,0,0,8.618634372000031,53.17430888200005,Vegesack,Vegesack,POINT (8.618634372000031 53.17430888200005)
6010,11,2021,6,3,16,3,5,2,1,1,0,0,0,0,0,0,8.799316044000022,53.083884193000074,Mitte,Bahnhofsvorstadt,POINT (8.799316044000022 53.08388419300007)
6011,11,2021,5,2,13,3,5,3,1,0,0,0,0,0,0,0,8.809897911000064,53.07632441700008,Mitte,Altstadt,POINT (8.809897911000064 53.07632441700008)
6012,11,2021,7,5,11,3,0,7,1,0,0,0,0,0,0,0,8.704399989000024,53.15597205200004,Burglesum,Burg-Grambke,POINT (8.704399989000024 53.15597205200004)
6013,11,2021,4,7,12,3,0,7,1,0,0,0,0,0,0,0,8.803682951000042,53.07671699600007,Mitte,Altstadt,POINT (8.803682951000042 53.07671699600007)
6014,11,2021,3,2,10,3,6,4,1,0,1,0,0,0,0,0,8.82256293000006,53.07520831100004,Mitte,Ostertor,POINT (8.822562930000061 53.07520831100004)
6015,12,2021,6,1,17,3,8,1,1,0,0,0,0,0,0,0,8.549181583000063,53.58059553000004,Häfen,Speckenbüttel,POINT (8.549181583000063 53.58059553000004)
6016,11,2021,2,6,10,3,5,2,1,1,0,0,0,0,0,0,8.751923988000044,53.12211046200008,Gröpelingen,Ohlenhof,POINT (8.751923988000044 53.12211046200008)
6017,11,2021,7,6,20,3,5,3,1,0,0,0,0,0,0,0,8.871064571000034,53.06690678900003,Hemelingen,Hastedt,POINT (8.871064571000034 53.06690678900003)
6018,11,2021,6,3,14,2,4,6,1,0,0,0,0,0,0,0,8.852917999000056,53.06502223000007,Östliche Vorstadt,Peterswerder,POINT (8.852917999000056 53.06502223000007)
6019,11,2021,5,2,8,3,5,3,1,1,0,0,0,0,0,1,8.690212142000064,53.17409933000005,Burglesum,Lesum,POINT (8.690212142000064 53.17409933000005)
6020,11,2021,1,2,12,3,0,1,1,0,0,0,0,0,0,1,8.882325735000052,53.06372246500007,Hemelingen,Hastedt,POINT (8.882325735000052 53.06372246500007)
6021,11,2021,6,7,10,3,8,1,1,0,0,0,0,0,0,0,8.698028288000046,53.08441212900004,,Strom,POINT (8.698028288000046 53.08441212900004)
6022,11,2021,6,5,17,3,1,7,1,1,0,0,0,0,0,1,8.846065278000026,53.05033325000005,Obervieland,Habenhausen,POINT (8.846065278000026 53.05033325000005)
6023,12,2021,2,6,19,3,5,3,1,1,0,0,0,0,2,0,8.589723081000045,53.566864475000045,Lehe,Königsheide,POINT (8.589723081000045 53.56686447500005)
6024,11,2021,3,6,16,3,5,3,1,1,0,0,0,0,0,1,8.88035488600002,53.082405136000034,Vahr,Neue Vahr Südwest,POINT (8.880354886000021 53.08240513600003)
6025,11,2021,7,5,17,3,0,7,1,0,1,0,0,0,0,1,8.867736557000057,53.07257164100008,Hemelingen,Hastedt,POINT (8.867736557000057 53.07257164100008)
6026,11,2021,7,2,10,3,0,1,1,0,0,0,0,0,0,0,8.796770869000056,53.06841858700005,Neustadt,Neustadt,POINT (8.796770869000056 53.06841858700005)
6027,11,2021,6,3,7,3,5,3,1,0,0,0,0,0,0,0,8.817401521000022,53.09834042600005,Findorff,Weidedamm,POINT (8.817401521000022 53.09834042600005)
6028,12,2021,6,1,2,3,8,1,1,0,0,0,0,0,2,0,8.581431193000071,53.567131697000036,Lehe,Königsheide,POINT (8.581431193000071 53.56713169700004)
6029,12,2021,6,5,16,3,5,3,1,1,0,0,0,0,0,0,8.605961494000042,53.591029124000045,Leherheide,Fehmoor,POINT (8.605961494000042 53.59102912400004)
6030,11,2021,5,2,16,3,1,3,1,1,0,0,0,0,0,0,8.96380197700006,53.05750180000007,Osterholz,Tenever,POINT (8.96380197700006 53.05750180000007)
6031,11,2021,6,3,21,3,5,3,1,1,0,0,0,0,0,0,8.877635371000054,53.08028825300005,Vahr,Neue Vahr Südwest,POINT (8.877635371000054 53.08028825300005)
6032,11,2021,7,5,22,3,4,6,1,1,0,0,0,0,2,0,8.729424893000044,53.03948782300006,Huchting,Kirchhuchting,POINT (8.729424893000044 53.03948782300006)
6033,11,2021,3,4,15,3,0,7,1,0,0,0,0,0,0,0,8.839645172000075,53.07227057000006,Östliche Vorstadt,Peterswerder,POINT (8.839645172000075 53.07227057000006)
6034,11,2021,6,2,14,3,0,7,1,0,0,0,0,0,0,0,8.852475821000041,53.07357876200007,Östliche Vorstadt,Hulsberg,POINT (8.852475821000041 53.07357876200007)
6035,11,2021,1,3,8,3,5,3,1,1,0,0,0,0,0,1,8.854290825000021,53.08248335500008,Schwachhausen,Radio Bremen,POINT (8.854290825000021 53.08248335500008)
6036,11,2021,4,6,9,3,5,7,1,1,0,0,0,0,0,0,8.757354682000027,53.117417344000046,Gröpelingen,Ohlenhof,POINT (8.757354682000027 53.11741734400005)
6037,11,2021,7,4,16,3,5,3,1,1,0,0,0,0,0,0,8.885370813000065,53.034570090000045,Hemelingen,Hemelingen,POINT (8.885370813000065 53.03457009000005)
6038,11,2021,6,4,8,3,5,3,1,0,0,0,0,0,0,0,8.856524685000068,53.08986433600006,Schwachhausen,Riensberg,POINT (8.856524685000068 53.08986433600006)
6039,12,2021,6,4,14,3,5,2,1,1,0,0,0,0,0,0,8.578572984000061,53.56062020500008,Lehe,Königsheide,POINT (8.578572984000061 53.56062020500008)
6040,11,2021,4,4,13,3,5,3,1,1,0,0,0,0,0,1,8.861301094000055,53.02372721300003,Obervieland,Arsten,POINT (8.861301094000055 53.02372721300003)
6041,11,2021,4,6,13,3,0,3,1,1,0,0,0,0,0,0,8.618746480000027,53.17725603700006,Vegesack,Vegesack,POINT (8.618746480000027 53.17725603700006)
6042,11,2021,6,7,14,3,5,2,1,1,0,0,0,0,0,0,8.758844230000022,53.11598556300004,Gröpelingen,Lindenhof,POINT (8.758844230000022 53.11598556300004)
6043,11,2021,5,4,8,3,4,6,1,0,0,0,0,0,0,0,8.738056597000025,53.054903092000075,Huchting,Mittelshuchting,POINT (8.738056597000025 53.05490309200007)
6044,11,2021,2,1,16,3,0,7,1,0,0,0,0,0,0,0,8.801305669000044,53.07705510200003,Mitte,Altstadt,POINT (8.801305669000044 53.07705510200003)
6045,11,2021,7,7,17,3,5,3,1,1,0,0,0,0,0,0,8.797177831000056,53.072461848000046,Neustadt,Alte Neustadt,POINT (8.797177831000056 53.07246184800005)
6046,12,2021,4,3,11,3,0,7,1,0,0,0,0,0,0,0,8.590771914000072,53.57932569500008,Lehe,Königsheide,POINT (8.590771914000072 53.57932569500008)
6047,11,2021,4,3,13,3,3,6,1,0,0,0,0,0,0,0,8.776779022000028,53.05340580200004,Neustadt,Neuenland,POINT (8.776779022000028 53.05340580200004)
6048,11,2021,1,5,15,3,5,3,1,1,0,0,0,0,0,0,8.598481658000026,53.175416314000074,Vegesack,Fähr-Lobbendorf,POINT (8.598481658000026 53.17541631400007)
6049,12,2021,3,4,17,2,5,3,1,0,0,1,0,0,0,0,8.588743193000028,53.53455906600004,Geestemünde,Buschkämpen,POINT (8.588743193000028 53.53455906600004)
6050,11,2021,2,5,15,3,5,2,1,1,0,0,0,0,0,0,8.872256833000051,53.07736444300008,Vahr,Gartenstadt Vahr,POINT (8.872256833000051 53.07736444300008)
6051,11,2021,7,4,17,3,4,6,1,0,0,0,0,1,0,0,8.808659745000057,53.072275466000065,Mitte,Altstadt,POINT (8.808659745000057 53.07227546600006)
6052,11,2021,6,7,19,3,5,3,1,0,0,0,0,0,0,0,8.806088958000032,53.07824866800007,Mitte,Altstadt,POINT (8.806088958000032 53.07824866800007)
6053,11,2021,6,3,16,3,0,7,1,0,0,0,0,0,0,0,8.853353264000077,53.06430918400008,Hemelingen,Hastedt,POINT (8.853353264000077 53.06430918400008)
6054,12,2021,1,4,7,3,0,7,1,0,0,0,0,0,0,1,8.611141501000077,53.59626468700003,Leherheide,Fehmoor,POINT (8.611141501000077 53.59626468700003)
6055,11,2021,5,5,14,3,0,7,1,0,1,0,0,0,0,0,8.837210859000038,53.069977433000076,Östliche Vorstadt,Peterswerder,POINT (8.837210859000038 53.06997743300008)
6056,11,2021,6,2,17,3,0,5,1,0,0,0,0,0,0,0,8.852729120000049,53.08222281700006,Schwachhausen,Gete,POINT (8.852729120000049 53.08222281700006)
6057,11,2021,3,1,18,3,5,3,1,1,0,0,0,0,2,1,8.831069718000037,53.085826025000074,Schwachhausen,Bürgerpark,POINT (8.831069718000037 53.08582602500007)
6058,11,2021,7,5,13,3,5,3,1,1,0,0,0,0,0,0,8.858298313000034,53.07246151000004,Hemelingen,Hastedt,POINT (8.858298313000034 53.07246151000004)
6059,11,2021,7,7,13,2,0,7,1,0,0,0,0,0,0,0,8.819723408000073,53.09621930600008,Findorff,Weidedamm,POINT (8.819723408000073 53.09621930600008)
6060,11,2021,4,4,17,3,3,2,1,1,0,0,0,0,0,0,8.701906731000065,53.16770983500004,Burglesum,Burgdamm,POINT (8.701906731000065 53.16770983500004)
6061,11,2021,6,4,7,3,1,3,1,1,0,0,0,0,0,0,8.785446445000048,53.07110383100007,Neustadt,Hohentor,POINT (8.785446445000048 53.07110383100007)
6062,11,2021,6,5,22,3,0,7,1,0,0,0,0,0,2,0,8.722387067000057,53.056864430000076,Huchting,Mittelshuchting,POINT (8.722387067000057 53.05686443000008)
6063,12,2021,6,6,13,3,5,3,1,0,0,0,0,0,0,0,8.580166735000034,53.56953968900007,Lehe,Königsheide,POINT (8.580166735000034 53.56953968900007)
6064,11,2021,6,4,18,3,1,6,1,0,0,0,0,1,0,0,8.691257520000022,53.17212108900003,Burglesum,Lesum,POINT (8.691257520000022 53.17212108900003)
6065,11,2021,4,2,16,2,0,7,1,0,0,0,0,0,0,0,8.622548688000052,53.172924626000054,Vegesack,Vegesack,POINT (8.622548688000052 53.17292462600005)
6066,11,2021,3,6,15,3,1,5,1,1,0,0,0,0,0,0,8.899532195000063,53.105219573000056,,,POINT (8.899532195000063 53.10521957300006)
6067,11,2021,6,5,13,3,5,3,1,0,0,0,0,0,0,0,8.802683933000026,53.08468608800007,Mitte,Bahnhofsvorstadt,POINT (8.802683933000026 53.08468608800007)
6068,11,2021,2,4,15,3,3,6,1,1,0,0,0,0,0,0,8.782039975000032,53.08599007600003,Walle,Überseestadt,POINT (8.782039975000032 53.08599007600003)
6069,11,2021,7,2,16,3,0,7,1,1,0,0,0,0,0,0,8.88080178100006,53.10155879300004,Horn-Lehe,Lehe,POINT (8.880801781000059 53.10155879300004)
6070,11,2021,1,3,20,3,5,3,1,1,0,0,0,0,2,1,8.824431612000069,53.084257480000076,Schwachhausen,Barkhof,POINT (8.824431612000069 53.08425748000008)
6071,11,2021,6,7,11,3,0,7,1,0,0,0,0,0,0,0,8.781542929000068,53.10102992000003,Walle,Walle,POINT (8.781542929000068 53.10102992000003)
6072,11,2021,7,2,4,3,4,2,1,1,0,0,0,0,1,0,8.852215699000055,53.07370123100003,Östliche Vorstadt,Hulsberg,POINT (8.852215699000055 53.07370123100003)
6073,11,2021,3,3,15,3,5,2,1,1,0,0,0,0,0,0,8.82504769600007,53.084519389000036,Schwachhausen,Bürgerpark,POINT (8.82504769600007 53.08451938900004)
6074,11,2021,6,7,21,3,0,7,1,0,0,0,0,1,1,0,8.730037602000039,53.138171131000036,Gröpelingen,Oslebshausen,POINT (8.730037602000039 53.13817113100004)
6075,12,2021,2,7,14,2,3,6,1,1,0,0,0,0,0,0,8.600158133000036,53.52895066100007,Geestemünde,Buschkämpen,POINT (8.600158133000036 53.52895066100007)
6076,11,2021,6,3,16,3,5,3,1,1,0,0,0,0,0,0,8.837105344000065,53.06945514100005,Östliche Vorstadt,Peterswerder,POINT (8.837105344000065 53.06945514100005)
6077,12,2021,7,5,14,3,7,7,1,0,0,0,0,0,0,0,8.582312268000067,53.541450679000036,Mitte,Weddewarden,POINT (8.582312268000067 53.54145067900004)
6078,11,2021,7,4,15,2,0,7,1,0,0,0,0,0,0,0,8.711605236000025,53.14745663100007,Burglesum,Burg-Grambke,POINT (8.711605236000025 53.14745663100007)
6079,11,2021,7,6,11,2,0,7,1,0,0,0,0,0,0,0,8.826984953000022,53.08617202800008,Schwachhausen,Bürgerpark,POINT (8.826984953000022 53.08617202800008)
6080,11,2021,6,7,17,3,1,1,1,1,0,0,0,0,0,1,8.866286614000046,53.06386271800005,Hemelingen,Hastedt,POINT (8.866286614000046 53.06386271800005)
6081,11,2021,3,3,10,3,5,3,1,1,0,0,0,0,0,0,8.754165956000065,53.08882533600007,Woltmershausen,Rablinghausen,POINT (8.754165956000065 53.08882533600007)
6082,11,2021,4,5,17,3,5,3,1,1,0,0,0,0,0,1,8.818109201000027,53.07772651400006,Mitte,Ostertor,POINT (8.818109201000027 53.07772651400006)
6083,11,2021,7,7,11,2,4,6,1,1,0,0,0,0,0,0,8.535816208000028,53.20400589400003,Blumenthal,Farge,POINT (8.535816208000028 53.20400589400003)
6084,11,2021,5,1,18,3,5,3,1,1,0,0,0,0,0,0,8.955894135000051,53.07614346100007,Osterholz,Tenever,POINT (8.955894135000051 53.07614346100007)
6085,11,2021,4,5,18,3,5,3,1,1,0,0,0,0,0,0,8.573061489000054,53.19864624600007,Blumenthal,Lüssum-Bockhorn,POINT (8.573061489000054 53.19864624600007)
6086,11,2021,4,7,12,3,0,7,1,0,0,0,0,0,0,0,8.900678069000037,53.127248060000056,,Borgfeld,POINT (8.900678069000037 53.12724806000006)
6087,11,2021,2,6,7,2,1,5,1,1,0,0,0,0,0,0,8.817855147000046,53.08305366400003,Schwachhausen,Barkhof,POINT (8.817855147000046 53.08305366400003)
6088,12,2021,6,2,8,3,5,2,1,1,0,0,0,0,0,0,8.596510137000053,53.57228079500004,Lehe,Königsheide,POINT (8.596510137000053 53.57228079500004)
6089,11,2021,6,4,12,3,5,3,1,0,0,0,0,0,0,0,8.825151782000034,53.08450503700004,Schwachhausen,Bürgerpark,POINT (8.825151782000034 53.08450503700004)
6090,11,2021,7,4,21,3,3,7,1,1,0,0,0,0,1,1,8.734073803000058,53.05857985400007,Huchting,Mittelshuchting,POINT (8.734073803000058 53.05857985400007)
6091,11,2021,4,1,11,3,0,4,1,0,0,0,0,1,0,0,8.676366181000049,53.11875007000003,,Seehausen,POINT (8.676366181000049 53.11875007000003)
6092,11,2021,7,7,20,3,5,3,1,0,0,0,0,1,0,0,8.792059746000064,53.07305788800005,Neustadt,Alte Neustadt,POINT (8.792059746000064 53.07305788800005)
6093,11,2021,1,3,7,3,5,3,1,1,0,0,0,0,1,0,8.876043122000056,53.08162148000008,Vahr,Gartenstadt Vahr,POINT (8.876043122000056 53.08162148000008)
6094,11,2021,6,7,21,3,5,2,1,1,0,0,0,0,0,0,8.824267863000046,53.07311867100003,Östliche Vorstadt,Steintor,POINT (8.824267863000046 53.07311867100003)
6095,11,2021,7,4,8,3,5,3,1,1,0,0,0,0,0,0,8.92382593800005,53.04043179900003,Hemelingen,Arbergen,POINT (8.92382593800005 53.04043179900003)
6096,11,2021,3,3,16,2,8,1,1,0,0,0,0,0,0,0,8.716525742000044,53.18179672400004,Burglesum,Burgdamm,POINT (8.716525742000044 53.18179672400004)
6097,11,2021,6,6,10,3,5,3,1,1,0,0,0,0,0,0,8.824560616000042,53.06891366900004,Mitte,Ostertor,POINT (8.824560616000042 53.06891366900004)
6098,12,2021,6,6,12,3,5,3,1,1,0,0,0,0,0,0,8.58614338700005,53.56156785700006,Lehe,Königsheide,POINT (8.58614338700005 53.56156785700006)
6099,12,2021,7,7,19,3,0,7,1,0,0,0,0,0,0,0,8.589079562000052,53.533629690000055,Geestemünde,Buschkämpen,POINT (8.589079562000052 53.53362969000005)
6100,11,2021,4,4,19,3,5,3,1,0,0,0,0,0,1,0,8.80314947000005,53.06701762300003,Neustadt,Buntentor,POINT (8.803149470000051 53.06701762300003)
6101,11,2021,7,2,16,3,5,2,1,1,0,0,0,0,0,0,8.872446916000058,53.06313034400006,Hemelingen,Hastedt,POINT (8.872446916000058 53.06313034400006)
6102,11,2021,6,4,12,3,3,6,1,0,0,1,0,0,0,0,8.832184002000076,53.08610413900004,Schwachhausen,Bürgerpark,POINT (8.832184002000076 53.08610413900004)
6103,11,2021,1,7,12,2,5,3,1,1,0,0,0,0,0,0,8.90096303100006,53.08951766000007,Horn-Lehe,Horn,POINT (8.90096303100006 53.08951766000007)
6104,11,2021,6,6,15,3,5,3,1,1,0,0,0,0,0,0,8.896912784000051,53.05907193300004,Hemelingen,Sebaldsbrück,POINT (8.896912784000051 53.05907193300004)
6105,11,2021,7,3,12,3,5,2,1,1,0,0,0,0,0,0,8.862525943000037,53.106783964000044,Horn-Lehe,Lehe,POINT (8.862525943000037 53.10678396400004)
6106,11,2021,7,2,13,3,3,2,1,1,0,0,0,0,0,0,8.79948141400007,53.07016460800003,Neustadt,Alte Neustadt,POINT (8.79948141400007 53.07016460800003)
6107,11,2021,4,4,14,3,5,3,1,1,0,0,0,0,0,0,8.759916555000075,53.11398675400005,Gröpelingen,Lindenhof,POINT (8.759916555000075 53.11398675400005)
6108,11,2021,6,4,9,3,5,3,1,1,0,0,0,0,0,0,8.809590834000062,53.092589144000044,Findorff,Findorff-Bürgerweide,POINT (8.809590834000062 53.09258914400004)
6109,11,2021,6,5,12,3,0,6,1,1,0,0,0,0,0,0,8.765102760000048,53.124245915000074,Gröpelingen,Ohlenhof,POINT (8.765102760000048 53.12424591500007)
6110,11,2021,4,6,23,2,1,7,1,1,0,0,0,0,2,0,8.764190506000034,53.087766275000035,Woltmershausen,Woltmershausen,POINT (8.764190506000034 53.08776627500004)
6111,11,2021,6,3,8,3,1,7,1,1,0,0,0,0,0,1,8.80630943600005,53.064305912000066,Neustadt,Buntentor,POINT (8.806309436000049 53.06430591200007)
6112,11,2021,7,3,9,3,5,3,1,1,0,0,0,0,0,0,8.846508691000054,53.092442419000065,Schwachhausen,Neu-Schwachhausen,POINT (8.846508691000054 53.09244241900007)
6113,11,2021,6,2,5,3,4,6,1,0,0,0,0,0,0,1,8.885840747000032,53.05666471400008,Hemelingen,Hemelingen,POINT (8.885840747000032 53.05666471400008)
6114,11,2021,2,3,17,3,3,6,1,0,0,0,0,0,2,2,8.779125201000056,53.07611155300003,Woltmershausen,Woltmershausen,POINT (8.779125201000056 53.07611155300003)
6115,11,2021,7,6,11,3,5,3,1,1,0,0,0,0,0,0,8.870247756000026,53.06485454400007,Hemelingen,Hastedt,POINT (8.870247756000026 53.06485454400007)
6116,12,2021,1,4,17,2,5,2,1,1,0,0,0,0,2,1,8.579857841000035,53.54665690400003,Mitte,Weddewarden,POINT (8.579857841000035 53.54665690400003)
6117,11,2021,7,2,11,3,0,7,1,0,0,0,0,1,0,0,8.904778251000039,53.11910170800007,,Borgfeld,POINT (8.904778251000039 53.11910170800007)
6118,11,2021,3,5,16,3,1,7,1,1,0,0,0,0,0,0,8.828645806000054,53.06880200200004,Östliche Vorstadt,Steintor,POINT (8.828645806000054 53.06880200200004)
6119,11,2021,6,1,15,3,0,3,1,1,0,0,0,0,0,0,8.718589965000035,53.04588712300006,Huchting,Sodenmatt,POINT (8.718589965000035 53.04588712300006)
6120,11,2021,7,2,7,3,1,7,1,1,0,0,0,0,0,0,8.815246062000028,53.07713919400004,Mitte,Ostertor,POINT (8.815246062000028 53.07713919400004)
6121,11,2021,1,5,5,3,5,3,1,1,0,0,0,0,2,1,8.95132516800004,53.05787926700003,Osterholz,Osterholz,POINT (8.951325168000039 53.05787926700003)
6122,12,2021,5,5,15,3,0,7,1,0,0,0,0,0,0,0,8.585909007000055,53.555538984000066,Lehe,Königsheide,POINT (8.585909007000055 53.55553898400007)
6123,11,2021,4,2,18,3,5,3,1,1,0,0,0,0,0,0,8.816896147000023,53.07858441800005,Mitte,Bahnhofsvorstadt,POINT (8.816896147000023 53.07858441800005)
6124,11,2021,4,7,15,3,5,3,1,0,0,0,0,0,0,0,8.801530248000063,53.071537515000045,Neustadt,Alte Neustadt,POINT (8.801530248000063 53.07153751500005)
6125,11,2021,2,3,6,3,5,2,1,0,0,0,0,1,0,0,8.78143182100007,53.06767019900008,Neustadt,Hohentor,POINT (8.781431821000069 53.06767019900008)
6126,11,2021,5,2,6,3,5,2,1,1,0,0,0,0,0,0,8.70215537200005,53.16770641200003,Burglesum,Burgdamm,POINT (8.70215537200005 53.16770641200003)
6127,12,2021,1,4,15,3,6,4,1,0,1,0,0,0,0,1,8.585893502000033,53.55930636200003,Lehe,Königsheide,POINT (8.585893502000033 53.55930636200003)
6128,11,2021,6,2,5,3,5,3,1,1,0,0,0,0,0,1,8.882850619000067,53.07472067900005,Hemelingen,Sebaldsbrück,POINT (8.882850619000067 53.07472067900005)
6129,11,2021,7,4,11,2,5,3,1,1,0,0,0,0,0,0,8.896447476000048,53.07925509200004,Vahr,Neue Vahr Südost,POINT (8.896447476000048 53.07925509200004)
6130,12,2021,3,2,7,3,5,3,1,1,0,0,0,0,1,0,8.568137610000065,53.55398790800007,Mitte,Weddewarden,POINT (8.568137610000065 53.55398790800007)
6131,11,2021,2,4,12,3,5,3,1,1,0,0,0,0,0,0,8.864971009000044,53.071567248000065,Hemelingen,Hastedt,POINT (8.864971009000044 53.07156724800006)
6132,11,2021,3,2,17,3,1,7,1,1,0,0,0,0,0,1,8.790431327000022,53.097472064000044,Walle,Westend,POINT (8.790431327000022 53.09747206400004)
6133,11,2021,7,5,21,2,4,6,1,0,0,0,0,1,1,0,8.807210539000039,53.07282824100008,Mitte,Altstadt,POINT (8.807210539000039 53.07282824100008)
6134,11,2021,4,4,18,3,3,6,1,0,0,0,0,0,0,0,8.82959683300004,53.08546306200003,Schwachhausen,Bürgerpark,POINT (8.829596833000039 53.08546306200003)
6135,11,2021,2,3,9,2,5,3,1,1,0,0,0,0,0,0,8.78052284100005,53.06812686400008,Neustadt,Hohentor,POINT (8.78052284100005 53.06812686400008)
6136,11,2021,7,4,8,3,5,3,1,1,0,0,0,0,0,0,8.86021015700004,53.082406467000055,Vahr,Gartenstadt Vahr,POINT (8.86021015700004 53.08240646700006)
6137,11,2021,6,2,18,3,5,3,1,1,0,0,0,0,0,0,8.791446077000046,53.11086268300005,Walle,Hohweg,POINT (8.791446077000046 53.11086268300005)