,UKREIS,UJAHR,UMONAT,UWOCHENTAG,USTUNDE,UKATEGORIE,UART,UTYP1,IstRad,IstPKW,IstFuss,IstKrad,IstGkfz,IstSonstig,ULICHTVERH,STRZUSTAND,longitude,latitude,Stadtteil,Ortsteil,geometry
6138,11,2021,7,4,16,3,5,3,1,1,0,0,0,0,0,0,8.825079384000048,53.084200734000035,Schwachhausen,Barkhof,POINT (8.825079384000048 53.08420073400004)
6139,11,2021,6,3,17,1,5,3,1,0,0,0,1,0,0,0,8.74026426100005,53.12475687500006,Häfen,Industriehäfen,POINT (8.74026426100005 53.12475687500006)
6140,12,2021,2,4,18,3,7,1,1,0,0,0,0,0,1,2,8.609875113000044,53.52990537900007,Geestemünde,Buschkämpen,POINT (8.609875113000044 53.52990537900007)
6141,11,2021,7,6,17,3,3,6,1,1,0,0,0,0,0,0,8.819735943000069,53.053704810000056,Neustadt,Huckelriede,POINT (8.819735943000069 53.05370481000006)
6142,11,2021,5,5,13,3,2,7,1,0,0,0,0,1,0,0,8.808826907000025,53.072216215000026,Mitte,Altstadt,POINT (8.808826907000025 53.07221621500003)
6143,11,2021,3,7,19,3,5,3,1,1,0,0,0,0,2,1,8.724075648000053,53.043320547000064,Huchting,Sodenmatt,POINT (8.724075648000053 53.04332054700006)
6144,11,2021,6,6,7,3,5,3,1,0,0,0,0,0,0,0,8.88933193500003,53.058003221000035,Hemelingen,Hemelingen,POINT (8.88933193500003 53.05800322100004)
6145,11,2021,4,3,10,2,1,5,1,1,0,0,0,0,0,0,8.789806759000044,53.071506629000055,Neustadt,Hohentor,POINT (8.789806759000044 53.07150662900005)
6146,11,2021,5,5,17,3,6,4,1,0,1,0,0,0,0,0,8.80692943200006,53.06475751500005,Neustadt,Buntentor,POINT (8.806929432000061 53.06475751500005)
6147,11,2021,6,4,12,3,5,3,1,1,0,0,0,0,0,0,8.814842154000075,53.05481198900003,Neustadt,Huckelriede,POINT (8.814842154000075 53.05481198900003)
6148,11,2021,2,4,7,2,5,3,1,1,0,0,0,0,0,0,8.87895547900007,53.08573362000004,Vahr,Neue Vahr Nord,POINT (8.878955479000069 53.08573362000004)
6149,12,2021,7,2,13,3,1,3,1,1,0,0,0,0,0,1,8.575202181000066,53.54764080000007,Mitte,Weddewarden,POINT (8.575202181000066 53.54764080000007)
6150,12,2021,7,4,12,3,0,7,1,0,0,0,0,0,0,1,8.60546781100004,53.53064975900003,Geestemünde,Buschkämpen,POINT (8.60546781100004 53.53064975900003)
6151,11,2021,3,2,14,2,5,3,1,1,0,0,0,0,0,0,8.603792404000046,53.17694773800008,Vegesack,Fähr-Lobbendorf,POINT (8.603792404000046 53.17694773800008)
6152,11,2021,6,5,8,3,0,1,1,0,0,0,0,0,0,0,8.827073118000044,53.07274551200004,Östliche Vorstadt,Steintor,POINT (8.827073118000044 53.07274551200004)
6153,11,2021,6,3,17,3,5,3,1,1,0,0,0,0,0,0,8.663387886000066,53.17535709100008,Burglesum,St.Magnus,POINT (8.663387886000066 53.17535709100008)
6154,11,2021,7,7,12,3,3,6,1,1,0,0,0,0,0,0,8.928643995000073,53.06057567600004,Osterholz,Ellener Feld,POINT (8.928643995000073 53.06057567600004)
6155,11,2021,4,3,15,3,1,7,1,1,0,0,0,0,0,0,8.811985321000066,53.08967600500006,Findorff,Findorff-Bürgerweide,POINT (8.811985321000066 53.08967600500006)
6156,12,2021,7,5,8,3,5,3,1,1,0,0,0,0,0,0,8.57482613600007,53.56054931700004,Lehe,Königsheide,POINT (8.57482613600007 53.56054931700004)
6157,11,2021,6,5,16,3,5,3,1,1,0,0,0,0,0,0,8.76478359500004,53.11291655400004,Gröpelingen,Lindenhof,POINT (8.76478359500004 53.11291655400004)
6158,12,2021,3,3,16,2,5,3,1,1,0,0,0,0,0,0,8.572272128000066,53.56043702000005,Mitte,Weddewarden,POINT (8.572272128000066 53.56043702000005)
6159,11,2021,4,5,15,3,3,2,1,1,0,0,0,0,0,0,8.837285962000067,53.076886269000056,Östliche Vorstadt,Fesenfeld,POINT (8.837285962000067 53.07688626900006)
6160,11,2021,4,5,7,3,5,3,1,1,0,0,0,0,0,0,8.873057445000029,53.08476207700005,Schwachhausen,Radio Bremen,POINT (8.873057445000029 53.08476207700005)
6161,11,2021,7,6,13,3,5,3,1,1,0,0,0,0,0,0,8.95183042900004,53.07263368200006,Osterholz,Tenever,POINT (8.95183042900004 53.07263368200006)
6162,11,2021,1,4,10,3,5,3,1,0,0,0,0,0,0,0,8.813023495000039,53.07957961300008,Mitte,Bahnhofsvorstadt,POINT (8.813023495000039 53.07957961300008)
6163,12,2021,5,3,15,3,5,3,1,1,0,0,0,0,0,1,8.594920999000067,53.54483956300004,Geestemünde,Buschkämpen,POINT (8.594920999000067 53.54483956300004)
6164,11,2021,4,7,18,3,3,6,1,1,0,0,0,1,0,0,8.822859220000055,53.07797863500008,Mitte,Ostertor,POINT (8.822859220000055 53.07797863500008)
6165,11,2021,4,2,10,2,3,2,1,1,0,0,0,0,0,0,8.577788203000068,53.18703785200006,Blumenthal,Blumenthal,POINT (8.577788203000068 53.18703785200006)
6166,11,2021,6,1,14,3,0,7,1,0,0,0,0,0,0,0,8.866135685000074,53.06392703800003,Hemelingen,Hastedt,POINT (8.866135685000074 53.06392703800003)
6167,11,2021,6,4,12,2,5,3,1,0,0,0,0,0,0,0,8.617439404000038,53.174853220000045,Vegesack,Vegesack,POINT (8.617439404000038 53.17485322000005)
6168,11,2021,1,6,13,3,5,2,1,1,0,0,0,0,0,0,8.715549132000035,53.053628315000026,Huchting,Mittelshuchting,POINT (8.715549132000035 53.05362831500003)
6169,11,2021,5,4,7,3,5,3,1,1,0,0,0,0,0,0,8.801980836000041,53.07144012300006,Neustadt,Alte Neustadt,POINT (8.801980836000041 53.07144012300006)
6170,12,2021,3,4,13,3,0,7,1,1,0,0,0,0,0,0,8.579913950000048,53.55079257600005,Mitte,Weddewarden,POINT (8.579913950000048 53.55079257600005)
6171,12,2021,2,4,18,3,5,3,1,1,0,0,0,0,2,0,8.617774489000055,53.51979803800003,Geestemünde,Buschkämpen,POINT (8.617774489000055 53.51979803800003)
6172,11,2021,1,7,0,2,0,7,1,0,0,0,0,0,2,1,8.758508388000052,53.11640030600006,Gröpelingen,Lindenhof,POINT (8.758508388000052 53.11640030600006)
6173,12,2021,7,5,1,3,8,1,1,0,0,0,0,0,2,0,8.576620176000063,53.54559474900003,Mitte,Weddewarden,POINT (8.576620176000063 53.54559474900003)
6174,11,2021,3,7,11,3,0,1,1,0,0,0,0,0,0,0,8.818204631000071,53.09550889500008,Findorff,Weidedamm,POINT (8.818204631000071 53.09550889500008)
6175,11,2021,6,7,17,3,5,2,1,1,0,0,0,0,0,0,8.788046031000022,53.10422908100003,Walle,Osterfeuerberg,POINT (8.788046031000022 53.10422908100003)
6176,11,2021,6,5,15,3,1,5,1,1,0,0,0,0,0,0,8.79708818100005,53.103803894000066,Walle,Osterfeuerberg,POINT (8.797088181000049 53.10380389400007)
6177,11,2021,3,2,18,3,2,7,1,1,0,0,0,0,1,0,8.569118296000056,53.20101790500007,Blumenthal,Lüssum-Bockhorn,POINT (8.569118296000056 53.20101790500007)
6178,11,2021,7,3,13,3,0,7,1,0,0,0,0,0,0,0,8.828634229000045,53.08252753100004,Schwachhausen,Barkhof,POINT (8.828634229000045 53.08252753100004)
6179,12,2021,7,4,7,3,5,3,1,0,0,0,0,0,0,0,8.593682861000048,53.565416879000054,Lehe,Königsheide,POINT (8.593682861000048 53.56541687900005)
6180,11,2021,6,2,15,3,1,5,1,1,0,0,0,0,0,0,8.80751551000003,53.09937378700005,Findorff,Regensburger Str.,POINT (8.80751551000003 53.09937378700005)
6181,11,2021,4,7,1,3,0,1,1,0,0,0,0,0,2,0,8.561284261000026,53.191609835000065,Blumenthal,Rönnebeck,POINT (8.561284261000026 53.19160983500007)
6182,11,2021,6,5,7,3,5,3,1,1,0,0,0,0,0,0,8.56447804000004,53.193107858000076,Blumenthal,Blumenthal,POINT (8.56447804000004 53.19310785800008)
6183,11,2021,1,2,12,3,4,2,1,1,0,0,0,0,0,1,8.795245386000033,53.09087740700005,Walle,Utbremen,POINT (8.795245386000033 53.09087740700005)
6184,11,2021,5,2,11,3,3,6,1,1,0,0,0,0,0,0,8.902445028000045,53.12741898500008,,Borgfeld,POINT (8.902445028000045 53.12741898500008)
6185,11,2021,7,1,15,3,0,3,1,1,0,0,0,0,0,0,8.788948104000042,53.07314689300006,Neustadt,Alte Neustadt,POINT (8.788948104000042 53.07314689300006)
6186,11,2021,7,4,20,3,5,3,1,1,0,0,0,0,1,0,8.853960130000075,53.082294381000054,Schwachhausen,Gete,POINT (8.853960130000075 53.08229438100005)
6187,11,2021,1,2,14,3,5,3,1,1,0,0,0,0,0,1,8.807284883000023,53.08237072700007,Mitte,Bahnhofsvorstadt,POINT (8.807284883000023 53.08237072700007)
6188,11,2021,6,5,9,3,6,7,1,0,1,0,0,0,0,0,8.860579948000066,53.10282389200006,Horn-Lehe,Lehe,POINT (8.860579948000066 53.10282389200006)
6189,12,2021,4,1,14,3,8,1,1,0,0,0,0,0,0,0,8.578827561000026,53.54635825200006,Mitte,Weddewarden,POINT (8.578827561000026 53.54635825200006)
6190,11,2021,3,3,21,3,1,5,1,1,0,0,0,0,2,0,8.84114461300004,53.092457919000026,Schwachhausen,Neu-Schwachhausen,POINT (8.84114461300004 53.09245791900003)
6191,11,2021,6,4,13,3,5,3,1,1,0,0,0,0,0,0,8.806581258000051,53.073555052000074,Mitte,Altstadt,POINT (8.806581258000051 53.07355505200007)
6192,11,2021,5,2,9,3,5,3,1,1,0,0,0,0,0,0,8.83138645400004,53.08124258000004,Schwachhausen,Schwachhausen,POINT (8.83138645400004 53.08124258000004)
6193,11,2021,1,2,13,3,5,3,1,1,0,0,0,0,0,1,8.88371068400005,53.04841958700007,Hemelingen,Hemelingen,POINT (8.88371068400005 53.04841958700007)
6194,11,2021,6,6,7,3,3,6,1,0,0,0,0,0,0,0,8.939469945000042,53.076683040000034,,,POINT (8.939469945000042 53.07668304000003)
6195,11,2021,3,4,15,3,2,6,1,1,0,0,0,0,0,0,8.835334399000033,53.080293519000065,Schwachhausen,Gete,POINT (8.835334399000033 53.08029351900007)
6196,11,2021,6,4,13,3,5,2,1,1,0,0,0,0,0,0,8.772196209000072,53.07874601200007,Woltmershausen,Woltmershausen,POINT (8.772196209000072 53.07874601200007)
6197,11,2021,4,7,14,2,5,3,1,1,0,0,0,0,0,0,8.906883779000054,53.07144387100004,Hemelingen,Sebaldsbrück,POINT (8.906883779000054 53.07144387100004)
6198,11,2021,4,5,10,3,5,3,1,1,0,0,0,0,0,0,8.812638614000036,53.080821220000075,Mitte,Bahnhofsvorstadt,POINT (8.812638614000036 53.08082122000008)
6199,11,2021,7,5,23,3,0,7,1,0,0,0,0,0,2,0,8.82512089200003,53.08433519400006,Schwachhausen,Bürgerpark,POINT (8.825120892000029 53.08433519400006)
6200,11,2021,6,6,10,2,0,3,1,1,0,0,0,0,0,0,8.823643532000062,53.044141066000066,Obervieland,Kattenturm,POINT (8.823643532000062 53.04414106600007)
6201,11,2021,5,7,16,3,5,2,1,1,0,0,0,0,0,0,8.808637434000048,53.08289263000006,Mitte,Bahnhofsvorstadt,POINT (8.808637434000048 53.08289263000006)
6202,11,2021,1,4,7,2,5,3,1,1,0,0,0,0,2,1,8.831541020000031,53.08593448900007,Schwachhausen,Bürgerpark,POINT (8.831541020000031 53.08593448900007)
6203,11,2021,6,3,9,3,5,3,1,0,0,0,0,1,0,0,8.818926646000023,53.05181993900004,Neustadt,Huckelriede,POINT (8.818926646000023 53.05181993900004)
6204,11,2021,5,3,9,3,5,3,1,1,0,0,0,0,0,1,8.807439249000026,53.082253466000054,Mitte,Bahnhofsvorstadt,POINT (8.807439249000026 53.08225346600005)
6205,11,2021,7,5,18,3,5,3,1,1,0,0,0,0,0,0,8.848653554000066,53.05050565700003,Obervieland,Habenhausen,POINT (8.848653554000066 53.05050565700003)
6206,12,2021,6,3,13,3,6,4,1,0,1,0,0,0,0,0,8.59848557600003,53.56665563000007,Lehe,Königsheide,POINT (8.59848557600003 53.56665563000007)
6207,11,2021,5,6,14,3,0,7,1,0,0,0,0,0,0,0,8.730370526000058,53.09152062900006,Häfen,Neustädter Hafen,POINT (8.730370526000058 53.09152062900006)
6208,11,2021,7,2,17,3,5,3,1,1,0,0,0,0,0,1,8.786706684000023,53.07440659800005,Neustadt,Hohentor,POINT (8.786706684000023 53.07440659800005)
6209,11,2021,3,4,10,2,0,7,1,1,0,0,0,0,0,0,8.849732433000042,53.048705548000044,Obervieland,Habenhausen,POINT (8.849732433000042 53.04870554800004)
6210,11,2021,6,6,18,2,0,7,1,0,0,0,0,1,0,0,8.890090952000037,53.08430885400003,Vahr,Neue Vahr Nord,POINT (8.890090952000037 53.08430885400003)
6211,11,2021,6,2,16,3,5,3,1,0,0,0,0,1,0,0,8.864196808000031,53.09444013500007,Horn-Lehe,Horn,POINT (8.864196808000031 53.09444013500007)
6212,11,2021,7,7,15,3,5,3,1,1,0,0,0,0,0,0,8.963309008000067,53.057544893000056,Osterholz,Tenever,POINT (8.963309008000067 53.05754489300006)
6213,11,2021,5,2,13,3,5,3,1,1,0,0,0,0,0,1,8.827323386000046,53.04261152400005,Obervieland,Kattenturm,POINT (8.827323386000046 53.04261152400005)
6214,11,2021,4,6,7,3,3,7,1,1,0,0,0,0,0,0,8.710997976000044,53.15283783700005,Burglesum,Burg-Grambke,POINT (8.710997976000044 53.15283783700005)
6215,11,2021,6,1,14,3,1,5,1,1,0,0,0,0,0,0,8.613305669000056,53.18219607900005,Vegesack,Fähr-Lobbendorf,POINT (8.613305669000056 53.18219607900005)
6216,11,2021,6,6,11,3,5,3,1,1,0,0,0,0,0,0,8.811216312000056,53.08015658900007,Mitte,Bahnhofsvorstadt,POINT (8.811216312000056 53.08015658900007)
6217,11,2021,3,4,12,3,5,2,1,0,0,0,0,1,0,0,8.820728663000068,53.05061100200004,Obervieland,Kattenturm,POINT (8.820728663000068 53.05061100200004)
6218,11,2021,3,2,10,3,3,2,1,1,0,0,0,0,0,2,8.830342403000031,53.085649207000074,Schwachhausen,Bürgerpark,POINT (8.830342403000031 53.08564920700007)
6219,12,2021,5,2,15,3,9,1,1,0,0,0,0,0,0,0,8.586555316000045,53.52228574500003,Fischereihafen,Mitte-Süd,POINT (8.586555316000045 53.52228574500003)
6220,11,2021,7,3,16,3,5,3,1,1,0,0,0,0,0,0,8.874343657000054,53.078413596000075,Vahr,Gartenstadt Vahr,POINT (8.874343657000054 53.07841359600008)
6221,11,2021,6,4,12,2,5,3,1,0,0,0,0,1,0,0,8.84241241500007,53.10603605800003,Schwachhausen,Neu-Schwachhausen,POINT (8.842412415000069 53.10603605800003)
6222,11,2021,1,6,20,3,8,6,1,0,0,0,0,1,2,0,8.856917180000039,53.04580169600007,Obervieland,Habenhausen,POINT (8.856917180000039 53.04580169600007)
6223,11,2021,6,2,16,3,5,3,1,1,0,0,0,0,0,0,8.872444915000074,53.06312825700007,Hemelingen,Hastedt,POINT (8.872444915000074 53.06312825700007)
6224,11,2021,7,7,11,3,5,7,1,1,0,0,0,0,0,1,8.952869718000045,53.05779388900004,Osterholz,Tenever,POINT (8.952869718000045 53.05779388900004)
6225,11,2021,5,2,14,3,5,3,1,0,0,0,0,1,0,0,8.875715565000064,53.08247980900006,Schwachhausen,Radio Bremen,POINT (8.875715565000064 53.08247980900006)
6226,11,2021,1,5,8,3,1,7,1,1,0,0,0,0,0,2,8.93777026600003,53.07539822600006,Osterholz,Ellenerbrok-Schevemoor,POINT (8.93777026600003 53.07539822600006)
6227,11,2021,6,3,18,2,0,7,1,0,0,0,0,0,0,0,8.628002149000054,53.16914689300006,Vegesack,Vegesack,POINT (8.628002149000054 53.16914689300006)
6228,12,2021,5,2,16,3,4,6,1,1,0,0,0,0,0,0,8.605971544000056,53.51613501700007,Geestemünde,Buschkämpen,POINT (8.605971544000056 53.51613501700007)
6229,11,2021,3,7,18,2,0,7,1,0,0,0,0,0,0,0,8.786920341000041,53.10021170400006,Walle,Walle,POINT (8.786920341000041 53.10021170400006)
6230,11,2021,6,2,14,2,5,3,1,1,0,0,0,0,0,0,8.887735820000046,53.10911139500007,Horn-Lehe,Lehesterdeich,POINT (8.887735820000046 53.10911139500007)
6231,11,2021,2,4,5,3,5,3,1,1,0,0,0,0,2,1,8.896104403000038,53.056874280000045,Hemelingen,Sebaldsbrück,POINT (8.896104403000038 53.05687428000005)
6232,12,2021,7,1,12,3,0,7,1,0,0,0,0,0,0,1,8.595077709000066,53.543113789000074,Geestemünde,Buschkämpen,POINT (8.595077709000066 53.54311378900007)
6233,12,2021,7,5,9,3,6,4,1,0,1,0,0,0,0,1,8.589106595000032,53.533550372000036,Geestemünde,Buschkämpen,POINT (8.589106595000032 53.53355037200004)
6234,12,2021,4,6,18,3,5,2,1,1,0,0,0,0,0,1,8.602232163000053,53.571991267000044,Lehe,Königsheide,POINT (8.602232163000053 53.57199126700004)
6235,11,2021,6,3,18,3,0,1,1,0,0,0,0,0,0,0,8.853740342000037,53.08726961200006,Schwachhausen,Radio Bremen,POINT (8.853740342000037 53.08726961200006)
6236,12,2021,6,6,23,3,8,1,1,0,0,0,0,0,2,0,8.59587616300007,53.51139623500006,Wulsdorf,Geestemünde-Süd,POINT (8.595876163000071 53.51139623500006)
6237,11,2021,7,5,10,3,5,2,1,1,0,0,0,0,0,0,8.627129427000057,53.17032160100007,Vegesack,Vegesack,POINT (8.627129427000057 53.17032160100007)
6238,11,2021,7,6,14,3,0,7,1,0,0,0,0,0,0,0,8.870932605000064,53.10377888900007,Horn-Lehe,Lehe,POINT (8.870932605000064 53.10377888900007)
6239,11,2021,7,3,10,3,6,3,1,0,1,0,0,0,0,0,8.790199193000035,53.067374193000035,Neustadt,Neustadt,POINT (8.790199193000035 53.06737419300003)
6240,11,2021,4,3,7,3,5,3,1,1,0,0,0,0,0,0,8.833092899000064,53.03978668700006,Obervieland,Kattenturm,POINT (8.833092899000064 53.03978668700006)
6241,11,2021,3,6,23,2,1,7,1,1,0,0,0,0,2,0,8.818359601000054,53.077444470000046,Mitte,Ostertor,POINT (8.818359601000054 53.07744447000005)
6242,12,2021,6,6,11,3,5,3,1,1,0,0,0,0,0,0,8.597248914000033,53.59026445200004,Leherheide,Fehmoor,POINT (8.597248914000033 53.59026445200004)
6243,11,2021,3,6,16,3,5,3,1,1,0,0,0,0,0,0,8.846299890000068,53.047492463000026,Obervieland,Habenhausen,POINT (8.846299890000068 53.04749246300003)
6244,11,2021,6,4,19,3,0,7,1,0,0,0,0,0,0,0,8.804839705000063,53.09165148500006,Findorff,Findorff-Bürgerweide,POINT (8.804839705000063 53.09165148500006)
6245,11,2021,7,6,13,3,5,3,1,0,0,0,0,1,0,0,8.799432219000039,53.07006566000007,Neustadt,Alte Neustadt,POINT (8.799432219000039 53.07006566000007)
6246,11,2021,7,4,10,3,5,3,1,1,0,0,0,0,0,1,8.614279896000028,53.17622750000004,Vegesack,Vegesack,POINT (8.614279896000028 53.17622750000004)
6247,11,2021,7,6,16,3,0,3,1,0,0,0,0,0,0,0,8.800400077000063,53.09146519300003,Findorff,Findorff-Bürgerweide,POINT (8.800400077000063 53.09146519300003)
6248,11,2021,4,5,10,2,1,5,1,1,0,0,0,0,0,0,8.822578814000053,53.07958272500008,Mitte,Ostertor,POINT (8.822578814000053 53.07958272500008)
6249,11,2021,4,7,18,3,5,3,1,1,0,0,0,0,0,0,8.853530689000024,53.070755071000065,Östliche Vorstadt,Hulsberg,POINT (8.853530689000024 53.07075507100006)
6250,12,2021,2,3,12,3,8,1,1,0,0,0,0,0,0,0,8.586391023000033,53.59149655500005,Lehe,Königsheide,POINT (8.586391023000033 53.59149655500005)
6251,11,2021,1,4,8,3,1,5,1,0,0,1,1,0,0,1,8.788039454000057,53.06597605800005,Neustadt,Neustadt,POINT (8.788039454000057 53.06597605800005)
6252,11,2021,6,3,12,3,5,2,1,1,0,0,0,0,0,0,8.831044227000064,53.07476022000003,Östliche Vorstadt,Fesenfeld,POINT (8.831044227000064 53.07476022000003)
6253,11,2021,6,5,11,3,5,3,1,1,0,0,0,0,0,0,8.876533727000037,53.08104137200007,Vahr,Gartenstadt Vahr,POINT (8.876533727000037 53.08104137200007)
6254,11,2021,2,6,9,3,5,1,1,0,0,0,0,0,0,0,8.803244359000075,53.069634618000066,Neustadt,Alte Neustadt,POINT (8.803244359000075 53.06963461800007)
6255,11,2021,1,7,14,3,5,3,1,1,0,0,0,0,0,0,8.82593206100006,53.078736055000036,Östliche Vorstadt,Fesenfeld,POINT (8.82593206100006 53.07873605500004)
6256,11,2021,4,3,19,3,1,5,1,1,0,0,0,0,0,0,8.829911550000077,53.08554163700006,Schwachhausen,Bürgerpark,POINT (8.829911550000077 53.08554163700006)
6257,11,2021,6,4,15,3,5,3,1,1,0,0,0,0,0,0,8.754753510000057,53.11974696900006,Gröpelingen,Ohlenhof,POINT (8.754753510000057 53.11974696900006)
6258,11,2021,5,2,7,3,5,3,1,1,0,0,0,0,0,0,8.566287983000052,53.187722637000036,Blumenthal,Blumenthal,POINT (8.566287983000052 53.18772263700004)
6259,11,2021,3,4,10,3,4,6,1,1,0,0,0,0,0,0,8.939332970000066,53.085725549000074,,,POINT (8.939332970000066 53.08572554900007)
6260,11,2021,7,7,8,2,5,3,1,1,0,0,0,0,0,0,8.913896565000073,53.083358254000075,,,POINT (8.913896565000073 53.08335825400007)
6261,11,2021,1,3,23,3,0,7,1,0,0,0,0,0,2,2,8.802584729000046,53.07169191700007,Neustadt,Alte Neustadt,POINT (8.802584729000046 53.07169191700007)
6262,11,2021,7,2,10,2,5,3,1,1,0,0,0,0,0,0,8.739113603000021,53.13519797200007,Gröpelingen,Oslebshausen,POINT (8.739113603000021 53.13519797200007)
6263,11,2021,3,4,15,3,4,2,1,1,0,0,0,0,0,0,8.804449615000067,53.075508177000074,Mitte,Altstadt,POINT (8.804449615000067 53.07550817700007)
6264,11,2021,6,6,17,3,5,3,1,1,0,0,0,0,0,0,8.813936357000046,53.10030084400006,Findorff,Weidedamm,POINT (8.813936357000046 53.10030084400006)
6265,12,2021,6,7,13,3,1,5,1,1,0,0,0,0,0,1,8.61077212400005,53.59129396900005,Leherheide,Fehmoor,POINT (8.61077212400005 53.59129396900005)
6266,12,2021,2,7,15,3,6,4,1,0,1,0,0,0,0,0,8.610364743000048,53.51042298500005,Geestemünde,Buschkämpen,POINT (8.610364743000048 53.51042298500005)
6267,11,2021,7,5,7,3,5,3,1,1,0,0,0,0,0,1,8.792994541000041,53.066746685000055,Neustadt,Neustadt,POINT (8.792994541000041 53.06674668500006)
6268,11,2021,7,3,13,3,5,2,1,1,0,0,0,0,0,0,8.932533826000054,53.085408286000074,,,POINT (8.932533826000054 53.08540828600007)
6269,11,2021,6,3,16,3,5,3,1,1,0,0,0,0,0,0,8.698909943000046,53.09275766800005,,Strom,POINT (8.698909943000046 53.09275766800005)
6270,11,2021,6,5,13,3,5,2,1,1,0,0,0,0,0,0,8.64989205300003,53.17389559800006,Vegesack,Schönebeck,POINT (8.649892053000031 53.17389559800006)
6271,11,2021,6,2,11,3,5,3,1,1,0,0,0,0,0,0,8.871866402000023,53.07714922500003,Vahr,Gartenstadt Vahr,POINT (8.871866402000023 53.07714922500003)
6272,12,2021,5,1,18,3,5,3,1,1,0,0,0,0,0,1,8.598012881000045,53.56968657300007,Lehe,Königsheide,POINT (8.598012881000045 53.56968657300007)
6273,11,2021,1,3,14,3,1,5,1,1,0,0,0,0,0,0,8.817199092000067,53.117441435000046,,Blockland,POINT (8.817199092000067 53.11744143500005)
6274,11,2021,6,5,11,3,0,7,1,0,0,0,0,0,0,0,8.852576234000026,53.08621819800004,Schwachhausen,Radio Bremen,POINT (8.852576234000026 53.08621819800004)
6275,11,2021,3,4,17,3,3,6,1,1,0,0,0,0,0,0,8.781397981000055,53.11170727500007,Walle,Walle,POINT (8.781397981000055 53.11170727500007)
6276,12,2021,6,6,16,3,5,2,1,0,0,0,0,1,0,0,8.593539623000026,53.554529079000076,Lehe,Königsheide,POINT (8.593539623000026 53.55452907900008)
6277,11,2021,5,2,8,3,5,3,1,0,0,0,0,1,0,0,8.79726061200006,53.076424157000076,Neustadt,Alte Neustadt,POINT (8.797260612000059 53.07642415700008)
6278,11,2021,4,3,7,3,5,7,1,0,0,0,0,1,0,1,8.792382522000025,53.07320874900006,Neustadt,Alte Neustadt,POINT (8.792382522000025 53.07320874900006)
6279,11,2021,4,6,13,3,0,3,1,1,0,0,0,0,0,0,8.797061541000062,53.07360365000005,Neustadt,Alte Neustadt,POINT (8.797061541000062 53.07360365000005)
6280,11,2021,7,3,12,3,5,2,1,1,0,0,0,0,0,0,8.786169932000064,53.10306381000004,Walle,Walle,POINT (8.786169932000064 53.10306381000004)
6281,11,2021,6,7,13,3,1,2,1,1,0,0,0,0,0,0,8.793949509000072,53.09966723000008,Walle,Osterfeuerberg,POINT (8.793949509000072 53.09966723000008)
6282,11,2021,6,4,17,3,7,7,1,0,0,0,0,1,0,0,8.837473244000023,53.069932737000045,Östliche Vorstadt,Peterswerder,POINT (8.837473244000023 53.06993273700004)
6283,11,2021,4,3,11,3,5,3,1,1,0,0,0,0,0,0,8.824425821000034,53.08449177400007,Schwachhausen,Barkhof,POINT (8.824425821000034 53.08449177400007)
6284,11,2021,6,3,17,3,5,2,1,1,0,0,0,0,0,0,8.875400170000034,53.06211829800003,Hemelingen,Hastedt,POINT (8.875400170000034 53.06211829800003)
6285,11,2021,2,6,19,3,3,6,1,0,0,0,0,1,1,0,8.88930107300007,53.09024555600007,Horn-Lehe,Horn,POINT (8.88930107300007 53.09024555600007)
6286,11,2021,7,5,23,2,0,1,1,0,0,0,0,0,2,0,8.822323631000074,53.06908141400004,Mitte,Ostertor,POINT (8.822323631000074 53.06908141400004)
6287,11,2021,1,4,8,3,5,3,1,1,0,0,0,0,0,1,8.795913072000076,53.106297203000054,Walle,Hohweg,POINT (8.795913072000076 53.10629720300005)
6288,12,2021,3,4,9,3,0,3,1,0,0,0,0,1,0,0,8.600892361000035,53.50919759700008,Wulsdorf,Geestemünde-Süd,POINT (8.600892361000035 53.50919759700008)
6289,12,2021,6,6,13,3,5,3,1,1,0,0,0,0,0,0,8.604642125000055,53.507022283000026,Wulsdorf,Geestemünde-Süd,POINT (8.604642125000055 53.50702228300003)
6290,11,2021,7,1,0,3,6,6,1,0,1,0,0,0,2,0,8.822094798000023,53.06911769300007,Mitte,Ostertor,POINT (8.822094798000023 53.06911769300007)
6291,11,2021,5,6,16,3,0,7,1,0,0,0,0,0,0,0,8.951116414000069,53.034950974000026,Hemelingen,Mahndorf,POINT (8.951116414000069 53.03495097400003)
6292,11,2021,4,3,11,3,5,3,1,1,0,0,0,0,0,0,8.80855402900005,53.09353038900008,Findorff,Findorff-Bürgerweide,POINT (8.808554029000049 53.09353038900008)
6293,11,2021,1,3,17,3,4,6,1,1,0,0,0,0,2,1,8.920243527000025,53.09414159800008,,,POINT (8.920243527000025 53.09414159800008)
6294,11,2021,6,2,10,3,1,5,1,1,0,0,0,0,0,0,8.703022117000046,53.15561956700003,Burglesum,Burg-Grambke,POINT (8.703022117000046 53.15561956700003)
6295,11,2021,4,5,12,3,5,3,1,0,0,0,0,1,0,0,8.804900453000073,53.079349267000055,Mitte,Altstadt,POINT (8.804900453000073 53.07934926700005)