,UKREIS,UJAHR,UMONAT,UWOCHENTAG,USTUNDE,UKATEGORIE,UART,UTYP1,IstRad,IstPKW,IstFuss,IstKrad,IstGkfz,IstSonstig,ULICHTVERH,STRZUSTAND,longitude,latitude,Stadtteil,Ortsteil,geometry
6927,11,2022,7,4,13,3,0,7,1,0,0,0,0,0,0,0,8.82227115000006,53.0796452160001,Mitte,Ostertor,POINT (8.822271150000059 53.0796452160001)
6928,11,2022,5,5,14,2,0,7,1,0,0,0,0,0,0,0,8.67594284300003,53.1734759240001,Burglesum,Lesum,POINT (8.67594284300003 53.1734759240001)
6929,12,2022,1,2,9,3,5,3,1,1,0,0,0,0,0,0,8.60103552500004,53.497555951,Wulsdorf,Geestemünde-Süd,POINT (8.601035525000039 53.497555951)
6930,11,2022,4,5,14,3,5,2,1,1,0,0,0,0,0,0,8.89191730000005,53.0490401960001,Hemelingen,Hemelingen,POINT (8.891917300000051 53.0490401960001)
6931,11,2022,5,2,9,3,4,2,1,1,0,0,0,0,0,0,8.83561918300006,53.073770494,Östliche Vorstadt,Hulsberg,POINT (8.835619183000061 53.073770494)
6932,11,2022,4,6,18,3,6,4,1,0,1,0,0,0,0,0,8.85331069000006,53.0641548350001,Hemelingen,Hastedt,POINT (8.853310690000059 53.0641548350001)
6933,11,2022,6,4,13,3,4,6,1,0,0,0,0,0,0,0,8.85048062200002,53.0950958270001,Schwachhausen,Neu-Schwachhausen,POINT (8.850480622000021 53.0950958270001)
6934,11,2022,5,6,14,3,4,6,1,0,0,0,0,0,0,0,8.84492144000006,53.077160195,Schwachhausen,Gete,POINT (8.844921440000061 53.077160195)
6935,12,2022,2,6,15,3,8,1,1,0,0,0,0,0,0,1,8.58714567500004,53.530621195,Geestemünde,Buschkämpen,POINT (8.587145675000039 53.530621195)
6936,12,2022,5,4,11,3,5,3,1,1,0,0,0,0,0,0,8.60051355000007,53.527785302,Geestemünde,Buschkämpen,POINT (8.60051355000007 53.527785302)
6937,11,2022,6,2,12,2,3,6,1,0,0,0,0,0,0,0,8.79495039000005,53.0845973560001,Mitte,Bahnhofsvorstadt,POINT (8.79495039000005 53.0845973560001)
6938,12,2022,1,1,17,3,5,3,1,1,0,0,0,0,1,0,8.59490021400006,53.5192676010001,Geestemünde,Buschkämpen,POINT (8.594900214000059 53.5192676010001)
6939,12,2022,2,4,16,2,3,6,1,1,0,0,0,0,0,1,8.62991498500003,53.5988401270001,Leherheide,Fehmoor,POINT (8.629914985000029 53.5988401270001)
6940,11,2022,2,2,13,3,0,7,1,0,0,0,0,1,0,0,8.87570329600004,53.066189539,Hemelingen,Hastedt,POINT (8.87570329600004 53.066189539)
6941,11,2022,5,4,15,2,0,7,1,0,0,0,0,0,0,0,8.82320506000002,53.0729941290001,Östliche Vorstadt,Steintor,POINT (8.823205060000021 53.0729941290001)
6942,11,2022,4,5,23,3,1,7,1,1,0,0,0,0,2,0,8.83881075200003,53.0773647890001,Östliche Vorstadt,Hulsberg,POINT (8.838810752000031 53.0773647890001)
6943,11,2022,6,5,14,3,0,1,1,0,0,0,0,0,0,0,8.88991171200007,53.058090797,Hemelingen,Hemelingen,POINT (8.889911712000069 53.058090797)
6944,11,2022,1,5,17,3,0,7,1,1,0,0,0,0,2,0,8.80465674300007,53.085819955,Mitte,Bahnhofsvorstadt,POINT (8.80465674300007 53.085819955)
6945,11,2022,2,5,12,3,5,3,1,0,0,0,0,1,0,0,8.63041044600004,53.172480201,Vegesack,Vegesack,POINT (8.63041044600004 53.172480201)
6946,11,2022,4,3,17,3,5,3,1,1,0,0,0,0,0,1,8.87832754300007,53.079558998,Vahr,Neue Vahr Südwest,POINT (8.87832754300007 53.079558998)
6947,11,2022,6,7,13,3,2,5,1,1,0,0,0,0,0,0,8.66537735500003,53.164264094,Burglesum,St.Magnus,POINT (8.665377355000031 53.164264094)
6948,11,2022,2,3,7,3,5,3,1,1,0,0,0,0,0,0,8.86166101100002,53.099282944,Horn-Lehe,Lehe,POINT (8.86166101100002 53.099282944)
6949,11,2022,3,1,16,3,5,3,1,1,0,0,0,0,0,0,8.86164213000006,53.0992969770001,Horn-Lehe,Lehe,POINT (8.86164213000006 53.0992969770001)
6950,11,2022,6,7,19,3,0,1,1,0,0,0,0,0,0,0,8.84608288800007,53.047779446,Obervieland,Habenhausen,POINT (8.846082888000071 53.047779446)
6951,11,2022,1,2,9,3,1,7,1,1,0,0,0,0,0,1,8.95136324400005,53.0578774470001,Osterholz,Osterholz,POINT (8.951363244000049 53.0578774470001)
6952,11,2022,3,2,6,3,5,3,1,1,0,0,0,0,1,0,8.84499227700007,53.0309166170001,Obervieland,Arsten,POINT (8.84499227700007 53.0309166170001)
6953,11,2022,6,4,11,3,7,7,1,0,0,0,0,1,0,0,8.78562128600004,53.118174448,Walle,Hohweg,POINT (8.78562128600004 53.118174448)
6954,11,2022,2,3,0,3,0,7,1,0,0,0,0,0,2,0,8.82049332300005,53.072677781,Mitte,Ostertor,POINT (8.820493323000051 53.072677781)
6955,11,2022,4,4,16,3,5,3,1,1,0,0,0,0,0,0,8.91479299700006,53.0447530810001,Hemelingen,Arbergen,POINT (8.91479299700006 53.0447530810001)
6956,11,2022,2,7,14,3,5,3,1,1,0,0,0,0,0,0,8.81760884400006,53.0526220530001,Neustadt,Huckelriede,POINT (8.817608844000061 53.0526220530001)
6957,11,2022,3,2,16,3,3,2,1,1,0,0,0,0,0,0,8.90140375500005,53.0507440160001,Hemelingen,Hemelingen,POINT (8.90140375500005 53.0507440160001)
6958,11,2022,7,3,7,3,0,7,1,1,1,0,0,0,0,0,8.79628928700004,53.0672299720001,Neustadt,Südervorstadt,POINT (8.79628928700004 53.0672299720001)
6959,11,2022,5,3,15,3,2,6,1,0,0,1,0,0,0,0,8.80921862800005,53.078782774,Mitte,Altstadt,POINT (8.80921862800005 53.078782774)
6960,11,2022,1,2,10,3,5,2,1,0,0,0,0,1,0,1,8.80558624400004,53.090859332,Findorff,Findorff-Bürgerweide,POINT (8.80558624400004 53.090859332)
6961,11,2022,2,6,16,3,5,2,1,1,0,0,0,0,0,1,8.93445163700005,53.06946241,Osterholz,Ellenerbrok-Schevemoor,POINT (8.93445163700005 53.06946241)
6962,11,2022,6,6,10,3,3,6,1,0,0,1,0,0,0,0,8.83745860900007,53.0699352560001,Östliche Vorstadt,Peterswerder,POINT (8.83745860900007 53.0699352560001)
6963,11,2022,5,4,18,3,0,7,1,0,0,0,0,0,0,0,8.80531030500003,53.1003594470001,Findorff,Regensburger Str.,POINT (8.805310305000029 53.1003594470001)
6964,11,2022,3,6,21,3,5,2,1,1,0,0,0,0,2,0,8.82510438900005,53.08418684,Schwachhausen,Barkhof,POINT (8.82510438900005 53.08418684)
6965,11,2022,5,5,6,3,5,2,1,1,0,0,0,0,0,0,8.79211423400005,53.0943983780001,Walle,Westend,POINT (8.792114234000049 53.0943983780001)
6966,11,2022,5,5,17,3,5,3,1,1,0,0,0,0,0,0,8.74076008200007,53.0530642040001,Huchting,Mittelshuchting,POINT (8.740760082000071 53.0530642040001)
6967,11,2022,7,6,18,2,5,3,1,0,0,0,0,0,0,0,8.79711827400007,53.0763314430001,Neustadt,Alte Neustadt,POINT (8.79711827400007 53.0763314430001)
6968,11,2022,7,3,19,3,4,2,1,0,0,0,0,1,0,0,8.79782200600005,53.070671422,Neustadt,Alte Neustadt,POINT (8.79782200600005 53.070671422)
6969,11,2022,6,4,12,3,0,1,1,0,0,0,0,0,0,0,8.80779649700003,53.0778125640001,Mitte,Altstadt,POINT (8.80779649700003 53.0778125640001)
6970,11,2022,5,3,7,3,5,3,1,1,0,0,0,0,0,0,8.70754895200002,53.1645728400001,Burglesum,Burgdamm,POINT (8.707548952000019 53.1645728400001)
6971,11,2022,1,7,10,3,0,7,1,0,0,0,0,0,0,0,8.61792298100005,53.1746341030001,Vegesack,Vegesack,POINT (8.617922981000049 53.1746341030001)
6972,11,2022,5,6,4,3,7,7,1,0,0,0,0,0,1,0,8.93470490600004,53.0587788490001,Osterholz,Osterholz,POINT (8.934704906000039 53.0587788490001)
6973,11,2022,3,5,12,3,4,6,1,0,0,0,0,0,0,0,8.80437818200005,53.0726858140001,Mitte,Altstadt,POINT (8.80437818200005 53.0726858140001)
6974,11,2022,7,4,11,3,1,7,1,1,0,0,0,0,0,0,8.83121090500003,53.08100369,Schwachhausen,Gete,POINT (8.831210905000029 53.08100369)
6975,11,2022,5,5,19,3,0,7,1,0,0,0,0,0,0,1,8.83186577100003,53.071095611,Östliche Vorstadt,Steintor,POINT (8.831865771000031 53.071095611)
6976,11,2022,1,3,14,3,5,2,1,1,0,0,0,0,0,0,8.81352687500004,53.0903601430001,Findorff,Findorff-Bürgerweide,POINT (8.81352687500004 53.0903601430001)
6977,12,2022,4,5,16,3,0,7,1,0,0,0,0,0,0,0,8.58519558900002,53.557603181,Lehe,Königsheide,POINT (8.585195589000019 53.557603181)
6978,12,2022,3,7,0,3,5,3,1,1,0,0,0,0,2,0,8.63280524400005,53.5957541070001,Leherheide,Fehmoor,POINT (8.63280524400005 53.5957541070001)
6979,11,2022,7,7,10,3,3,6,1,1,0,0,0,0,0,0,8.80688798700004,53.0944945540001,Findorff,Regensburger Str.,POINT (8.80688798700004 53.0944945540001)
6980,11,2022,6,3,8,3,5,2,1,1,0,0,0,0,0,0,8.85063458700006,53.0712404660001,Östliche Vorstadt,Hulsberg,POINT (8.85063458700006 53.0712404660001)
6981,11,2022,3,7,20,3,5,2,1,1,0,0,0,0,2,0,8.78502022400005,53.088691834,Walle,Überseestadt,POINT (8.78502022400005 53.088691834)
6982,11,2022,5,1,3,2,3,6,1,1,0,0,0,0,2,0,8.95065811100005,53.076401579,Osterholz,Tenever,POINT (8.950658111000051 53.076401579)
6983,11,2022,3,2,10,3,4,6,1,1,0,0,0,0,0,0,8.82198164500005,53.0728253360001,Mitte,Ostertor,POINT (8.821981645000051 53.0728253360001)
6984,11,2022,7,5,17,3,5,2,1,1,0,0,0,0,0,0,8.79680035600006,53.0892162160001,Walle,Utbremen,POINT (8.796800356000061 53.0892162160001)
6985,11,2022,5,3,15,3,5,2,1,1,0,0,0,0,0,0,8.79401892100003,53.074497373,Neustadt,Alte Neustadt,POINT (8.794018921000029 53.074497373)
6986,12,2022,3,6,6,3,3,6,1,1,0,0,0,0,1,0,8.58074311100006,53.5220430960001,Fischereihafen,Mitte-Süd,POINT (8.580743111000061 53.5220430960001)
6987,11,2022,4,4,16,3,5,3,1,1,0,0,0,0,0,0,8.82503444100007,53.0845848650001,Schwachhausen,Bürgerpark,POINT (8.825034441000071 53.0845848650001)
6988,12,2022,6,4,8,3,5,3,1,1,0,0,0,0,0,0,8.59279690300002,53.5584515240001,Lehe,Königsheide,POINT (8.59279690300002 53.5584515240001)
6989,12,2022,3,3,10,3,2,7,1,0,0,0,0,1,0,0,8.58622011000006,53.5863860580001,Lehe,Königsheide,POINT (8.58622011000006 53.5863860580001)
6990,12,2022,4,6,10,3,5,3,1,1,0,0,0,0,0,0,8.59092766400005,53.541411646,Geestemünde,Buschkämpen,POINT (8.59092766400005 53.541411646)
6991,11,2022,6,3,13,3,1,5,1,1,0,0,0,0,0,0,8.84382767800003,53.0744972430001,Östliche Vorstadt,Hulsberg,POINT (8.84382767800003 53.0744972430001)
6992,11,2022,4,7,17,3,5,2,1,1,0,0,0,0,0,0,8.88517078200005,53.0721740720001,Hemelingen,Sebaldsbrück,POINT (8.885170782000049 53.0721740720001)
6993,11,2022,6,7,3,3,0,7,1,0,0,0,0,0,2,0,8.79594549300003,53.0755574770001,Neustadt,Alte Neustadt,POINT (8.79594549300003 53.0755574770001)
6994,11,2022,2,4,18,2,5,3,1,0,0,0,0,1,2,0,8.78656906500004,53.0893899450001,Walle,Utbremen,POINT (8.786569065000039 53.0893899450001)
6995,11,2022,6,5,5,3,5,3,1,1,0,0,0,0,0,0,8.73177990200003,53.179504261,,,POINT (8.73177990200003 53.179504261)
6996,11,2022,7,1,17,3,8,7,1,1,0,0,0,0,0,0,8.82550840900007,53.078797767,Östliche Vorstadt,Fesenfeld,POINT (8.82550840900007 53.078797767)
6997,11,2022,3,3,12,3,5,3,1,1,0,0,0,0,0,0,8.84461288900008,53.0764151610001,Östliche Vorstadt,Hulsberg,POINT (8.84461288900008 53.0764151610001)
6998,11,2022,5,3,8,3,5,3,1,0,0,0,0,0,0,0,8.81928587100003,53.046398433,Obervieland,Kattenturm,POINT (8.81928587100003 53.046398433)
6999,11,2022,5,5,5,3,0,1,1,0,0,0,0,0,1,0,8.58238917500006,53.182444149,Blumenthal,Blumenthal,POINT (8.58238917500006 53.182444149)
7000,11,2022,4,5,11,3,5,3,1,1,0,0,0,0,0,1,8.83224525400004,53.081461313,Schwachhausen,Schwachhausen,POINT (8.832245254000039 53.081461313)
7001,11,2022,6,3,15,2,5,3,1,1,0,0,0,0,0,0,8.62448669900004,53.177171103,Vegesack,Vegesack,POINT (8.624486699000039 53.177171103)
7002,11,2022,5,3,14,3,0,1,1,0,0,0,0,0,0,0,8.79265173700003,53.0809993010001,Mitte,Altstadt,POINT (8.79265173700003 53.0809993010001)
7003,11,2022,5,2,7,3,2,6,1,1,0,0,0,0,0,0,8.82306921000003,53.0826951110001,Schwachhausen,Barkhof,POINT (8.82306921000003 53.0826951110001)
7004,11,2022,1,2,12,2,5,2,1,1,0,0,0,0,0,1,8.78492295800004,53.088678644,Walle,Überseestadt,POINT (8.78492295800004 53.088678644)
7005,11,2022,3,2,7,3,5,2,1,1,0,0,0,0,0,0,8.84574654900007,53.0331084420001,Obervieland,Arsten,POINT (8.84574654900007 53.0331084420001)
7006,11,2022,5,2,19,3,5,2,1,1,0,0,0,0,1,0,8.87585559800004,53.081809988,Vahr,Gartenstadt Vahr,POINT (8.87585559800004 53.081809988)
7007,11,2022,5,4,14,3,5,2,1,1,0,0,0,0,0,0,8.80693931100006,53.0828616040001,Mitte,Bahnhofsvorstadt,POINT (8.806939311000059 53.0828616040001)
7008,11,2022,6,7,15,3,0,7,1,0,0,0,0,0,0,0,8.82887215600005,53.068796112,Östliche Vorstadt,Steintor,POINT (8.828872156000051 53.068796112)
7009,11,2022,3,5,15,2,5,2,1,0,0,0,1,0,0,0,8.83733992500004,53.0768340400001,Östliche Vorstadt,Fesenfeld,POINT (8.837339925000039 53.0768340400001)
7010,11,2022,7,3,18,3,5,7,1,1,0,0,0,0,0,0,8.84071051400002,53.0716953310001,Östliche Vorstadt,Peterswerder,POINT (8.840710514000021 53.0716953310001)
7011,11,2022,6,4,7,3,3,2,1,1,0,0,0,0,0,0,8.80382867900005,53.076316385,Mitte,Altstadt,POINT (8.80382867900005 53.076316385)
7012,12,2022,6,6,0,3,0,1,1,0,0,0,0,0,2,0,8.57558963100007,53.547240693,Mitte,Weddewarden,POINT (8.575589631000071 53.547240693)
7013,11,2022,6,5,8,2,5,3,1,1,0,0,0,0,0,0,8.53436785700006,53.1992441960001,Blumenthal,Farge,POINT (8.53436785700006 53.1992441960001)
7014,12,2022,5,7,0,3,8,1,1,0,0,0,0,0,2,0,8.58960822900002,53.5304459540001,Geestemünde,Buschkämpen,POINT (8.589608229000021 53.5304459540001)
7015,11,2022,1,1,14,3,4,7,1,0,0,0,0,0,0,0,8.87699487800006,53.0750116500001,Vahr,Gartenstadt Vahr,POINT (8.87699487800006 53.0750116500001)
7016,11,2022,2,7,16,3,5,3,1,0,0,0,0,0,0,0,8.80187689800005,53.0716423550001,Neustadt,Alte Neustadt,POINT (8.801876898000049 53.0716423550001)
7017,11,2022,6,6,16,3,5,2,1,0,0,1,0,0,0,0,8.84115167900006,53.0692527410001,Östliche Vorstadt,Peterswerder,POINT (8.84115167900006 53.0692527410001)
7018,11,2022,5,2,15,3,6,4,1,0,1,0,0,0,0,0,8.81694492800005,53.07006757,Mitte,Ostertor,POINT (8.81694492800005 53.07006757)
7019,11,2022,3,6,17,3,2,6,1,1,0,0,0,0,0,0,8.81272590000003,53.073277756,Mitte,Altstadt,POINT (8.81272590000003 53.073277756)
7020,11,2022,6,5,23,3,1,5,1,1,0,0,0,0,2,0,8.83513787500004,53.070330412,Östliche Vorstadt,Peterswerder,POINT (8.83513787500004 53.070330412)
7021,11,2022,4,6,11,3,1,7,1,1,0,0,0,0,0,0,8.86484812100002,53.0644635510001,Hemelingen,Hastedt,POINT (8.864848121000019 53.0644635510001)
7022,11,2022,5,3,13,3,5,3,1,1,0,0,0,0,0,0,8.85717720200006,53.072661898,Hemelingen,Hastedt,POINT (8.857177202000059 53.072661898)
7023,12,2022,2,6,9,1,8,1,1,0,0,0,0,1,0,1,8.62152708100007,53.571161428,Lehe,Königsheide,POINT (8.621527081000069 53.571161428)
7024,11,2022,4,6,14,3,5,3,1,1,0,0,0,0,0,0,8.77263034500004,53.096309058,Walle,Überseestadt,POINT (8.77263034500004 53.096309058)
7025,11,2022,3,4,10,3,3,6,1,1,0,0,0,0,0,0,8.95596663100002,53.0765833390001,Osterholz,Tenever,POINT (8.95596663100002 53.0765833390001)
7026,11,2022,7,2,12,3,5,2,1,0,0,0,0,1,0,1,8.89690906300007,53.0590628420001,Hemelingen,Sebaldsbrück,POINT (8.89690906300007 53.0590628420001)
7027,11,2022,2,4,16,3,5,3,1,0,0,0,0,1,0,1,8.75343880500003,53.1232122220001,Gröpelingen,Ohlenhof,POINT (8.75343880500003 53.1232122220001)
7028,11,2022,6,6,7,3,4,2,1,1,0,0,0,0,0,0,8.94164243400007,53.060418036,Osterholz,Ellenerbrok-Schevemoor,POINT (8.94164243400007 53.060418036)
7029,12,2022,6,6,16,3,5,3,1,1,0,0,0,0,0,0,8.59381937600006,53.549575116,Geestemünde,Buschkämpen,POINT (8.593819376000059 53.549575116)
7030,11,2022,5,2,14,3,3,2,1,1,0,0,0,0,0,0,8.78815919000004,53.0764638700001,Neustadt,Alte Neustadt,POINT (8.788159190000041 53.0764638700001)
7031,11,2022,2,5,8,3,5,2,1,1,0,0,0,0,0,1,8.83023168900007,53.0778099570001,Östliche Vorstadt,Fesenfeld,POINT (8.830231689000071 53.0778099570001)
7032,12,2022,3,4,11,3,5,2,1,1,0,0,0,0,0,1,8.59003049400008,53.5269039990001,Geestemünde,Buschkämpen,POINT (8.59003049400008 53.5269039990001)
7033,12,2022,4,2,8,3,1,7,1,1,0,0,0,0,0,0,8.60129755600008,53.503742172,Wulsdorf,Geestemünde-Süd,POINT (8.60129755600008 53.503742172)
7034,11,2022,5,2,14,3,5,3,1,1,0,0,0,0,0,0,8.82520462500003,53.084342667,Schwachhausen,Bürgerpark,POINT (8.82520462500003 53.084342667)
7035,11,2022,2,4,17,3,5,3,1,1,0,0,0,0,2,0,8.78947494900007,53.0829839,Walle,Überseestadt,POINT (8.78947494900007 53.0829839)
7036,11,2022,4,3,11,3,0,1,1,0,0,0,0,0,0,1,8.62849592600003,53.1750037850001,Vegesack,Vegesack,POINT (8.62849592600003 53.1750037850001)
7037,11,2022,7,3,13,3,6,6,1,0,1,0,0,0,0,0,8.89105149800002,53.0812429090001,Vahr,Neue Vahr Südwest,POINT (8.891051498000021 53.0812429090001)
7038,11,2022,6,3,15,3,5,3,1,1,0,0,0,0,0,0,8.78102824700005,53.1016756220001,Walle,Walle,POINT (8.78102824700005 53.1016756220001)
7039,12,2022,4,5,16,3,5,3,1,0,0,0,0,0,0,0,8.58195418500003,53.576056287,Lehe,Königsheide,POINT (8.581954185000029 53.576056287)
7040,11,2022,6,1,5,2,0,7,1,0,0,0,0,0,0,0,8.80579877400004,53.073407435,Mitte,Altstadt,POINT (8.80579877400004 53.073407435)
7041,11,2022,5,3,12,3,0,7,1,0,0,0,0,0,0,0,8.94483894900003,53.0782398900001,,,POINT (8.94483894900003 53.0782398900001)
7042,11,2022,6,3,16,3,0,7,1,0,0,0,0,1,0,0,8.79105027200006,53.091494611,Walle,Utbremen,POINT (8.79105027200006 53.091494611)
7043,12,2022,3,2,15,2,5,2,1,1,0,0,0,0,0,0,8.60122047200002,53.52557061,Geestemünde,Buschkämpen,POINT (8.601220472000019 53.52557061)
7044,11,2022,7,6,6,3,0,7,1,0,0,0,0,0,0,0,8.58436332800005,53.1813730690001,Blumenthal,Blumenthal,POINT (8.58436332800005 53.1813730690001)
7045,11,2022,6,5,14,3,0,7,1,0,0,0,0,0,0,0,8.69996036700007,53.171859457,Burglesum,Lesum,POINT (8.69996036700007 53.171859457)
7046,11,2022,5,5,17,2,0,7,1,0,0,0,0,0,0,0,8.60641835900003,53.1845491220001,Vegesack,Fähr-Lobbendorf,POINT (8.606418359000029 53.1845491220001)
7047,12,2022,6,6,15,3,6,6,1,0,1,0,0,0,0,0,8.60093695700004,53.5351473540001,Geestemünde,Buschkämpen,POINT (8.600936957000039 53.5351473540001)
7048,11,2022,5,7,12,3,2,6,1,1,0,0,0,0,0,0,8.84879881100005,53.0938407880001,Schwachhausen,Riensberg,POINT (8.84879881100005 53.0938407880001)
7049,11,2022,3,6,16,3,5,3,1,1,0,0,0,0,0,0,8.93366863700004,53.0883970030001,,,POINT (8.933668637000039 53.0883970030001)
7050,11,2022,7,2,20,3,1,5,1,1,0,0,0,0,0,1,8.90792478000003,53.0543173230001,Hemelingen,Sebaldsbrück,POINT (8.90792478000003 53.0543173230001)
7051,11,2022,6,6,12,3,5,3,1,1,0,0,0,0,0,0,8.87067792700003,53.091272094,Schwachhausen,Radio Bremen,POINT (8.870677927000029 53.091272094)
7052,11,2022,5,1,8,3,0,7,1,0,0,0,0,1,0,0,8.95080952600006,53.087629652,,,POINT (8.950809526000061 53.087629652)
7053,11,2022,3,2,12,2,5,3,1,1,0,0,0,0,0,0,8.73848887900004,53.1347532070001,Gröpelingen,Oslebshausen,POINT (8.738488879000039 53.1347532070001)
7054,12,2022,3,2,14,3,5,3,1,0,0,0,0,1,0,0,8.59311491900007,53.5353269390001,Geestemünde,Buschkämpen,POINT (8.593114919000071 53.5353269390001)
7055,11,2022,7,2,18,3,4,2,1,1,0,0,0,0,0,0,8.80089681000004,53.0684258640001,Neustadt,Südervorstadt,POINT (8.80089681000004 53.0684258640001)
7056,12,2022,5,3,15,3,0,7,1,0,0,0,0,0,0,0,8.62392051200004,53.5292324210001,Schiffdorferdamm,Buschkämpen,POINT (8.623920512000041 53.5292324210001)
7057,11,2022,4,6,7,3,6,4,1,0,1,0,0,0,0,0,8.95144682300003,53.0638594540001,Osterholz,Tenever,POINT (8.95144682300003 53.0638594540001)
7058,11,2022,5,2,14,3,5,3,1,1,0,0,0,0,0,0,8.82453975100003,53.0841841750001,Schwachhausen,Barkhof,POINT (8.82453975100003 53.0841841750001)
7059,11,2022,3,4,7,3,4,6,1,1,0,0,0,0,0,0,8.78447615300007,53.1049513630001,Walle,Walle,POINT (8.784476153000069 53.1049513630001)
7060,11,2022,5,2,13,3,0,7,1,0,0,0,0,0,0,0,8.83510638300004,53.0730147030001,Östliche Vorstadt,Steintor,POINT (8.83510638300004 53.0730147030001)
7061,11,2022,4,4,15,3,5,3,1,1,0,0,0,0,0,0,8.89711908900006,53.1148084430001,Horn-Lehe,Lehesterdeich,POINT (8.897119089000061 53.1148084430001)
7062,11,2022,6,5,8,3,1,5,1,1,0,0,0,0,0,0,8.78675159600004,53.083687114,Walle,Überseestadt,POINT (8.786751596000039 53.083687114)
7063,11,2022,2,3,16,3,5,3,1,1,0,0,0,0,0,1,8.69453879800005,53.168822844,Burglesum,Lesum,POINT (8.69453879800005 53.168822844)
7064,11,2022,7,3,18,3,5,3,1,1,0,0,0,0,0,0,8.60111967100005,53.1847259190001,Vegesack,Fähr-Lobbendorf,POINT (8.601119671000051 53.1847259190001)
7065,11,2022,6,3,14,3,5,3,1,1,0,0,0,0,0,0,8.61376417700006,53.1744909290001,Vegesack,Vegesack,POINT (8.613764177000061 53.1744909290001)
7066,11,2022,2,2,9,3,0,1,1,0,0,0,0,0,0,1,8.83733640500003,53.0768254450001,Östliche Vorstadt,Fesenfeld,POINT (8.83733640500003 53.0768254450001)
7067,11,2022,6,7,15,3,4,6,1,0,0,0,0,0,0,0,8.80827560500006,53.072411624,Mitte,Altstadt,POINT (8.808275605000061 53.072411624)
7068,12,2022,1,4,13,3,5,2,1,1,0,0,0,0,0,1,8.63097319700006,53.5992516260001,Leherheide,Fehmoor,POINT (8.63097319700006 53.5992516260001)
7069,11,2022,3,6,13,3,5,2,1,1,0,0,0,0,0,0,8.95350075300007,53.074426799,Osterholz,Tenever,POINT (8.953500753000069 53.074426799)
7070,11,2022,3,4,7,3,5,7,1,0,0,0,0,1,0,0,8.84277587800005,53.072322995,Östliche Vorstadt,Peterswerder,POINT (8.842775878000049 53.072322995)
7071,11,2022,7,4,17,2,5,3,1,1,0,0,0,0,0,0,8.85417020100004,53.0825593000001,Schwachhausen,Radio Bremen,POINT (8.85417020100004 53.0825593000001)
7072,11,2022,2,2,15,3,5,3,1,1,0,0,0,0,0,1,8.80342486500007,53.0962446030001,Findorff,Regensburger Str.,POINT (8.803424865000069 53.0962446030001)
7073,11,2022,4,5,14,3,5,3,1,1,0,0,0,0,0,0,8.85710676200006,53.072674298,Hemelingen,Hastedt,POINT (8.857106762000059 53.072674298)
7074,11,2022,5,5,14,3,3,6,1,0,0,0,0,0,0,0,8.81872105500003,53.0837653040001,Schwachhausen,Barkhof,POINT (8.818721055000029 53.0837653040001)
7075,11,2022,4,4,13,3,5,3,1,1,0,0,0,0,0,0,8.81218523600006,53.0789591290001,Mitte,Bahnhofsvorstadt,POINT (8.81218523600006 53.0789591290001)
7076,12,2022,1,3,8,3,5,3,1,1,0,0,0,0,0,1,8.58553951200003,53.535234136,Geestemünde,Buschkämpen,POINT (8.585539512000031 53.535234136)
7077,11,2022,6,5,19,3,3,2,1,1,0,0,0,0,0,0,8.87658463700006,53.0814013180001,Vahr,Neue Vahr Südwest,POINT (8.876584637000059 53.0814013180001)
7078,11,2022,3,5,14,3,5,3,1,1,0,0,0,0,0,0,8.57847844400004,53.1854558520001,Blumenthal,Blumenthal,POINT (8.578478444000041 53.1854558520001)
7079,11,2022,6,4,20,3,0,1,1,0,0,0,0,0,1,0,8.69875161100003,53.15553859,Burglesum,Werderland,POINT (8.698751611000031 53.15553859)
7080,11,2022,3,5,8,3,1,5,1,1,0,0,0,0,0,0,8.91955589600008,53.098506624,,,POINT (8.91955589600008 53.098506624)
7081,11,2022,4,3,14,2,5,2,1,1,0,0,0,0,0,0,8.84244398800007,53.046507305,Obervieland,Habenhausen,POINT (8.84244398800007 53.046507305)
7082,11,2022,7,1,16,3,4,6,1,0,0,0,0,0,0,0,8.83528667100006,53.068331422,Östliche Vorstadt,Peterswerder,POINT (8.835286671000061 53.068331422)
7083,11,2022,7,5,8,2,0,7,1,1,0,0,0,0,0,0,8.88220809700005,53.1009882970001,Horn-Lehe,Lehe,POINT (8.882208097000049 53.1009882970001)
7084,11,2022,4,4,16,2,6,4,1,0,1,0,0,0,0,0,8.78606574100007,53.0713311270001,Neustadt,Hohentor,POINT (8.786065741000071 53.0713311270001)
7085,11,2022,3,5,17,3,1,5,1,1,0,0,0,0,0,0,8.78965435400005,53.068672238,Neustadt,Neustadt,POINT (8.789654354000049 53.068672238)
7086,11,2022,4,3,7,3,3,2,1,1,0,0,0,0,0,0,8.87658335400005,53.0789695110001,Vahr,Gartenstadt Vahr,POINT (8.876583354000051 53.0789695110001)
7087,11,2022,5,6,16,3,6,4,1,0,1,0,0,0,0,0,8.87248451900007,53.085793466,Schwachhausen,Radio Bremen,POINT (8.87248451900007 53.085793466)
7088,11,2022,1,3,7,2,0,1,1,0,0,0,0,0,1,2,8.79665061500003,53.056703285,Neustadt,Neuenland,POINT (8.796650615000029 53.056703285)
7089,11,2022,2,3,18,3,5,3,1,1,0,0,0,0,2,1,8.88681461600004,53.034632349,Hemelingen,Hemelingen,POINT (8.88681461600004 53.034632349)
7090,12,2022,7,1,20,3,5,2,1,1,0,0,0,0,0,0,8.61313598000004,53.5707219870001,Lehe,Königsheide,POINT (8.61313598000004 53.5707219870001)
7091,11,2022,2,6,15,3,5,2,1,1,0,0,0,0,0,1,8.83382213600004,53.081853192,Schwachhausen,Schwachhausen,POINT (8.833822136000039 53.081853192)
7092,11,2022,5,3,14,3,5,3,1,1,0,0,0,0,0,0,8.88401769100005,53.0405271380001,Hemelingen,Hemelingen,POINT (8.88401769100005 53.0405271380001)