,UKREIS,UJAHR,UMONAT,UWOCHENTAG,USTUNDE,UKATEGORIE,UART,UTYP1,IstRad,IstPKW,IstFuss,IstKrad,IstGkfz,IstSonstig,ULICHTVERH,STRZUSTAND,longitude,latitude,Stadtteil,Ortsteil,geometry
7093,12,2022,3,3,12,3,3,6,1,0,0,0,0,0,0,0,8.59676146300006,53.5087115970001,Wulsdorf,Geestemünde-Süd,POINT (8.59676146300006 53.5087115970001)
7094,11,2022,5,2,11,3,3,7,1,1,0,0,0,0,0,0,8.63227306400006,53.186656414,Vegesack,Aumund-Hammersbeck,POINT (8.63227306400006 53.186656414)
7095,11,2022,1,3,12,3,5,3,1,1,0,0,0,0,0,0,8.95918978700007,53.0418725040001,Hemelingen,Mahndorf,POINT (8.959189787000071 53.0418725040001)
7096,11,2022,4,7,16,2,5,3,1,0,0,0,0,1,0,0,8.79191586200005,53.0827313610001,Mitte,Altstadt,POINT (8.791915862000049 53.0827313610001)
7097,11,2022,2,6,6,3,5,3,1,1,0,0,0,0,1,0,8.62540955300005,53.1813393,Vegesack,Aumund-Hammersbeck,POINT (8.625409553000051 53.1813393)
7098,11,2022,5,1,19,3,3,6,1,0,0,0,0,0,0,0,8.80416574200007,53.0724205050001,Neustadt,Alte Neustadt,POINT (8.80416574200007 53.0724205050001)
7099,11,2022,4,6,8,3,5,3,1,1,0,0,0,0,0,0,8.78882805900002,53.1042289650001,Walle,Osterfeuerberg,POINT (8.78882805900002 53.1042289650001)
7100,11,2022,5,2,12,2,5,3,1,0,0,0,0,1,0,0,8.87068100700003,53.0670175910001,Hemelingen,Hastedt,POINT (8.87068100700003 53.0670175910001)
7101,11,2022,2,5,7,3,0,7,1,0,0,0,0,0,2,1,8.83240993000004,53.086163748,Schwachhausen,Bürgerpark,POINT (8.83240993000004 53.086163748)
7102,11,2022,4,3,18,3,5,2,1,1,0,0,0,0,0,1,8.86527528100004,53.08214673,Vahr,Gartenstadt Vahr,POINT (8.86527528100004 53.08214673)
7103,12,2022,5,4,18,3,0,7,1,0,0,0,0,0,0,0,8.59794717200003,53.580907767,Lehe,Königsheide,POINT (8.59794717200003 53.580907767)
7104,12,2022,3,6,13,3,0,3,1,1,0,0,0,0,0,0,8.59496990700006,53.587872637,Lehe,Königsheide,POINT (8.59496990700006 53.587872637)
7105,11,2022,7,2,18,3,5,3,1,0,0,0,0,0,0,0,8.82020715600004,53.0841161070001,Schwachhausen,Barkhof,POINT (8.820207156000039 53.0841161070001)
7106,12,2022,5,7,15,2,6,6,1,0,1,0,0,0,0,0,8.59098448400005,53.539692308,Geestemünde,Buschkämpen,POINT (8.59098448400005 53.539692308)
7107,11,2022,1,4,16,3,5,2,1,1,0,0,0,0,2,1,8.61878251900004,53.1776102750001,Vegesack,Vegesack,POINT (8.618782519000041 53.1776102750001)
7108,12,2022,3,3,6,3,5,3,1,1,0,0,0,0,2,0,8.59314461900004,53.556633135,Lehe,Königsheide,POINT (8.593144619000039 53.556633135)
7109,11,2022,5,5,8,3,3,6,1,0,0,0,0,0,0,0,8.82131326800004,53.0817684880001,Schwachhausen,Barkhof,POINT (8.82131326800004 53.0817684880001)
7110,11,2022,3,5,9,3,2,5,1,1,0,0,0,0,0,1,8.85784961400003,53.0493210170001,Obervieland,Habenhausen,POINT (8.857849614000029 53.0493210170001)
7111,12,2022,5,3,12,3,1,1,1,1,0,0,0,0,0,0,8.61040765200005,53.5191233020001,Geestemünde,Buschkämpen,POINT (8.610407652000051 53.5191233020001)
7112,11,2022,3,6,17,2,5,3,1,1,0,0,0,0,1,0,8.88413388200007,53.100271467,Horn-Lehe,Lehesterdeich,POINT (8.88413388200007 53.100271467)
7113,11,2022,7,7,17,3,4,6,1,0,0,0,0,0,0,0,8.94439711400003,53.078136176,,,POINT (8.944397114000029 53.078136176)
7114,11,2022,2,4,17,2,7,7,1,0,0,0,0,1,0,0,8.82442107300005,53.097224081,Schwachhausen,Neu-Schwachhausen,POINT (8.82442107300005 53.097224081)
7115,11,2022,6,4,18,3,5,3,1,1,0,0,0,0,0,0,8.78677342400005,53.0744996020001,Neustadt,Alte Neustadt,POINT (8.786773424000049 53.0744996020001)
7116,11,2022,3,4,16,3,5,3,1,1,0,0,0,0,0,0,8.63252136400007,53.181336593,Vegesack,Aumund-Hammersbeck,POINT (8.63252136400007 53.181336593)
7117,11,2022,3,3,9,2,5,3,1,1,0,0,0,0,0,0,8.61863764800006,53.176351475,Vegesack,Vegesack,POINT (8.61863764800006 53.176351475)
7118,11,2022,5,1,2,3,0,7,1,0,0,0,0,0,2,1,8.80489127200008,53.1006538930001,Findorff,Weidedamm,POINT (8.804891272000081 53.1006538930001)
7119,11,2022,6,3,12,3,5,3,1,0,0,0,0,1,0,0,8.82443197000003,53.0844893300001,Schwachhausen,Barkhof,POINT (8.824431970000029 53.0844893300001)
7120,11,2022,3,4,13,3,5,3,1,1,0,0,0,0,0,1,8.78651111800002,53.0838040960001,Walle,Überseestadt,POINT (8.786511118000019 53.0838040960001)
7121,11,2022,5,4,12,3,5,3,1,1,0,0,0,0,0,0,8.85954978600006,53.082686703,Schwachhausen,Radio Bremen,POINT (8.859549786000059 53.082686703)
7122,11,2022,2,4,15,3,0,7,1,1,0,0,0,0,0,1,8.82607905000003,53.0688666870001,Östliche Vorstadt,Steintor,POINT (8.826079050000031 53.0688666870001)
7123,11,2022,7,6,10,3,5,3,1,0,0,1,0,0,0,1,8.76455340200005,53.0830481560001,Woltmershausen,Woltmershausen,POINT (8.76455340200005 53.0830481560001)
7124,11,2022,2,6,13,3,1,7,1,0,0,0,0,0,0,1,8.79904378300006,53.0697473810001,Neustadt,Alte Neustadt,POINT (8.799043783000061 53.0697473810001)
7125,11,2022,5,3,13,3,5,3,1,0,0,0,0,1,0,0,8.79661783900002,53.0892415960001,Walle,Utbremen,POINT (8.796617839000019 53.0892415960001)
7126,11,2022,5,2,11,3,5,3,1,1,0,0,0,0,0,0,8.86924697500007,53.0747815180001,Vahr,Gartenstadt Vahr,POINT (8.86924697500007 53.0747815180001)
7127,11,2022,1,5,16,3,0,2,1,1,0,0,0,0,0,1,8.70368760400004,53.1724454000001,Burglesum,Burgdamm,POINT (8.70368760400004 53.1724454000001)
7128,11,2022,3,3,6,3,1,7,1,1,0,0,0,0,1,0,8.81202820100003,53.090667001,Findorff,Findorff-Bürgerweide,POINT (8.812028201000031 53.090667001)
7129,12,2022,5,6,13,3,5,3,1,1,0,0,0,0,0,0,8.59342344400005,53.546665649,Geestemünde,Buschkämpen,POINT (8.593423444000051 53.546665649)
7130,11,2022,3,1,17,3,3,6,1,0,0,0,0,0,0,0,8.75434128600006,53.120048454,Gröpelingen,Ohlenhof,POINT (8.754341286000059 53.120048454)
7131,11,2022,2,5,16,3,5,3,1,1,0,0,0,0,0,0,8.81166795800004,53.0308541260001,Obervieland,Kattenesch,POINT (8.81166795800004 53.0308541260001)
7132,11,2022,3,4,11,3,1,1,1,0,0,0,0,1,0,0,8.84317877400002,53.072229457,Östliche Vorstadt,Hulsberg,POINT (8.84317877400002 53.072229457)
7133,11,2022,7,3,15,3,3,6,1,0,0,0,0,0,0,0,8.81437537800002,53.10093556,Findorff,Weidedamm,POINT (8.814375378000021 53.10093556)
7134,11,2022,7,5,15,3,5,3,1,1,0,0,0,0,0,0,8.90015308400007,53.124129619,,Borgfeld,POINT (8.90015308400007 53.124129619)
7135,11,2022,5,4,17,3,4,6,1,1,0,0,0,0,0,0,8.79214487300004,53.0661670110001,Neustadt,Neustadt,POINT (8.792144873000041 53.0661670110001)
7136,11,2022,2,5,13,3,0,7,1,1,0,0,0,0,0,0,8.88518737400005,53.0542530880001,Hemelingen,Hemelingen,POINT (8.885187374000051 53.0542530880001)
7137,11,2022,5,3,11,2,0,1,1,0,0,0,0,0,0,0,8.82095257800006,53.063538699,Neustadt,Huckelriede,POINT (8.82095257800006 53.063538699)
7138,11,2022,6,2,11,3,5,3,1,1,0,0,0,0,0,0,8.83642687900004,53.107554242,Horn-Lehe,Lehe,POINT (8.83642687900004 53.107554242)
7139,11,2022,5,1,19,2,0,7,1,0,0,0,0,0,0,0,8.78201355200002,53.1100575610001,Walle,Walle,POINT (8.78201355200002 53.1100575610001)
7140,11,2022,5,6,11,3,0,3,1,1,0,0,0,0,0,0,8.82764036700007,53.072566915,Östliche Vorstadt,Steintor,POINT (8.82764036700007 53.072566915)
7141,11,2022,3,4,7,3,4,6,1,0,0,0,0,0,0,0,8.85230975400003,53.057194302,Obervieland,Habenhausen,POINT (8.85230975400003 53.057194302)
7142,12,2022,7,7,16,3,3,6,1,1,0,0,0,0,0,0,8.60016006000006,53.512272877,Wulsdorf,Geestemünde-Süd,POINT (8.600160060000061 53.512272877)
7143,11,2022,5,3,12,3,1,7,1,1,0,0,0,0,0,0,8.87265742800002,53.097097675,Horn-Lehe,Horn,POINT (8.87265742800002 53.097097675)
7144,11,2022,4,6,10,3,5,2,1,1,0,0,0,0,0,1,8.62452686300003,53.169978246,Vegesack,Vegesack,POINT (8.62452686300003 53.169978246)
7145,11,2022,6,1,19,3,5,3,1,1,0,0,0,0,0,0,8.85398535600007,53.0660914740001,Hemelingen,Hastedt,POINT (8.85398535600007 53.0660914740001)
7146,11,2022,6,5,16,3,5,2,1,1,0,0,0,0,0,1,8.83237566000003,53.0335513150001,Obervieland,Kattenturm,POINT (8.83237566000003 53.0335513150001)
7147,11,2022,5,2,18,2,0,7,1,0,0,0,0,0,0,0,8.80702271900003,53.07529315,Mitte,Altstadt,POINT (8.807022719000029 53.07529315)
7148,11,2022,4,2,22,3,5,3,1,1,0,0,0,0,2,0,8.80130533700003,53.0714647510001,Neustadt,Alte Neustadt,POINT (8.801305337000031 53.0714647510001)
7149,12,2022,5,7,18,3,5,3,1,1,0,0,0,0,0,0,8.59430516000003,53.5635481320001,Lehe,Königsheide,POINT (8.59430516000003 53.5635481320001)
7150,12,2022,1,3,12,3,6,7,1,0,1,0,0,0,0,0,8.59601463300004,53.588259308,Leherheide,Fehmoor,POINT (8.59601463300004 53.588259308)
7151,11,2022,3,5,13,3,3,6,1,1,0,0,0,0,0,0,8.80809238700004,53.0594963280001,Neustadt,Huckelriede,POINT (8.808092387000039 53.0594963280001)
7152,11,2022,3,5,6,3,4,2,1,1,0,0,0,0,0,1,8.75610102400003,53.079385997,Woltmershausen,Woltmershausen,POINT (8.75610102400003 53.079385997)
7153,11,2022,5,4,9,3,5,3,1,1,0,0,0,0,0,0,8.78856100200005,53.0729053360001,Neustadt,Hohentor,POINT (8.78856100200005 53.0729053360001)
7154,11,2022,6,5,10,2,5,3,1,1,0,0,0,0,0,0,8.89864180900003,53.0607169840001,Hemelingen,Sebaldsbrück,POINT (8.898641809000029 53.0607169840001)
7155,11,2022,3,1,0,3,5,2,1,1,0,0,0,0,2,0,8.81276122700007,53.0733003550001,Mitte,Altstadt,POINT (8.81276122700007 53.0733003550001)
7156,12,2022,7,3,12,3,5,3,1,1,0,0,0,0,0,0,8.60878041900003,53.590759442,Leherheide,Fehmoor,POINT (8.608780419000031 53.590759442)
7157,11,2022,6,4,5,2,0,7,1,0,0,0,0,0,1,0,8.80583764100004,53.07328053,Mitte,Altstadt,POINT (8.805837641000039 53.07328053)
7158,11,2022,6,6,18,3,5,2,1,1,0,0,0,0,0,0,8.71860094700003,53.045898519,Huchting,Sodenmatt,POINT (8.718600947000031 53.045898519)
7159,11,2022,5,3,17,3,0,1,1,0,0,0,0,0,0,1,8.76837420700002,53.103127198,Walle,Überseestadt,POINT (8.76837420700002 53.103127198)
7160,12,2022,3,6,14,3,5,3,1,1,0,0,0,0,0,0,8.58588825100003,53.5592729310001,Lehe,Königsheide,POINT (8.58588825100003 53.5592729310001)
7161,11,2022,5,2,15,3,5,3,1,1,0,0,0,0,0,0,8.87311196200005,53.084733966,Schwachhausen,Radio Bremen,POINT (8.873111962000049 53.084733966)
7162,11,2022,7,1,13,3,5,3,1,1,0,0,0,0,0,0,8.68681693200006,53.1681066940001,Burglesum,Lesum,POINT (8.68681693200006 53.1681066940001)
7163,11,2022,1,5,14,3,4,6,1,0,0,0,0,0,0,0,8.91451114300003,53.0595983790001,Hemelingen,Sebaldsbrück,POINT (8.914511143000031 53.0595983790001)
7164,11,2022,2,6,8,3,6,7,1,0,1,0,0,0,0,0,8.80907917600007,53.0740809050001,Mitte,Altstadt,POINT (8.80907917600007 53.0740809050001)
7165,11,2022,5,5,5,3,5,3,1,1,0,0,0,0,1,0,8.91406412900005,53.0626789190001,Hemelingen,Sebaldsbrück,POINT (8.91406412900005 53.0626789190001)
7166,11,2022,3,1,0,3,6,4,1,0,1,0,0,0,2,0,8.85313597200008,53.062507764,Hemelingen,Hastedt,POINT (8.85313597200008 53.062507764)
7167,11,2022,1,3,8,3,5,2,1,1,0,0,0,0,0,1,8.85344052200003,53.064913093,Östliche Vorstadt,Peterswerder,POINT (8.85344052200003 53.064913093)
7168,12,2022,4,3,14,3,3,6,1,1,0,0,0,0,0,0,8.60085606000007,53.5162756890001,Geestemünde,Buschkämpen,POINT (8.600856060000069 53.5162756890001)
7169,11,2022,5,3,13,3,5,2,1,1,0,0,0,0,0,0,8.74014295000006,53.051410666,Huchting,Kirchhuchting,POINT (8.74014295000006 53.051410666)
7170,11,2022,3,7,7,3,0,7,1,0,0,0,0,0,0,0,8.82314796100007,53.073159687,Mitte,Ostertor,POINT (8.823147961000069 53.073159687)
7171,11,2022,6,4,15,2,5,2,1,1,0,0,0,0,0,0,8.85367012500006,53.064865458,Hemelingen,Hastedt,POINT (8.853670125000059 53.064865458)
7172,12,2022,6,4,7,3,5,3,1,1,0,0,0,0,0,0,8.59184093400006,53.558976591,Lehe,Königsheide,POINT (8.591840934000061 53.558976591)
7173,11,2022,5,7,12,3,1,5,1,1,0,0,0,0,0,0,8.85570150500007,53.084406449,Schwachhausen,Radio Bremen,POINT (8.85570150500007 53.084406449)
7174,11,2022,1,2,12,3,5,2,1,1,0,0,0,0,0,0,8.88600725600003,53.1096432370001,Horn-Lehe,Lehesterdeich,POINT (8.886007256000029 53.1096432370001)
7175,11,2022,5,1,16,3,4,6,1,1,0,0,0,0,0,0,8.88193077500006,53.071676058,Vahr,Gartenstadt Vahr,POINT (8.881930775000059 53.071676058)
7176,11,2022,3,3,10,3,1,5,1,1,0,0,0,0,0,0,8.92642514100004,53.069682443,Osterholz,Ellener Feld,POINT (8.92642514100004 53.069682443)
7177,12,2022,7,3,16,3,5,3,1,1,0,0,0,0,0,0,8.58948770300003,53.5297816140001,Geestemünde,Buschkämpen,POINT (8.58948770300003 53.5297816140001)
7178,12,2022,2,4,6,3,5,3,1,1,0,0,0,0,0,0,8.59779648800003,53.5071166960001,Wulsdorf,Geestemünde-Süd,POINT (8.59779648800003 53.5071166960001)
7179,11,2022,6,7,19,3,0,7,1,0,0,0,0,0,0,0,8.95075734100004,53.061497516,Osterholz,Tenever,POINT (8.95075734100004 53.061497516)
7180,11,2022,5,5,8,3,5,3,1,1,0,0,0,0,0,0,8.78644124200002,53.057027976,Neustadt,Neuenland,POINT (8.78644124200002 53.057027976)
7181,11,2022,6,5,19,3,1,5,1,1,0,0,0,0,0,0,8.85254061700005,53.080298956,Schwachhausen,Gete,POINT (8.85254061700005 53.080298956)
7182,11,2022,2,6,13,3,4,6,1,1,0,0,0,0,0,0,8.85802264400007,53.0836912670001,Schwachhausen,Radio Bremen,POINT (8.858022644000069 53.0836912670001)
7183,11,2022,3,4,11,2,5,2,1,1,0,0,0,0,0,1,8.80135342900007,53.071600689,Neustadt,Alte Neustadt,POINT (8.80135342900007 53.071600689)
7184,11,2022,6,2,20,2,4,2,1,1,0,0,0,0,1,0,8.86643925700002,53.1036633480001,Horn-Lehe,Lehe,POINT (8.866439257000019 53.1036633480001)
7185,11,2022,2,2,14,3,4,6,1,0,0,0,0,0,0,1,8.83959793900004,53.0829129360001,Schwachhausen,Schwachhausen,POINT (8.83959793900004 53.0829129360001)
7186,11,2022,7,3,16,3,8,3,1,1,0,0,0,0,0,0,8.88253809700007,53.06364104,Hemelingen,Hastedt,POINT (8.88253809700007 53.06364104)
7187,11,2022,6,6,15,3,0,2,1,1,0,0,0,0,0,0,8.76544779900007,53.1074264740001,Gröpelingen,Lindenhof,POINT (8.76544779900007 53.1074264740001)
7188,11,2022,4,1,22,2,0,7,1,0,0,0,0,0,2,0,8.85263590600005,53.073716372,Östliche Vorstadt,Hulsberg,POINT (8.852635906000049 53.073716372)
7189,11,2022,6,7,18,3,0,1,1,0,0,0,0,0,0,0,8.77155623300007,53.108611743,Walle,Walle,POINT (8.771556233000069 53.108611743)
7190,12,2022,5,3,21,3,8,1,1,0,0,0,0,0,2,1,8.60348692500003,53.52347954,Geestemünde,Buschkämpen,POINT (8.603486925000031 53.52347954)
7191,11,2022,1,3,16,3,6,4,1,0,1,0,0,0,1,0,8.81392506700007,53.0811600910001,Mitte,Bahnhofsvorstadt,POINT (8.813925067000071 53.0811600910001)
7192,11,2022,5,7,13,3,5,3,1,1,0,0,0,0,0,0,8.81812756600004,53.077730058,Mitte,Ostertor,POINT (8.81812756600004 53.077730058)
7193,11,2022,2,3,7,3,4,6,1,0,0,0,0,1,0,0,8.88056722700003,53.0646277230001,Hemelingen,Hastedt,POINT (8.88056722700003 53.0646277230001)
7194,11,2022,2,5,8,3,5,3,1,1,0,0,0,0,0,1,8.84779089500006,53.0505704930001,Obervieland,Habenhausen,POINT (8.84779089500006 53.0505704930001)
7195,11,2022,5,1,19,3,4,6,1,0,0,0,0,0,0,0,8.80295353200006,53.096438984,Findorff,Regensburger Str.,POINT (8.80295353200006 53.096438984)
7196,11,2022,5,2,16,3,6,4,1,0,1,0,0,0,0,0,8.78646519200004,53.090832429,Walle,Steffensweg,POINT (8.786465192000041 53.090832429)
7197,11,2022,4,5,16,2,5,3,1,1,0,0,0,0,0,1,8.57901933300008,53.1836208710001,Blumenthal,Blumenthal,POINT (8.57901933300008 53.1836208710001)
7198,11,2022,3,4,7,3,5,3,1,1,0,0,0,0,0,0,8.59752516100002,53.184836535,Vegesack,Fähr-Lobbendorf,POINT (8.59752516100002 53.184836535)
7199,12,2022,6,5,17,3,5,2,1,1,0,0,0,0,0,0,8.57497002000002,53.54477359,Mitte,Weddewarden,POINT (8.57497002000002 53.54477359)
7200,11,2022,4,1,15,2,3,6,1,0,0,0,0,0,0,0,8.85797217300006,53.1364695830001,,Blockland,POINT (8.857972173000061 53.1364695830001)
7201,11,2022,6,4,10,3,5,3,1,1,0,0,0,0,0,0,8.78882785700006,53.0665565640001,Neustadt,Neustadt,POINT (8.78882785700006 53.0665565640001)
7202,12,2022,5,6,11,3,5,2,1,1,0,0,0,0,0,0,8.62646465500006,53.5295348230001,Schiffdorferdamm,Buschkämpen,POINT (8.62646465500006 53.5295348230001)
7203,11,2022,1,2,15,3,5,3,1,1,0,0,0,0,0,0,8.88773832200008,53.0683946230001,Hemelingen,Sebaldsbrück,POINT (8.887738322000081 53.0683946230001)
7204,12,2022,3,4,14,3,4,2,1,1,0,0,0,0,0,0,8.58095294100002,53.5513739840001,Lehe,Königsheide,POINT (8.580952941000019 53.5513739840001)
7205,11,2022,6,1,8,3,5,3,1,1,0,0,0,0,0,0,8.87656287300007,53.0814244150001,Vahr,Neue Vahr Südwest,POINT (8.87656287300007 53.0814244150001)
7206,11,2022,5,3,8,3,0,1,1,0,0,0,0,0,0,0,8.90054175200004,53.080389552,Vahr,Neue Vahr Südost,POINT (8.90054175200004 53.080389552)
7207,11,2022,3,4,15,3,3,2,1,1,0,0,0,0,0,0,8.82313769300004,53.073189455,Mitte,Ostertor,POINT (8.82313769300004 53.073189455)
7208,12,2022,6,6,11,3,5,2,1,1,0,0,0,0,0,0,8.59334321800003,53.5340358720001,Geestemünde,Buschkämpen,POINT (8.59334321800003 53.5340358720001)
7209,11,2022,3,3,7,3,5,3,1,1,0,0,0,0,0,0,8.88799176200007,53.0667408890001,Hemelingen,Sebaldsbrück,POINT (8.88799176200007 53.0667408890001)
7210,11,2022,7,3,13,3,5,3,1,1,0,0,0,0,0,0,8.78983353000007,53.092713158,Walle,Westend,POINT (8.78983353000007 53.092713158)
7211,11,2022,5,5,9,3,2,6,1,1,0,0,0,0,0,0,8.80131039800006,53.0690056560001,Neustadt,Alte Neustadt,POINT (8.80131039800006 53.0690056560001)
7212,11,2022,3,6,12,3,5,3,1,1,0,0,0,0,0,0,8.76858220200006,53.0939446960001,Walle,Überseestadt,POINT (8.76858220200006 53.0939446960001)
7213,11,2022,2,4,22,3,7,2,1,0,0,0,0,0,2,1,8.81186589100002,53.0769527370001,Mitte,Altstadt,POINT (8.81186589100002 53.0769527370001)
7214,12,2022,3,4,11,3,6,4,1,0,1,0,0,0,0,0,8.60486751800005,53.523333914,Geestemünde,Buschkämpen,POINT (8.60486751800005 53.523333914)
7215,11,2022,6,4,16,3,5,3,1,0,0,0,0,1,0,0,8.83138038900006,53.0812453820001,Schwachhausen,Schwachhausen,POINT (8.83138038900006 53.0812453820001)
7216,12,2022,1,5,13,3,8,1,1,1,0,0,0,0,0,1,8.58407460800004,53.5171664220001,Fischereihafen,Mitte-Süd,POINT (8.584074608000041 53.5171664220001)
7217,11,2022,2,6,12,3,6,4,1,0,1,0,0,0,0,0,8.80157221100006,53.0679929190001,Neustadt,Südervorstadt,POINT (8.80157221100006 53.0679929190001)
7218,11,2022,7,6,15,3,5,3,1,1,0,0,0,0,0,1,8.96986373400006,53.0466864540001,Hemelingen,Mahndorf,POINT (8.969863734000061 53.0466864540001)
7219,11,2022,1,5,10,3,5,2,1,1,0,0,0,0,0,1,8.72854549000004,53.038919456,Huchting,Kirchhuchting,POINT (8.728545490000039 53.038919456)
7220,12,2022,6,3,13,3,5,2,1,1,0,0,0,0,0,0,8.54276111200005,53.5875153980001,Häfen,Speckenbüttel,POINT (8.542761112000051 53.5875153980001)
7221,12,2022,3,3,15,3,1,5,1,0,0,0,1,0,0,0,8.58426564900003,53.5632919290001,Lehe,Königsheide,POINT (8.584265649000031 53.5632919290001)
7222,11,2022,6,5,15,3,1,5,1,1,0,0,0,0,0,0,8.86612206000007,53.0639328450001,Hemelingen,Hastedt,POINT (8.86612206000007 53.0639328450001)
7223,11,2022,2,2,14,3,5,3,1,1,0,0,0,0,0,0,8.80812176500007,53.059511548,Neustadt,Huckelriede,POINT (8.80812176500007 53.059511548)
7224,11,2022,6,4,8,3,0,7,1,0,0,0,0,0,0,0,8.80464782500007,53.0807269840001,Mitte,Bahnhofsvorstadt,POINT (8.804647825000069 53.0807269840001)
7225,11,2022,3,7,19,3,0,7,1,0,0,0,0,0,2,0,8.81911748800007,53.069619689,Mitte,Ostertor,POINT (8.819117488000069 53.069619689)
7226,11,2022,6,4,7,3,6,4,1,0,1,0,0,0,0,0,8.93756475400005,53.0753527430001,,,POINT (8.93756475400005 53.0753527430001)
7227,11,2022,6,1,20,3,0,7,1,0,0,0,0,0,0,0,8.73682163600006,53.0455699840001,Huchting,Kirchhuchting,POINT (8.736821636000061 53.0455699840001)
7228,11,2022,1,6,9,3,5,3,1,1,0,0,0,0,0,0,8.82408103300003,53.079228931,Mitte,Ostertor,POINT (8.824081033000031 53.079228931)
7229,11,2022,2,4,18,3,2,2,1,1,0,0,0,0,2,0,8.81698450400006,53.078830123,Mitte,Bahnhofsvorstadt,POINT (8.816984504000059 53.078830123)
7230,11,2022,5,5,20,3,0,7,1,0,0,0,0,0,0,1,8.82559232300002,53.078922563,Östliche Vorstadt,Fesenfeld,POINT (8.82559232300002 53.078922563)
7231,11,2022,6,6,19,3,5,3,1,1,0,0,0,0,0,0,8.64782434700004,53.1714886,Vegesack,Grohn,POINT (8.647824347000039 53.1714886)
7232,11,2022,2,4,15,3,3,6,1,1,0,0,0,0,0,0,8.85573571400005,53.074038332,Hemelingen,Hastedt,POINT (8.855735714000049 53.074038332)
7233,11,2022,1,6,10,3,5,3,1,1,0,0,0,0,0,1,8.73945041800005,53.1363914930001,Gröpelingen,Oslebshausen,POINT (8.73945041800005 53.1363914930001)
7234,12,2022,3,3,16,3,1,5,1,1,0,0,0,0,0,0,8.60481270100007,53.523651891,Geestemünde,Buschkämpen,POINT (8.604812701000069 53.523651891)
7235,11,2022,5,6,19,3,5,3,1,1,0,0,0,0,0,0,8.71633667300006,53.056499011,Huchting,Mittelshuchting,POINT (8.716336673000059 53.056499011)
7236,11,2022,6,7,13,3,5,2,1,1,0,0,0,0,0,0,8.70397516800006,53.158134826,Burglesum,Burgdamm,POINT (8.70397516800006 53.158134826)
7237,11,2022,7,2,18,3,5,2,1,1,0,0,0,0,0,0,8.94058394000007,53.0776143940001,,,POINT (8.940583940000071 53.0776143940001)
7238,11,2022,7,4,23,3,1,5,1,0,0,0,0,1,2,0,8.83903939500004,53.0676996,Östliche Vorstadt,Peterswerder,POINT (8.839039395000039 53.0676996)
7239,11,2022,1,7,10,3,0,1,1,0,0,0,0,0,0,1,8.82283731600006,53.0729229510001,Mitte,Ostertor,POINT (8.82283731600006 53.0729229510001)
7240,11,2022,2,6,18,3,1,5,1,1,0,0,0,0,2,0,8.80891634500006,53.0635673410001,Neustadt,Buntentor,POINT (8.80891634500006 53.0635673410001)
7241,11,2022,6,1,17,3,5,2,1,1,0,0,0,0,0,1,8.87101149500006,53.087422556,Schwachhausen,Radio Bremen,POINT (8.87101149500006 53.087422556)
7242,11,2022,6,4,12,3,0,7,1,0,0,0,0,0,0,1,8.80299433300007,53.0926574310001,Findorff,Findorff-Bürgerweide,POINT (8.80299433300007 53.0926574310001)
7243,11,2022,2,6,7,3,5,3,1,1,0,0,0,0,0,0,8.86057058900008,53.0719816440001,Hemelingen,Hastedt,POINT (8.86057058900008 53.0719816440001)
7244,11,2022,5,2,8,3,5,3,1,1,0,0,0,0,0,0,8.76909364600004,53.082687236,Woltmershausen,Woltmershausen,POINT (8.769093646000041 53.082687236)
7245,11,2022,5,2,16,3,5,3,1,1,0,0,0,0,0,0,8.68608457100004,53.173313335,Burglesum,Lesum,POINT (8.686084571000039 53.173313335)
7246,11,2022,5,4,8,3,5,3,1,1,0,0,0,0,0,0,8.61639167800007,53.1831943340001,Vegesack,Fähr-Lobbendorf,POINT (8.61639167800007 53.1831943340001)
7247,12,2022,3,6,7,3,2,6,1,1,0,0,0,0,0,1,8.61819936500007,53.570741395,Lehe,Königsheide,POINT (8.61819936500007 53.570741395)
7248,11,2022,4,6,11,2,5,3,1,1,0,0,0,0,0,0,8.57102680900005,53.1812661860001,Blumenthal,Blumenthal,POINT (8.571026809000051 53.1812661860001)
7249,11,2022,6,7,12,3,5,3,1,0,0,0,0,1,0,0,8.82525881200007,53.0790901340001,Mitte,Ostertor,POINT (8.825258812000071 53.0790901340001)
7250,12,2022,5,3,17,3,0,7,1,0,0,0,0,0,0,1,8.58103977600007,53.5439064620001,Mitte,Weddewarden,POINT (8.58103977600007 53.5439064620001)
7251,11,2022,5,1,9,3,5,3,1,0,0,0,0,0,0,0,8.81682249400006,53.104685542,Findorff,In den Hufen,POINT (8.816822494000061 53.104685542)
7252,11,2022,6,4,17,3,5,3,1,1,0,0,0,0,0,0,8.69649434500008,53.1756279640001,Burglesum,Lesum,POINT (8.69649434500008 53.1756279640001)
7253,11,2022,3,6,7,3,5,2,1,1,0,0,0,0,0,0,8.92554378500006,53.0730958830001,Osterholz,Blockdiek,POINT (8.925543785000061 53.0730958830001)
7254,11,2022,7,2,15,3,5,2,1,1,0,0,0,0,0,1,8.78398617600004,53.08805977,Walle,Überseestadt,POINT (8.78398617600004 53.08805977)
7255,12,2022,6,5,16,3,5,3,1,1,0,0,0,0,0,0,8.59839602200003,53.5328824950001,Geestemünde,Buschkämpen,POINT (8.59839602200003 53.5328824950001)
7256,11,2022,5,3,11,3,0,7,1,0,0,0,0,0,0,1,8.80523588800003,53.0771910540001,Mitte,Altstadt,POINT (8.805235888000031 53.0771910540001)
7257,11,2022,6,6,12,3,5,2,1,1,0,0,0,0,0,0,8.78646138100004,53.0954359840001,Walle,Westend,POINT (8.78646138100004 53.0954359840001)
7258,11,2022,3,6,15,3,0,1,1,1,0,0,0,0,0,0,8.83677073600006,53.0825516210001,Schwachhausen,Schwachhausen,POINT (8.83677073600006 53.0825516210001)