,UKREIS,UJAHR,UMONAT,UWOCHENTAG,USTUNDE,UKATEGORIE,UART,UTYP1,IstRad,IstPKW,IstFuss,IstKrad,IstGkfz,IstSonstig,ULICHTVERH,STRZUSTAND,longitude,latitude,Stadtteil,Ortsteil,geometry
7589,11,2022,9,2,18,3,6,4,1,0,1,0,0,0,0,0,8.61756491700004,53.1730830750001,Vegesack,Vegesack,POINT (8.61756491700004 53.1730830750001)
7590,11,2022,11,6,15,3,3,6,1,0,0,0,0,0,0,0,8.77733997600006,53.079228932,Woltmershausen,Woltmershausen,POINT (8.777339976000061 53.079228932)
7591,12,2022,11,3,7,3,5,3,1,1,0,0,0,0,1,1,8.57261135800007,53.5604318690001,Lehe,Königsheide,POINT (8.572611358000071 53.5604318690001)
7592,11,2022,10,2,8,3,5,2,1,1,0,0,0,0,0,0,8.85003343000005,53.112042435,Horn-Lehe,Lehe,POINT (8.85003343000005 53.112042435)
7593,11,2022,8,4,18,3,3,2,1,1,0,0,0,0,0,0,8.82444064800006,53.1098800410001,Schwachhausen,Neu-Schwachhausen,POINT (8.82444064800006 53.1098800410001)
7594,11,2022,9,3,16,3,3,6,1,0,0,0,0,1,0,0,8.87176509600005,53.0914361470001,Horn-Lehe,Horn,POINT (8.87176509600005 53.0914361470001)
7595,11,2022,11,4,12,3,5,3,1,1,0,0,0,0,0,0,8.69918527100003,53.1681940830001,Burglesum,Lesum,POINT (8.699185271000029 53.1681940830001)
7596,11,2022,11,5,13,3,5,3,1,1,0,0,0,0,0,0,8.88664485500004,53.0791834500001,Vahr,Neue Vahr Südwest,POINT (8.886644855000039 53.0791834500001)
7597,11,2022,10,5,17,3,5,7,1,0,0,0,0,0,1,1,8.78889762700004,53.0632592850001,Neustadt,Südervorstadt,POINT (8.78889762700004 53.0632592850001)
7598,11,2022,8,1,11,3,5,3,1,1,0,0,0,0,0,0,8.79644619600003,53.064887282,Neustadt,Südervorstadt,POINT (8.79644619600003 53.064887282)
7599,11,2022,10,6,13,2,5,3,1,0,0,0,0,1,0,0,8.83276178600005,53.0709443710001,Östliche Vorstadt,Steintor,POINT (8.83276178600005 53.0709443710001)
7600,12,2022,8,3,22,3,1,5,1,1,0,0,0,0,2,0,8.61010482400008,53.525907863,Geestemünde,Buschkämpen,POINT (8.61010482400008 53.525907863)
7601,12,2022,9,2,15,3,5,2,1,1,0,0,0,0,0,0,8.60408493800003,53.504089337,Wulsdorf,Geestemünde-Süd,POINT (8.60408493800003 53.504089337)
7602,11,2022,9,6,15,3,5,2,1,1,0,0,0,0,0,0,8.82509056900005,53.0841945190001,Schwachhausen,Barkhof,POINT (8.82509056900005 53.0841945190001)
7603,11,2022,8,7,15,3,6,4,1,0,1,0,0,0,0,0,8.80154005100007,53.0809142040001,Mitte,Altstadt,POINT (8.801540051000069 53.0809142040001)
7604,11,2022,10,5,13,3,5,2,1,1,0,0,0,0,0,0,8.69982636500004,53.1680987410001,Burglesum,Lesum,POINT (8.699826365000041 53.1680987410001)
7605,12,2022,11,5,7,2,5,3,1,1,0,0,0,0,0,1,8.59521823100005,53.539016363,Geestemünde,Buschkämpen,POINT (8.59521823100005 53.539016363)
7606,11,2022,8,6,22,3,6,7,1,0,1,0,0,0,2,0,8.79965657600007,53.0780027590001,Mitte,Altstadt,POINT (8.79965657600007 53.0780027590001)
7607,11,2022,11,6,15,2,5,3,1,1,0,0,0,0,0,0,8.61562481300007,53.194397517,Vegesack,Aumund-Hammersbeck,POINT (8.615624813000069 53.194397517)
7608,11,2022,12,4,14,3,5,2,1,1,0,0,0,0,0,0,8.84718379100002,53.0870036590001,Schwachhausen,Riensberg,POINT (8.84718379100002 53.0870036590001)
7609,11,2022,8,2,23,3,0,7,1,0,0,1,0,0,2,0,8.84487176200003,53.075237599,Östliche Vorstadt,Hulsberg,POINT (8.844871762000031 53.075237599)
7610,12,2022,9,2,14,3,0,1,1,0,0,0,0,0,0,0,8.58365442100006,53.555282264,Lehe,Königsheide,POINT (8.583654421000061 53.555282264)
7611,11,2022,8,6,12,3,5,3,1,0,0,0,0,0,0,0,8.81061074800004,53.0718094220001,Mitte,Altstadt,POINT (8.810610748000039 53.0718094220001)
7612,11,2022,11,3,9,3,0,7,1,0,0,0,0,0,0,2,8.88242324600003,53.1036634070001,Horn-Lehe,Lehesterdeich,POINT (8.88242324600003 53.1036634070001)
7613,11,2022,10,4,12,3,5,3,1,0,0,0,0,0,0,0,8.81346045500004,53.090343638,Findorff,Findorff-Bürgerweide,POINT (8.81346045500004 53.090343638)
7614,11,2022,9,2,18,3,4,2,1,1,0,0,0,0,0,0,8.80967506700006,53.0910585130001,Findorff,Findorff-Bürgerweide,POINT (8.809675067000059 53.0910585130001)
7615,11,2022,9,6,9,3,5,3,1,1,0,0,0,0,0,0,8.91774162400003,53.071277921,Osterholz,Ellener Feld,POINT (8.91774162400003 53.071277921)
7616,12,2022,10,2,11,3,4,6,1,1,0,0,0,0,0,0,8.59383963000005,53.5604029510001,Lehe,Königsheide,POINT (8.593839630000049 53.5604029510001)
7617,11,2022,11,4,7,3,1,5,1,1,0,0,0,0,0,0,8.77259855100004,53.081475562,Woltmershausen,Woltmershausen,POINT (8.772598551000041 53.081475562)
7618,12,2022,8,4,14,3,5,3,1,1,0,0,0,0,0,0,8.57748523400005,53.548432743,Mitte,Weddewarden,POINT (8.577485234000051 53.548432743)
7619,11,2022,7,2,18,3,4,6,1,0,0,0,0,1,0,0,8.80695686100006,53.0818873200001,Mitte,Bahnhofsvorstadt,POINT (8.80695686100006 53.0818873200001)
7620,11,2022,11,2,14,3,5,3,1,1,0,0,0,0,0,0,8.89668136100005,53.130473883,,Borgfeld,POINT (8.89668136100005 53.130473883)
7621,11,2022,10,4,21,2,0,7,1,0,0,0,0,0,2,1,8.83722002600007,53.082380829,Schwachhausen,Gete,POINT (8.83722002600007 53.082380829)
7622,12,2022,10,1,2,3,0,1,1,0,0,0,0,0,2,1,8.63901159100004,53.5352381500001,Schiffdorferdamm,Buschkämpen,POINT (8.63901159100004 53.5352381500001)
7623,11,2022,9,4,7,3,5,3,1,1,0,0,0,0,1,0,8.94055106100006,53.0775826010001,,,POINT (8.940551061000059 53.0775826010001)
7624,11,2022,11,4,13,3,5,2,1,1,0,0,0,0,0,1,8.76610846300002,53.0739197730001,Woltmershausen,Woltmershausen,POINT (8.76610846300002 53.0739197730001)
7625,11,2022,8,4,10,3,5,3,1,1,0,0,0,0,0,0,8.88423818000007,53.073147868,Hemelingen,Sebaldsbrück,POINT (8.88423818000007 53.073147868)
7626,12,2022,10,6,13,3,5,3,1,1,0,0,0,0,0,0,8.59972065500006,53.5052239,Wulsdorf,Geestemünde-Süd,POINT (8.599720655000061 53.5052239)
7627,11,2022,9,4,18,3,5,2,1,1,0,0,0,0,0,0,8.72817250200006,53.038377661,Huchting,Kirchhuchting,POINT (8.72817250200006 53.038377661)
7628,11,2022,8,5,9,3,5,3,1,1,0,0,0,0,0,0,8.81900044800005,53.031613228,Obervieland,Kattenesch,POINT (8.81900044800005 53.031613228)
7629,12,2022,10,2,17,3,5,3,1,1,0,0,0,0,0,0,8.59117240800003,53.566120013,Lehe,Königsheide,POINT (8.59117240800003 53.566120013)
7630,11,2022,9,2,20,3,0,1,1,0,0,0,0,0,0,0,8.80650115200007,53.0654832550001,Neustadt,Buntentor,POINT (8.80650115200007 53.0654832550001)
7631,11,2022,11,7,14,3,5,3,1,1,0,0,0,0,0,0,8.89445148900006,53.0543856310001,Hemelingen,Hemelingen,POINT (8.89445148900006 53.0543856310001)
7632,11,2022,10,4,7,3,5,3,1,1,0,0,0,0,2,0,8.80199714200006,53.0865417100001,Mitte,Bahnhofsvorstadt,POINT (8.80199714200006 53.0865417100001)
7633,11,2022,8,4,18,3,5,2,1,1,0,0,0,0,0,0,8.86255265000005,53.067613296,Hemelingen,Hastedt,POINT (8.862552650000049 53.067613296)
7634,12,2022,9,7,19,3,0,1,1,0,0,0,0,0,0,0,8.59572834500005,53.535773566,Geestemünde,Buschkämpen,POINT (8.595728345000049 53.535773566)
7635,11,2022,9,5,23,3,0,1,1,0,0,0,0,0,2,0,8.89001094800005,53.0822742010001,Vahr,Neue Vahr Südwest,POINT (8.89001094800005 53.0822742010001)
7636,11,2022,10,1,12,3,1,5,1,1,0,0,0,0,0,0,8.81311940700004,53.0795588780001,Mitte,Bahnhofsvorstadt,POINT (8.813119407000039 53.0795588780001)
7637,11,2022,8,6,14,3,0,3,1,1,0,0,0,0,0,0,8.80087755100004,53.0684378870001,Neustadt,Südervorstadt,POINT (8.80087755100004 53.0684378870001)
7638,11,2022,9,5,8,3,5,3,1,1,0,0,0,0,0,0,8.82675003500003,53.0428761380001,Obervieland,Kattenturm,POINT (8.82675003500003 53.0428761380001)
7639,11,2022,12,3,8,3,5,3,1,1,0,0,0,0,0,1,8.81054478100003,53.076697154,Mitte,Altstadt,POINT (8.810544781000029 53.076697154)
7640,11,2022,8,7,14,3,5,2,1,1,0,0,0,0,0,0,8.77783319400004,53.0994264280001,Walle,Walle,POINT (8.77783319400004 53.0994264280001)
7641,12,2022,11,6,13,3,5,3,1,0,0,0,0,1,0,0,8.57525203500006,53.5475848340001,Mitte,Weddewarden,POINT (8.575252035000061 53.5475848340001)
7642,12,2022,12,2,8,3,5,2,1,1,0,0,0,0,1,2,8.62638284600007,53.529643632,Schiffdorferdamm,Buschkämpen,POINT (8.62638284600007 53.529643632)
7643,12,2022,9,5,11,3,5,3,1,0,0,0,1,0,0,1,8.57992026000005,53.5492275650001,Lehe,Königsheide,POINT (8.579920260000049 53.5492275650001)
7644,11,2022,12,6,17,3,5,3,1,0,0,1,0,0,0,0,8.80413439600005,53.0726078260001,Mitte,Altstadt,POINT (8.80413439600005 53.0726078260001)
7645,11,2022,10,2,8,3,5,3,1,1,0,0,0,0,0,0,8.67582958700007,53.173496076,Burglesum,Lesum,POINT (8.67582958700007 53.173496076)
7646,11,2022,11,3,9,3,5,3,1,1,0,0,0,0,0,0,8.87026012100006,53.0639663100001,Hemelingen,Hastedt,POINT (8.87026012100006 53.0639663100001)
7647,11,2022,7,4,23,3,4,3,1,1,0,0,0,0,2,0,8.80415390900004,53.0723903310001,Neustadt,Alte Neustadt,POINT (8.804153909000039 53.0723903310001)
7648,12,2022,9,3,20,3,1,5,1,1,0,0,0,0,2,0,8.60073284000003,53.594131766,Leherheide,Fehmoor,POINT (8.600732840000029 53.594131766)
7649,12,2022,11,7,10,3,3,6,1,1,0,0,0,0,0,1,8.58614926700005,53.5618256180001,Lehe,Königsheide,POINT (8.586149267000049 53.5618256180001)
7650,11,2022,10,6,10,3,5,3,1,1,0,0,0,0,0,0,8.82685380500004,53.0342746520001,Obervieland,Kattenturm,POINT (8.82685380500004 53.0342746520001)
7651,12,2022,8,7,15,3,6,4,1,0,1,0,0,0,0,0,8.59365848000004,53.5376578820001,Geestemünde,Buschkämpen,POINT (8.593658480000039 53.5376578820001)
7652,12,2022,11,3,7,3,0,1,1,0,0,0,0,0,1,1,8.58683851800004,53.565872846,Lehe,Königsheide,POINT (8.586838518000039 53.565872846)
7653,11,2022,10,3,15,3,5,3,1,0,0,0,0,1,0,0,8.79178756900006,53.087763915,Walle,Utbremen,POINT (8.791787569000061 53.087763915)
7654,11,2022,7,7,9,3,3,6,1,1,0,0,0,0,0,0,8.91819358700008,53.071428057,Osterholz,Blockdiek,POINT (8.918193587000079 53.071428057)
7655,11,2022,9,3,9,3,1,5,1,1,0,0,0,0,0,0,8.82419086000004,53.0792060900001,Mitte,Ostertor,POINT (8.824190860000041 53.0792060900001)
7656,11,2022,9,6,5,3,5,3,1,1,0,0,0,0,1,0,8.88694261700005,53.0346455580001,Hemelingen,Hemelingen,POINT (8.886942617000051 53.0346455580001)
7657,12,2022,10,5,6,3,5,3,1,1,0,0,0,0,2,0,8.59521731200005,53.5390138760001,Geestemünde,Buschkämpen,POINT (8.595217312000051 53.5390138760001)
7658,11,2022,8,1,15,3,3,6,1,0,0,0,0,1,0,0,8.85044446200004,53.071188659,Östliche Vorstadt,Peterswerder,POINT (8.85044446200004 53.071188659)
7659,11,2022,10,7,14,3,6,4,1,0,1,0,0,0,0,0,8.80007113100004,53.070589698,Neustadt,Alte Neustadt,POINT (8.80007113100004 53.070589698)
7660,11,2022,11,2,12,3,5,3,1,1,0,0,0,0,0,0,8.85234581900005,53.0736745120001,Östliche Vorstadt,Hulsberg,POINT (8.85234581900005 53.0736745120001)
7661,11,2022,10,2,13,3,5,3,1,1,0,0,0,0,0,1,8.78766489900005,53.087453866,Walle,Utbremen,POINT (8.787664899000051 53.087453866)
7662,11,2022,8,2,9,3,1,5,1,1,0,0,0,0,0,0,8.80868698400008,53.120955645,,Blockland,POINT (8.808686984000079 53.120955645)
7663,11,2022,9,6,15,3,5,3,1,1,0,0,0,0,1,1,8.78771284900006,53.087181952,Walle,Überseestadt,POINT (8.78771284900006 53.087181952)
7664,11,2022,10,7,10,3,5,2,1,1,0,0,0,0,0,0,8.72880366500004,53.0389350790001,Huchting,Kirchhuchting,POINT (8.72880366500004 53.0389350790001)
7665,11,2022,11,3,12,3,0,7,1,0,0,0,0,0,0,0,8.82775810400005,53.0688504230001,Östliche Vorstadt,Steintor,POINT (8.827758104000051 53.0688504230001)
7666,11,2022,12,5,10,3,5,3,1,0,0,0,0,0,0,1,8.80326345400005,53.0846358490001,Mitte,Bahnhofsvorstadt,POINT (8.803263454000049 53.0846358490001)
7667,11,2022,8,3,8,3,5,2,1,0,0,0,0,1,0,0,8.83598416600006,53.0837978700001,Schwachhausen,Schwachhausen,POINT (8.83598416600006 53.0837978700001)
7668,11,2022,9,7,11,3,0,1,1,0,0,0,0,0,0,1,8.57339348300007,53.1917200010001,Blumenthal,Blumenthal,POINT (8.57339348300007 53.1917200010001)
7669,11,2022,9,5,7,3,6,4,1,0,1,0,0,0,0,0,8.77495935700006,53.080153969,Woltmershausen,Woltmershausen,POINT (8.774959357000061 53.080153969)
7670,11,2022,8,7,15,3,6,7,1,0,1,0,0,0,0,0,8.80393326500007,53.077885511,Mitte,Altstadt,POINT (8.803933265000071 53.077885511)
7671,11,2022,10,5,16,3,0,7,1,1,0,0,0,0,0,0,8.90934530600003,53.058798918,Hemelingen,Sebaldsbrück,POINT (8.909345306000031 53.058798918)
7672,11,2022,10,3,16,3,5,2,1,1,0,0,0,0,0,0,8.87512589800002,53.0824267580001,Schwachhausen,Radio Bremen,POINT (8.87512589800002 53.0824267580001)
7673,11,2022,10,5,10,3,1,7,1,1,0,0,0,0,0,0,8.87006322900004,53.097426285,Horn-Lehe,Horn,POINT (8.87006322900004 53.097426285)
7674,11,2022,7,2,17,3,2,1,1,1,0,0,0,0,0,1,8.80383820300005,53.076320433,Mitte,Altstadt,POINT (8.803838203000049 53.076320433)
7675,11,2022,11,3,16,3,5,3,1,1,0,0,0,0,0,0,8.88208116600003,53.0790975290001,Vahr,Neue Vahr Südwest,POINT (8.882081166000029 53.0790975290001)
7676,11,2022,10,3,14,3,1,5,1,1,0,0,0,0,0,0,8.85226084700003,53.081832885,Schwachhausen,Gete,POINT (8.85226084700003 53.081832885)
7677,11,2022,8,6,11,3,2,2,1,1,0,0,0,0,0,1,8.87366933900006,53.1013263300001,Horn-Lehe,Lehe,POINT (8.87366933900006 53.1013263300001)
7678,11,2022,9,5,15,3,5,3,1,1,0,0,0,0,0,0,8.79671170300003,53.0892169460001,Walle,Utbremen,POINT (8.79671170300003 53.0892169460001)
7679,11,2022,9,5,8,3,5,3,1,1,0,0,0,0,0,0,8.82112967200004,53.052280367,Neustadt,Huckelriede,POINT (8.821129672000041 53.052280367)
7680,11,2022,12,2,7,3,6,4,1,0,1,0,0,0,2,1,8.83918667500006,53.0508141440001,Obervieland,Habenhausen,POINT (8.839186675000059 53.0508141440001)
7681,11,2022,10,5,19,3,5,3,1,1,0,0,0,0,2,1,8.76938203600002,53.110584864,Gröpelingen,Lindenhof,POINT (8.769382036000019 53.110584864)
7682,11,2022,8,4,15,3,4,6,1,0,0,0,0,1,0,1,8.90025379400004,53.046673174,Hemelingen,Hemelingen,POINT (8.90025379400004 53.046673174)
7683,11,2022,7,5,17,2,5,3,1,0,0,0,1,0,0,0,8.73094583600005,53.091642656,Häfen,Neustädter Hafen,POINT (8.73094583600005 53.091642656)
7684,11,2022,11,4,11,3,0,3,1,0,0,0,0,1,0,0,8.86732871200007,53.09881892,Horn-Lehe,Lehe,POINT (8.86732871200007 53.09881892)
7685,11,2022,8,5,14,3,5,3,1,1,0,0,0,0,0,0,8.71267150700004,53.1443905150001,Burglesum,Burg-Grambke,POINT (8.71267150700004 53.1443905150001)
7686,11,2022,9,2,8,2,5,3,1,0,0,0,1,0,0,0,8.82345775200002,53.0479328760001,Obervieland,Kattenturm,POINT (8.823457752000021 53.0479328760001)
7687,11,2022,11,5,12,3,5,3,1,1,0,0,0,0,0,0,8.87245403500003,53.0631377710001,Hemelingen,Hastedt,POINT (8.872454035000031 53.0631377710001)
7688,11,2022,10,5,9,3,5,3,1,0,0,0,0,1,0,0,8.85055961700004,53.111886392,Horn-Lehe,Lehe,POINT (8.850559617000039 53.111886392)
7689,11,2022,8,7,22,3,6,7,1,0,1,0,0,0,2,0,8.78580228100003,53.1034165560001,Walle,Walle,POINT (8.785802281000031 53.1034165560001)
7690,11,2022,9,5,19,3,6,4,1,0,1,0,0,0,0,0,8.84356743100005,53.089617097,Schwachhausen,Neu-Schwachhausen,POINT (8.84356743100005 53.089617097)
7691,11,2022,12,1,12,3,5,2,1,1,0,0,0,0,0,0,8.88799432000008,53.066734683,Hemelingen,Sebaldsbrück,POINT (8.887994320000081 53.066734683)
7692,11,2022,10,3,7,3,6,4,1,0,1,0,0,0,2,0,8.82927022800004,53.0745914890001,Östliche Vorstadt,Fesenfeld,POINT (8.829270228000039 53.0745914890001)
7693,11,2022,11,3,7,3,5,2,1,1,0,0,0,0,1,0,8.79634286800007,53.082528214,Mitte,Altstadt,POINT (8.796342868000069 53.082528214)
7694,11,2022,8,1,17,3,0,7,1,0,0,0,0,0,0,0,8.81074267500003,53.068761178,Neustadt,Alte Neustadt,POINT (8.81074267500003 53.068761178)
7695,11,2022,9,1,15,3,4,6,1,0,0,0,0,0,0,0,8.79317767200007,53.0927386330001,Walle,Westend,POINT (8.79317767200007 53.0927386330001)
7696,11,2022,9,6,20,3,0,7,1,0,0,0,0,0,2,1,8.89584515900003,53.0969542780001,Horn-Lehe,Lehesterdeich,POINT (8.89584515900003 53.0969542780001)
7697,12,2022,7,6,12,3,5,3,1,1,0,0,0,0,0,0,8.59799973600008,53.579864743,Lehe,Königsheide,POINT (8.59799973600008 53.579864743)
7698,11,2022,9,4,17,3,5,2,1,1,0,0,0,0,0,0,8.95370354400006,53.0341223410001,Hemelingen,Mahndorf,POINT (8.95370354400006 53.0341223410001)
7699,11,2022,8,4,18,3,3,6,1,1,0,0,0,0,0,0,8.82311169400003,53.0732648310001,Östliche Vorstadt,Steintor,POINT (8.82311169400003 53.0732648310001)
7700,11,2022,8,1,14,3,5,3,1,0,0,1,0,0,0,0,8.81537268400007,53.0557705030001,Neustadt,Huckelriede,POINT (8.815372684000071 53.0557705030001)
7701,11,2022,11,3,7,3,0,3,1,0,0,0,0,1,2,1,8.86877440600006,53.0742535680001,Vahr,Gartenstadt Vahr,POINT (8.86877440600006 53.0742535680001)
7702,11,2022,10,4,16,3,8,7,1,0,0,0,0,0,0,0,8.76289933500004,53.0769050920001,Woltmershausen,Woltmershausen,POINT (8.762899335000039 53.0769050920001)
7703,11,2022,8,7,3,2,6,4,1,0,1,0,0,0,2,0,8.81955856200005,53.0695426990001,Mitte,Ostertor,POINT (8.819558562000051 53.0695426990001)
7704,11,2022,10,6,19,3,2,6,1,1,0,0,0,0,1,0,8.80154168000007,53.068011853,Neustadt,Südervorstadt,POINT (8.801541680000071 53.068011853)
7705,11,2022,8,1,18,2,0,7,1,1,0,0,0,0,0,0,8.63435945200007,53.163429244,Vegesack,Grohn,POINT (8.634359452000069 53.163429244)
7706,12,2022,9,6,14,3,0,1,1,0,0,0,0,0,0,0,8.59983773400006,53.525487555,Geestemünde,Buschkämpen,POINT (8.59983773400006 53.525487555)
7707,11,2022,9,6,10,2,6,4,1,0,1,0,0,0,0,0,8.82712766700007,53.0784656110001,Östliche Vorstadt,Fesenfeld,POINT (8.82712766700007 53.0784656110001)
7708,11,2022,12,5,8,3,0,7,1,0,0,0,0,0,0,1,8.80786768400003,53.064201702,Neustadt,Buntentor,POINT (8.80786768400003 53.064201702)
7709,11,2022,10,6,18,3,5,2,1,1,0,0,0,0,1,0,8.82773936200005,53.074782053,Östliche Vorstadt,Steintor,POINT (8.827739362000051 53.074782053)
7710,11,2022,12,6,7,2,5,3,1,1,0,0,0,0,2,1,8.69224563400007,53.168206911,Burglesum,Lesum,POINT (8.69224563400007 53.168206911)
7711,11,2022,8,5,17,3,5,3,1,0,0,0,0,1,0,0,8.75231718900005,53.113185152,Gröpelingen,Lindenhof,POINT (8.752317189000051 53.113185152)
7712,11,2022,9,3,18,3,5,3,1,1,0,0,0,0,0,0,8.80620339400002,53.073300165,Mitte,Altstadt,POINT (8.80620339400002 53.073300165)
7713,11,2022,11,4,7,3,5,3,1,1,0,0,0,0,1,1,8.87052372800002,53.091275705,Schwachhausen,Radio Bremen,POINT (8.87052372800002 53.091275705)
7714,12,2022,10,6,13,3,5,2,1,1,0,0,0,0,0,0,8.59657666600003,53.5722713740001,Lehe,Königsheide,POINT (8.596576666000029 53.5722713740001)
7715,11,2022,8,4,15,3,1,7,1,1,0,0,0,0,0,0,8.77132585500004,53.0819364770001,Woltmershausen,Woltmershausen,POINT (8.77132585500004 53.0819364770001)
7716,12,2022,10,6,7,3,6,3,1,0,1,0,0,0,1,0,8.59166026000003,53.5320848200001,Geestemünde,Buschkämpen,POINT (8.59166026000003 53.5320848200001)
7717,11,2022,12,1,10,2,5,3,1,1,0,0,0,0,0,2,8.88046696000004,53.071654209,Vahr,Gartenstadt Vahr,POINT (8.880466960000041 53.071654209)
7718,11,2022,10,3,16,3,0,7,1,0,0,0,0,0,0,0,8.93767565900004,53.0906990280001,,,POINT (8.937675659000041 53.0906990280001)
7719,11,2022,8,3,7,3,3,6,1,0,0,0,0,0,0,0,8.88227861900003,53.103512965,Horn-Lehe,Lehesterdeich,POINT (8.882278619000029 53.103512965)
7720,11,2022,9,7,11,3,5,2,1,1,0,0,0,0,0,1,8.86252352100007,53.0675932010001,Hemelingen,Hastedt,POINT (8.862523521000069 53.0675932010001)
7721,12,2022,11,3,16,3,5,2,1,1,0,0,0,0,1,1,8.60050655600003,53.5050225470001,Wulsdorf,Geestemünde-Süd,POINT (8.600506556000029 53.5050225470001)
7722,11,2022,12,6,13,3,5,2,1,0,0,0,0,1,0,0,8.87053632200002,53.091275383,Schwachhausen,Radio Bremen,POINT (8.870536322000021 53.091275383)
7723,11,2022,10,4,15,3,5,3,1,0,0,0,0,1,0,0,8.83077514100006,53.0409657650001,Obervieland,Kattenturm,POINT (8.830775141000061 53.0409657650001)
7724,11,2022,8,4,15,3,3,2,1,1,0,0,0,0,0,0,8.70401641000007,53.1578994050001,Burglesum,Burgdamm,POINT (8.704016410000071 53.1578994050001)
7725,11,2022,7,5,12,3,5,2,1,1,0,0,0,0,0,0,8.70438909700005,53.156016886,Burglesum,Burg-Grambke,POINT (8.70438909700005 53.156016886)
7726,12,2022,9,4,11,3,7,7,1,0,0,0,0,1,0,0,8.59065658100008,53.5151729300001,Wulsdorf,Geestemünde-Süd,POINT (8.590656581000079 53.5151729300001)
7727,11,2022,11,4,8,3,3,2,1,1,0,0,0,0,1,0,8.79430488700007,53.099709213,Walle,Osterfeuerberg,POINT (8.79430488700007 53.099709213)
7728,11,2022,9,5,18,3,1,6,1,0,0,0,0,1,0,0,8.87075585100007,53.0984772190001,Horn-Lehe,Lehe,POINT (8.870755851000069 53.0984772190001)
7729,11,2022,8,4,10,3,1,7,1,1,0,0,0,0,0,0,8.80200965900002,53.0922056530001,Findorff,Regensburger Str.,POINT (8.802009659000021 53.0922056530001)
7730,11,2022,9,5,21,3,4,2,1,1,0,0,0,0,2,0,8.83196537400005,53.0926798900001,Schwachhausen,Neu-Schwachhausen,POINT (8.831965374000051 53.0926798900001)
7731,11,2022,12,7,21,3,5,2,1,1,0,0,0,0,2,0,8.87792915600005,53.1014259310001,Horn-Lehe,Lehe,POINT (8.87792915600005 53.1014259310001)
7732,11,2022,9,6,14,3,3,6,1,0,0,0,0,1,0,0,8.80371579800004,53.05888702,Neustadt,Gartenstadt Süd,POINT (8.80371579800004 53.05888702)
7733,11,2022,10,7,14,3,2,6,1,1,0,0,0,0,0,0,8.80653244300004,53.087292437,Findorff,Findorff-Bürgerweide,POINT (8.806532443000039 53.087292437)
7734,11,2022,11,3,9,3,5,2,1,1,0,0,0,0,0,0,8.81310532400005,53.1019488050001,Findorff,Weidedamm,POINT (8.81310532400005 53.1019488050001)
7735,12,2022,9,6,8,3,1,5,1,1,0,0,0,0,0,0,8.61209033600005,53.52744462,Geestemünde,Buschkämpen,POINT (8.612090336000049 53.52744462)
7736,11,2022,8,1,18,3,5,2,1,1,0,0,0,0,0,0,8.94101847400003,53.0583995010001,Osterholz,Osterholz,POINT (8.94101847400003 53.0583995010001)
7737,11,2022,11,4,22,3,5,2,1,1,0,0,0,0,2,0,8.82513892600002,53.084493982,Schwachhausen,Bürgerpark,POINT (8.825138926000021 53.084493982)
7738,11,2022,12,5,13,3,5,3,1,1,0,0,0,0,0,1,8.82617181900002,53.0343561860001,Obervieland,Kattenturm,POINT (8.82617181900002 53.0343561860001)
7739,11,2022,8,7,18,3,5,3,1,1,0,0,0,0,0,0,8.95202453800005,53.0527885490001,Osterholz,Osterholz,POINT (8.95202453800005 53.0527885490001)
7740,11,2022,11,4,9,3,5,2,1,1,0,0,0,0,0,0,8.87724094600003,53.06155405,Hemelingen,Hastedt,POINT (8.877240946000031 53.06155405)
7741,11,2022,10,5,10,3,5,2,1,0,0,0,0,0,0,0,8.83209162200006,53.0686577990001,Östliche Vorstadt,Peterswerder,POINT (8.83209162200006 53.0686577990001)
7742,11,2022,12,6,14,3,5,3,1,1,0,0,0,0,0,0,8.78214149900003,53.0668429020001,Neustadt,Neuenland,POINT (8.78214149900003 53.0668429020001)
7743,11,2022,8,7,19,3,4,2,1,1,0,0,0,0,0,0,8.83312863200007,53.0398319340001,Obervieland,Kattenturm,POINT (8.83312863200007 53.0398319340001)
7744,11,2022,10,1,11,3,5,3,1,1,0,0,0,0,0,0,8.89265808100004,53.1292545140001,,Borgfeld,POINT (8.89265808100004 53.1292545140001)
7745,12,2022,11,5,11,2,5,3,1,1,0,0,0,0,0,0,8.58522258000005,53.5575961270001,Lehe,Königsheide,POINT (8.58522258000005 53.5575961270001)
7746,11,2022,8,7,16,3,5,2,1,1,0,0,0,0,0,0,8.83211029000006,53.0687124350001,Östliche Vorstadt,Steintor,POINT (8.83211029000006 53.0687124350001)
7747,11,2022,11,3,18,3,5,2,1,1,0,0,0,0,2,1,8.84229308300007,53.105722379,Schwachhausen,Neu-Schwachhausen,POINT (8.842293083000071 53.105722379)
7748,11,2022,9,7,19,3,1,5,1,1,0,0,0,0,1,0,8.80856248000003,53.0879781180001,Findorff,Findorff-Bürgerweide,POINT (8.808562480000029 53.0879781180001)
7749,11,2022,9,6,12,3,5,3,1,0,0,0,0,1,0,0,8.80846698000005,53.083011953,Mitte,Bahnhofsvorstadt,POINT (8.80846698000005 53.083011953)
7750,11,2022,10,5,11,3,5,3,1,1,0,0,0,0,0,0,8.82692655000005,53.0765683500001,Östliche Vorstadt,Fesenfeld,POINT (8.826926550000049 53.0765683500001)
7751,11,2022,8,2,20,3,5,2,1,1,0,0,0,0,1,1,8.82471282400007,53.0689088840001,Östliche Vorstadt,Steintor,POINT (8.82471282400007 53.0689088840001)
7752,11,2022,10,3,15,3,3,6,1,1,0,0,0,0,0,0,8.85019909700003,53.065576627,Östliche Vorstadt,Peterswerder,POINT (8.850199097000029 53.065576627)
7753,12,2022,10,7,21,3,5,3,1,1,0,0,0,0,2,1,8.58792446500007,53.5561898990001,Lehe,Königsheide,POINT (8.58792446500007 53.5561898990001)