,UKREIS,UJAHR,UMONAT,UWOCHENTAG,USTUNDE,UKATEGORIE,UART,UTYP1,IstRad,IstPKW,IstFuss,IstKrad,IstGkfz,IstSonstig,ULICHTVERH,STRZUSTAND,longitude,latitude,Stadtteil,Ortsteil,geometry
7754,11,2022,8,6,9,3,5,2,1,1,0,0,0,0,0,0,8.58342487400006,53.2143288390001,Blumenthal,Lüssum-Bockhorn,POINT (8.583424874000061 53.2143288390001)
7755,11,2022,11,6,11,3,5,3,1,1,0,0,0,0,0,0,8.82774803200004,53.0830316,Schwachhausen,Bürgerpark,POINT (8.82774803200004 53.0830316)
7756,11,2022,10,2,23,3,5,3,1,0,0,0,0,1,2,1,8.80278582500006,53.078438481,Mitte,Altstadt,POINT (8.802785825000059 53.078438481)
7757,11,2022,12,4,13,3,0,7,1,0,0,0,0,0,0,1,8.57247840000002,53.1840090750001,Blumenthal,Blumenthal,POINT (8.572478400000019 53.1840090750001)
7758,11,2022,10,7,16,2,5,2,1,1,0,0,0,0,0,1,8.80850234300004,53.088083506,Findorff,Findorff-Bürgerweide,POINT (8.80850234300004 53.088083506)
7759,11,2022,7,4,12,3,5,3,1,1,0,0,0,0,0,0,8.87657890500003,53.081407401,Vahr,Neue Vahr Südwest,POINT (8.876578905000031 53.081407401)
7760,11,2022,9,1,2,2,4,6,1,0,0,0,0,0,2,0,8.84886898300005,53.065856857,Östliche Vorstadt,Peterswerder,POINT (8.848868983000051 53.065856857)
7761,11,2022,8,3,13,3,5,3,1,0,0,0,0,1,0,0,8.54578088300002,53.1913989540001,Blumenthal,Rönnebeck,POINT (8.54578088300002 53.1913989540001)
7762,11,2022,11,5,19,3,1,5,1,1,0,0,0,0,2,1,8.80804313300007,53.0640942640001,Neustadt,Buntentor,POINT (8.808043133000069 53.0640942640001)
7763,12,2022,9,4,15,3,4,6,1,0,0,0,0,0,0,0,8.58820605100004,53.5358710130001,Geestemünde,Buschkämpen,POINT (8.588206051000039 53.5358710130001)
7764,12,2022,9,3,7,3,5,3,1,1,0,0,0,0,2,1,8.60605746600004,53.55097362,Geestemünde,Buschkämpen,POINT (8.60605746600004 53.55097362)
7765,11,2022,12,5,12,2,0,7,1,0,0,0,0,0,0,0,8.86074897100002,53.0792091640001,Vahr,Gartenstadt Vahr,POINT (8.860748971000019 53.0792091640001)
7766,11,2022,10,6,8,3,5,3,1,1,0,0,0,0,1,1,8.87072985400005,53.0958979810001,Horn-Lehe,Horn,POINT (8.87072985400005 53.0958979810001)
7767,11,2022,10,5,18,2,0,7,1,0,0,0,0,0,1,0,8.93376039200007,53.038807735,Hemelingen,Mahndorf,POINT (8.933760392000069 53.038807735)
7768,12,2022,12,3,13,3,0,1,1,0,0,0,0,0,0,1,8.60088613100004,53.5037736840001,Wulsdorf,Geestemünde-Süd,POINT (8.60088613100004 53.5037736840001)
7769,11,2022,11,3,10,3,5,3,1,1,0,0,0,0,0,1,8.80532616000005,53.100376286,Findorff,Regensburger Str.,POINT (8.80532616000005 53.100376286)
7770,11,2022,8,3,14,3,5,2,1,1,0,0,0,0,0,0,8.81057865300005,53.0800731840001,Mitte,Bahnhofsvorstadt,POINT (8.81057865300005 53.0800731840001)
7771,11,2022,11,4,7,3,5,3,1,1,0,0,0,0,0,1,8.86384969100004,53.0712376500001,Hemelingen,Hastedt,POINT (8.863849691000039 53.0712376500001)
7772,11,2022,8,2,17,3,5,3,1,1,0,0,0,0,0,0,8.78535632700004,53.0887681550001,Walle,Utbremen,POINT (8.78535632700004 53.0887681550001)
7773,11,2022,10,3,9,3,1,5,1,0,1,0,0,0,0,1,8.83338260000005,53.0890877040001,Schwachhausen,Bürgerpark,POINT (8.83338260000005 53.0890877040001)
7774,11,2022,9,7,11,3,5,3,1,0,0,0,0,1,0,0,8.80841349400004,53.07518915,Mitte,Altstadt,POINT (8.808413494000041 53.07518915)
7775,11,2022,12,5,11,3,5,3,1,0,0,0,0,1,0,0,8.80358485800002,53.080254063,Mitte,Altstadt,POINT (8.80358485800002 53.080254063)
7776,11,2022,10,4,5,3,5,3,1,0,0,0,0,0,2,0,8.85541498800006,53.084183382,Schwachhausen,Radio Bremen,POINT (8.85541498800006 53.084183382)
7777,11,2022,10,3,7,3,5,3,1,0,0,0,0,1,0,0,8.84146365200007,53.083051057,Schwachhausen,Gete,POINT (8.841463652000069 53.083051057)
7778,11,2022,9,4,5,3,5,2,1,1,0,0,0,0,2,0,8.87659670700003,53.081388508,Vahr,Neue Vahr Südwest,POINT (8.876596707000029 53.081388508)
7779,11,2022,11,3,13,3,5,3,1,1,0,0,0,0,0,0,8.69016462900004,53.1737154960001,Burglesum,Lesum,POINT (8.690164629000041 53.1737154960001)
7780,11,2022,11,3,6,3,5,2,1,1,0,0,0,0,2,1,8.78525624300005,53.1023452740001,Walle,Walle,POINT (8.785256243000051 53.1023452740001)
7781,12,2022,10,2,6,3,5,3,1,1,0,0,0,0,2,1,8.60882455200004,53.58691143,Leherheide,Fehmoor,POINT (8.608824552000041 53.58691143)
7782,11,2022,8,2,8,3,5,3,1,1,0,0,0,0,0,0,8.91059382600002,53.0825540970001,,,POINT (8.910593826000021 53.0825540970001)
7783,11,2022,9,6,6,3,5,3,1,1,0,0,0,0,1,0,8.78944041700004,53.0827628010001,Walle,Überseestadt,POINT (8.789440417000041 53.0827628010001)
7784,11,2022,9,2,11,3,5,3,1,1,0,0,0,0,0,0,8.60798145900003,53.176014696,Vegesack,Fähr-Lobbendorf,POINT (8.60798145900003 53.176014696)
7785,11,2022,9,6,7,3,1,7,1,0,0,0,0,1,0,0,8.75235046200004,53.0822250520001,Häfen,Neustädter Hafen,POINT (8.75235046200004 53.0822250520001)
7786,11,2022,9,3,11,3,2,6,1,1,0,0,0,0,0,1,8.81109310900007,53.073859913,Mitte,Altstadt,POINT (8.811093109000071 53.073859913)
7787,12,2022,10,6,10,3,5,3,1,1,0,0,0,0,0,0,8.59344255200006,53.5268945220001,Geestemünde,Buschkämpen,POINT (8.593442552000059 53.5268945220001)
7788,11,2022,10,3,10,3,5,2,1,1,0,0,0,0,0,0,8.57280620800003,53.1982577420001,Blumenthal,Lüssum-Bockhorn,POINT (8.57280620800003 53.1982577420001)
7789,11,2022,10,2,13,3,5,2,1,1,0,0,0,0,0,0,8.79673085500002,53.0683895650001,Neustadt,Neustadt,POINT (8.796730855000019 53.0683895650001)
7790,11,2022,7,3,8,2,5,2,1,1,0,0,0,0,0,1,8.80136403600005,53.071592857,Neustadt,Alte Neustadt,POINT (8.80136403600005 53.071592857)
7791,11,2022,9,4,5,3,5,2,1,1,0,0,0,0,0,0,8.92953743900006,53.0590724960001,Osterholz,Osterholz,POINT (8.929537439000059 53.0590724960001)
7792,11,2022,12,5,13,3,3,2,1,0,0,0,0,1,0,0,8.82479024100007,53.084652395,Schwachhausen,Bürgerpark,POINT (8.82479024100007 53.084652395)
7793,11,2022,10,7,0,3,4,6,1,0,0,0,0,1,2,0,8.80166310800007,53.071372614,Neustadt,Alte Neustadt,POINT (8.801663108000071 53.071372614)
7794,12,2022,12,1,19,3,6,4,1,0,1,0,0,0,2,0,8.59024436600004,53.5394245800001,Geestemünde,Buschkämpen,POINT (8.590244366000039 53.5394245800001)
7795,12,2022,10,6,9,3,1,7,1,0,0,0,0,1,0,0,8.62707253700006,53.5296993210001,Schiffdorferdamm,Buschkämpen,POINT (8.62707253700006 53.5296993210001)
7796,11,2022,10,3,14,3,5,2,1,1,0,0,0,0,0,0,8.85155042700006,53.0650665470001,Östliche Vorstadt,Peterswerder,POINT (8.85155042700006 53.0650665470001)
7797,11,2022,9,5,11,3,5,2,1,0,0,0,0,1,0,1,8.79148133000007,53.065012268,Neustadt,Neustadt,POINT (8.791481330000069 53.065012268)
7798,11,2022,11,4,14,3,3,2,1,1,0,0,0,0,0,0,8.63182899200007,53.191483512,Vegesack,Aumund-Hammersbeck,POINT (8.63182899200007 53.191483512)
7799,12,2022,10,6,13,3,3,3,1,1,0,0,0,0,0,1,8.59096654700005,53.5821280660001,Lehe,Königsheide,POINT (8.59096654700005 53.5821280660001)
7800,11,2022,8,3,11,3,5,2,1,1,0,0,0,0,0,0,8.85034203200007,53.081612325,Schwachhausen,Gete,POINT (8.85034203200007 53.081612325)
7801,11,2022,9,4,12,3,1,7,1,1,0,0,0,0,0,0,8.82259174900003,53.074843501,Mitte,Ostertor,POINT (8.822591749000029 53.074843501)
7802,11,2022,9,4,15,3,1,7,1,1,0,0,0,0,0,0,8.87181287200002,53.1055262730001,Horn-Lehe,Lehe,POINT (8.871812872000019 53.1055262730001)
7803,11,2022,11,4,12,3,6,4,1,0,1,0,0,0,0,0,8.88884296200007,53.0568188400001,Hemelingen,Hemelingen,POINT (8.888842962000069 53.0568188400001)
7804,11,2022,8,3,7,3,6,4,1,0,1,0,0,0,0,0,8.85535370500003,53.0841402930001,Schwachhausen,Radio Bremen,POINT (8.855353705000031 53.0841402930001)
7805,12,2022,11,4,9,3,2,6,1,0,0,0,0,0,0,1,8.59410994700005,53.5326736540001,Geestemünde,Buschkämpen,POINT (8.594109947000049 53.5326736540001)
7806,11,2022,8,2,23,3,0,7,1,0,0,0,0,0,2,0,8.93400950200004,53.0588163780001,Osterholz,Osterholz,POINT (8.934009502000039 53.0588163780001)
7807,12,2022,9,4,11,3,6,4,1,0,1,0,0,0,0,0,8.61068376500003,53.5889098910001,Leherheide,Fehmoor,POINT (8.610683765000029 53.5889098910001)
7808,11,2022,9,6,5,3,5,3,1,0,0,1,0,0,1,0,8.83206873800003,53.0686459440001,Östliche Vorstadt,Steintor,POINT (8.83206873800003 53.0686459440001)
7809,11,2022,11,4,12,3,3,2,1,1,0,0,0,0,0,0,8.82510438900005,53.08418684,Schwachhausen,Barkhof,POINT (8.82510438900005 53.08418684)
7810,11,2022,12,3,12,3,5,3,1,0,0,0,0,0,0,0,8.70763850000003,53.1762102970001,Burglesum,Burgdamm,POINT (8.70763850000003 53.1762102970001)
7811,11,2022,8,4,19,2,0,7,1,1,0,0,0,0,0,0,8.78366485500004,53.0987037300001,Walle,Westend,POINT (8.78366485500004 53.0987037300001)
7812,12,2022,9,4,11,3,5,3,1,1,0,0,0,0,0,0,8.59092674300007,53.5414088650001,Geestemünde,Buschkämpen,POINT (8.59092674300007 53.5414088650001)
7813,11,2022,11,2,13,3,5,2,1,1,0,0,0,0,0,1,8.62699619100005,53.1697270510001,Vegesack,Vegesack,POINT (8.62699619100005 53.1697270510001)
7814,11,2022,8,7,14,3,5,3,1,1,0,0,0,0,0,0,8.69863904100004,53.1682754300001,Burglesum,Lesum,POINT (8.698639041000041 53.1682754300001)
7815,12,2022,12,2,14,3,0,1,1,0,0,0,0,0,0,0,8.59217901200003,53.5684898690001,Lehe,Königsheide,POINT (8.592179012000029 53.5684898690001)
7816,11,2022,8,2,20,3,0,7,1,0,1,0,0,0,0,0,8.79217264300007,53.08658639,Walle,Utbremen,POINT (8.79217264300007 53.08658639)
7817,11,2022,8,4,17,3,3,6,1,0,0,0,0,0,0,0,8.74602219900004,53.1272624860001,Gröpelingen,Oslebshausen,POINT (8.74602219900004 53.1272624860001)
7818,12,2022,7,6,14,3,2,6,1,0,0,0,0,0,0,0,8.57620200700006,53.5551144410001,Mitte,Weddewarden,POINT (8.57620200700006 53.5551144410001)
7819,11,2022,11,5,14,3,3,7,1,0,0,0,0,1,0,0,8.80366202200003,53.086275524,Mitte,Bahnhofsvorstadt,POINT (8.803662022000029 53.086275524)
7820,11,2022,8,5,7,3,3,6,1,1,0,0,0,0,0,0,8.81872609300007,53.0801021390001,Mitte,Bahnhofsvorstadt,POINT (8.81872609300007 53.0801021390001)
7821,11,2022,11,2,18,3,5,3,1,1,0,0,0,0,2,1,8.83381842200004,53.0818522180001,Schwachhausen,Schwachhausen,POINT (8.833818422000039 53.0818522180001)
7822,11,2022,8,3,17,3,4,2,1,0,0,0,0,1,0,0,8.81969517300007,53.075764544,Mitte,Ostertor,POINT (8.819695173000071 53.075764544)
7823,11,2022,9,6,11,3,5,2,1,1,0,0,0,0,0,0,8.81067777700002,53.071789967,Mitte,Altstadt,POINT (8.81067777700002 53.071789967)
7824,11,2022,11,7,21,3,5,3,1,1,0,0,0,0,2,0,8.81811241500003,53.077727135,Mitte,Ostertor,POINT (8.81811241500003 53.077727135)
7825,12,2022,10,4,20,3,0,1,1,0,0,0,0,0,2,0,8.61382657900003,53.5948522310001,Leherheide,Fehmoor,POINT (8.61382657900003 53.5948522310001)
7826,11,2022,8,6,11,3,5,2,1,0,0,0,0,1,0,1,8.82499150800004,53.0842093410001,Schwachhausen,Barkhof,POINT (8.824991508000039 53.0842093410001)
7827,12,2022,9,3,15,3,5,3,1,1,0,0,0,0,0,0,8.59092610700003,53.5414069440001,Geestemünde,Buschkämpen,POINT (8.59092610700003 53.5414069440001)
7828,11,2022,11,5,15,3,5,3,1,1,0,0,0,0,0,0,8.66789947900003,53.1750564170001,Burglesum,St.Magnus,POINT (8.667899479000029 53.1750564170001)
7829,11,2022,10,7,18,3,0,1,1,0,0,0,0,0,1,1,8.60531732000004,53.176605442,Vegesack,Fähr-Lobbendorf,POINT (8.60531732000004 53.176605442)
7830,12,2022,12,7,13,3,5,2,1,1,0,0,0,0,0,0,8.60559825100006,53.5306266680001,Geestemünde,Buschkämpen,POINT (8.60559825100006 53.5306266680001)
7831,12,2022,9,5,15,3,5,7,1,1,0,0,0,0,0,0,8.57892250500004,53.544948221,Mitte,Weddewarden,POINT (8.57892250500004 53.544948221)
7832,11,2022,10,2,8,3,5,3,1,1,0,0,0,0,0,0,8.85691962500005,53.072707908,Hemelingen,Hastedt,POINT (8.856919625000049 53.072707908)
7833,11,2022,11,3,15,3,5,3,1,1,0,0,0,0,0,0,8.78029666800006,53.0671305760001,Neustadt,Neuenland,POINT (8.78029666800006 53.0671305760001)
7834,11,2022,11,3,22,3,5,2,1,1,0,0,0,0,2,0,8.91574295700002,53.0598575270001,Hemelingen,Sebaldsbrück,POINT (8.91574295700002 53.0598575270001)
7835,11,2022,12,4,18,3,5,2,1,1,0,0,0,0,2,1,8.78708535400006,53.0831096890001,Walle,Überseestadt,POINT (8.787085354000061 53.0831096890001)
7836,11,2022,8,3,17,3,5,2,1,1,0,0,0,0,0,0,8.79543253600002,53.0751426370001,Neustadt,Alte Neustadt,POINT (8.795432536000019 53.0751426370001)
7837,11,2022,10,1,4,3,1,7,1,1,0,0,0,0,2,1,8.84348012700002,53.073674915,Östliche Vorstadt,Hulsberg,POINT (8.843480127000021 53.073674915)
7838,11,2022,10,6,22,3,6,7,1,0,1,0,0,0,2,0,8.81073472500003,53.0891630930001,Findorff,Findorff-Bürgerweide,POINT (8.81073472500003 53.0891630930001)
7839,11,2022,12,5,6,3,5,2,1,1,0,0,0,0,2,0,8.78643940300003,53.061877645,Neustadt,Neuenland,POINT (8.786439403000029 53.061877645)
7840,11,2022,8,2,22,3,5,2,1,1,0,0,0,0,2,0,8.80604622700002,53.073314538,Mitte,Altstadt,POINT (8.806046227000021 53.073314538)
7841,11,2022,9,6,11,3,0,7,1,0,0,0,0,0,0,0,8.81199905100004,53.0830479620001,Mitte,Bahnhofsvorstadt,POINT (8.81199905100004 53.0830479620001)
7842,11,2022,12,6,17,3,5,3,1,1,0,0,0,0,2,0,8.82510438900005,53.08418684,Schwachhausen,Barkhof,POINT (8.82510438900005 53.08418684)
7843,11,2022,10,2,12,3,5,3,1,1,0,0,0,0,0,0,8.86791240300005,53.072788131,Hemelingen,Hastedt,POINT (8.86791240300005 53.072788131)
7844,11,2022,10,7,11,3,1,7,1,0,0,0,0,1,0,0,8.83575166600002,53.07148334,Östliche Vorstadt,Peterswerder,POINT (8.83575166600002 53.07148334)
7845,12,2022,8,3,15,3,1,5,1,1,0,0,0,0,0,0,8.61911269500007,53.5924656970001,Leherheide,Fehmoor,POINT (8.619112695000069 53.5924656970001)
7846,11,2022,10,3,14,2,0,7,1,0,0,0,0,0,0,0,8.95514642300003,53.0575688710001,Osterholz,Osterholz,POINT (8.955146423000031 53.0575688710001)
7847,11,2022,9,3,19,3,0,7,1,0,0,0,0,0,0,0,8.81587882800005,53.1032121860001,Findorff,In den Hufen,POINT (8.81587882800005 53.1032121860001)
7848,11,2022,11,5,8,2,5,3,1,1,0,0,0,0,0,1,8.87416869000003,53.0784396700001,Vahr,Gartenstadt Vahr,POINT (8.87416869000003 53.0784396700001)
7849,11,2022,10,5,20,3,5,3,1,0,0,0,0,0,2,0,8.87824661400003,53.0643702680001,Hemelingen,Hastedt,POINT (8.87824661400003 53.0643702680001)
7850,11,2022,12,5,18,3,5,3,1,1,0,0,0,0,2,1,8.79699608600004,53.0892851950001,Walle,Utbremen,POINT (8.796996086000039 53.0892851950001)
7851,11,2022,10,4,14,3,5,3,1,1,0,0,0,0,0,0,8.73852890900002,53.0473099450001,Huchting,Kirchhuchting,POINT (8.738528909000021 53.0473099450001)
7852,11,2022,11,4,9,3,3,3,1,1,0,0,0,0,0,0,8.77982560700002,53.098457769,Walle,Walle,POINT (8.779825607000021 53.098457769)
7853,11,2022,8,4,6,3,4,6,1,0,0,0,0,1,0,0,8.90961452400006,53.0351172800001,Hemelingen,Arbergen,POINT (8.909614524000061 53.0351172800001)
7854,11,2022,11,2,9,2,5,3,1,1,0,0,0,0,0,0,8.79681941300004,53.086671214,Walle,Utbremen,POINT (8.796819413000041 53.086671214)
7855,11,2022,9,6,18,3,5,3,1,1,0,0,0,0,0,0,8.79419684300007,53.0744182600001,Neustadt,Alte Neustadt,POINT (8.794196843000069 53.0744182600001)
7856,11,2022,10,2,1,2,0,7,1,0,0,0,0,0,2,0,8.82719077600007,53.0727076220001,Östliche Vorstadt,Steintor,POINT (8.827190776000069 53.0727076220001)
7857,11,2022,12,5,15,3,5,3,1,1,0,0,0,0,0,0,8.78672038800005,53.1004393000001,Walle,Walle,POINT (8.786720388000051 53.1004393000001)
7858,11,2022,8,5,19,3,5,3,1,0,0,0,0,1,0,0,8.79289518100006,53.073562845,Neustadt,Alte Neustadt,POINT (8.792895181000061 53.073562845)
7859,11,2022,10,4,9,3,5,3,1,1,0,0,0,0,0,0,8.86290902800005,53.071395684,Hemelingen,Hastedt,POINT (8.86290902800005 53.071395684)
7860,11,2022,7,7,7,3,0,7,1,0,0,0,0,0,0,0,8.82637644100004,53.0729857810001,Östliche Vorstadt,Steintor,POINT (8.82637644100004 53.0729857810001)
7861,11,2022,9,5,15,3,5,2,1,1,0,0,0,0,0,1,8.94392226400004,53.0379861380001,Hemelingen,Mahndorf,POINT (8.94392226400004 53.0379861380001)
7862,12,2022,12,2,9,3,5,3,1,1,0,0,0,0,0,1,8.59521495100006,53.539007482,Geestemünde,Buschkämpen,POINT (8.59521495100006 53.539007482)
7863,12,2022,9,7,16,3,5,3,1,1,0,0,0,0,1,1,8.58875764800007,53.5345235240001,Geestemünde,Buschkämpen,POINT (8.588757648000071 53.5345235240001)
7864,11,2022,10,7,12,3,3,6,1,1,0,0,0,0,0,1,8.81812123200007,53.0724027890001,Mitte,Ostertor,POINT (8.81812123200007 53.0724027890001)
7865,11,2022,9,2,16,3,6,4,1,0,1,0,0,0,0,0,8.80946219400005,53.063213734,Neustadt,Buntentor,POINT (8.80946219400005 53.063213734)
7866,12,2022,8,6,19,3,8,1,1,0,0,0,0,0,0,0,8.59248525400005,53.5506161930001,Geestemünde,Buschkämpen,POINT (8.592485254000049 53.5506161930001)
7867,11,2022,10,5,22,3,3,6,1,1,0,0,0,0,2,1,8.77492678000004,53.062390586,Neustadt,Neuenland,POINT (8.77492678000004 53.062390586)
7868,11,2022,12,3,12,3,0,1,1,0,0,0,0,0,0,2,8.88539771700005,53.05802255,Hemelingen,Hemelingen,POINT (8.88539771700005 53.05802255)
7869,11,2022,8,3,17,3,6,7,1,0,1,0,0,0,0,0,8.87019476600005,53.0971343240001,Horn-Lehe,Horn,POINT (8.870194766000051 53.0971343240001)
7870,11,2022,9,5,13,3,5,3,1,1,0,0,0,0,0,0,8.79128373100002,53.091616367,Walle,Utbremen,POINT (8.79128373100002 53.091616367)
7871,11,2022,8,3,16,3,5,3,1,1,0,0,0,0,0,0,8.82361113800005,53.0781695310001,Mitte,Ostertor,POINT (8.82361113800005 53.0781695310001)
7872,11,2022,9,7,9,3,5,3,1,1,0,0,0,0,0,0,8.73379880700003,53.0584612010001,Huchting,Mittelshuchting,POINT (8.73379880700003 53.0584612010001)
7873,11,2022,9,5,14,3,3,6,1,0,0,0,0,0,0,0,8.83333163100002,53.0706707260001,Östliche Vorstadt,Steintor,POINT (8.83333163100002 53.0706707260001)
7874,11,2022,11,7,13,3,5,3,1,1,0,0,0,0,0,0,8.83799508500005,53.067897153,Östliche Vorstadt,Peterswerder,POINT (8.837995085000051 53.067897153)
7875,11,2022,8,2,18,3,0,7,1,0,0,0,0,0,0,0,8.83121049100004,53.0713101010001,Östliche Vorstadt,Steintor,POINT (8.831210491000039 53.0713101010001)
7876,11,2022,10,5,8,3,3,6,1,1,0,0,0,0,0,1,8.62451397700005,53.1772154340001,Vegesack,Vegesack,POINT (8.624513977000049 53.1772154340001)
7877,11,2022,12,5,12,3,0,6,1,0,0,0,0,1,0,0,8.81185520400004,53.073593251,Mitte,Altstadt,POINT (8.81185520400004 53.073593251)
7878,11,2022,12,3,21,3,3,2,1,1,0,0,0,0,2,0,8.88286779700007,53.0745761090001,Hemelingen,Sebaldsbrück,POINT (8.88286779700007 53.0745761090001)
7879,11,2022,8,3,18,3,5,3,1,1,0,0,0,0,0,0,8.75535419900007,53.1191705430001,Gröpelingen,Ohlenhof,POINT (8.75535419900007 53.1191705430001)
7880,11,2022,8,4,9,3,7,1,1,0,0,0,0,0,0,0,8.87537450600007,53.0663528160001,Hemelingen,Hastedt,POINT (8.875374506000069 53.0663528160001)
7881,11,2022,9,5,5,3,2,6,1,1,0,0,0,0,2,0,8.92362202400005,53.0606734690001,Osterholz,Ellener Feld,POINT (8.92362202400005 53.0606734690001)
7882,11,2022,9,3,7,3,5,2,1,1,0,0,0,0,0,0,8.89348023900004,53.0715107330001,Hemelingen,Sebaldsbrück,POINT (8.89348023900004 53.0715107330001)
7883,11,2022,11,7,13,3,5,2,1,1,0,0,0,0,0,0,8.89443063500005,53.054415342,Hemelingen,Hemelingen,POINT (8.894430635000051 53.054415342)
7884,11,2022,11,5,15,2,6,4,1,0,1,0,0,0,0,0,8.79629268500003,53.0826344870001,Mitte,Altstadt,POINT (8.796292685000029 53.0826344870001)
7885,11,2022,8,4,16,3,5,3,1,0,0,0,0,1,0,0,8.85942865200008,53.1004846230001,Horn-Lehe,Lehe,POINT (8.85942865200008 53.1004846230001)
7886,11,2022,11,3,17,3,5,3,1,1,0,0,0,0,1,1,8.76420900600004,53.0858945320001,Woltmershausen,Woltmershausen,POINT (8.764209006000041 53.0858945320001)
7887,11,2022,9,2,17,2,3,2,1,0,0,0,1,0,0,0,8.74140364400006,53.137970045,Gröpelingen,Oslebshausen,POINT (8.74140364400006 53.137970045)
7888,11,2022,9,6,18,3,0,7,1,0,0,0,0,0,0,0,8.80163472800007,53.086681868,Mitte,Bahnhofsvorstadt,POINT (8.801634728000071 53.086681868)
7889,11,2022,7,5,14,3,5,3,1,0,0,0,0,1,0,1,8.79697871900004,53.076399709,Neustadt,Alte Neustadt,POINT (8.796978719000039 53.076399709)
7890,11,2022,9,2,7,3,6,4,1,0,1,0,0,0,0,0,8.70466907400004,53.154769286,Burglesum,Burg-Grambke,POINT (8.704669074000041 53.154769286)
7891,12,2022,8,1,18,3,0,1,1,1,0,0,0,0,0,0,8.58185653900006,53.5651119090001,Lehe,Königsheide,POINT (8.581856539000061 53.5651119090001)
7892,11,2022,10,6,15,3,1,5,1,1,0,0,0,0,0,0,8.87237942000007,53.1048439790001,Horn-Lehe,Lehe,POINT (8.872379420000071 53.1048439790001)
7893,11,2022,10,4,19,3,5,3,1,1,0,0,0,0,2,0,8.87703447400003,53.0809239220001,Vahr,Neue Vahr Südwest,POINT (8.87703447400003 53.0809239220001)
7894,12,2022,8,3,14,2,0,7,1,0,0,0,0,0,0,0,8.58007238600004,53.545656379,Mitte,Weddewarden,POINT (8.58007238600004 53.545656379)
7895,11,2022,12,1,16,3,5,3,1,1,0,0,0,0,2,0,8.87651454800005,53.0810351490001,Vahr,Gartenstadt Vahr,POINT (8.876514548000049 53.0810351490001)
7896,11,2022,10,4,18,2,6,4,1,0,1,0,0,0,2,0,8.81506123700007,53.0820797820001,Mitte,Bahnhofsvorstadt,POINT (8.815061237000069 53.0820797820001)
7897,12,2022,10,4,7,3,5,2,1,1,0,0,0,0,1,0,8.60359586300007,53.586230071,Leherheide,Fehmoor,POINT (8.60359586300007 53.586230071)
7898,12,2022,8,5,17,3,0,7,1,0,0,0,0,0,0,0,8.58133590600005,53.551932197,Lehe,Königsheide,POINT (8.581335906000049 53.551932197)
7899,11,2022,10,3,14,3,5,3,1,1,0,0,0,0,0,0,8.87298118000007,53.0847582910001,Schwachhausen,Radio Bremen,POINT (8.872981180000069 53.0847582910001)
7900,11,2022,9,5,7,2,6,4,1,0,1,0,0,0,0,0,8.77998677600004,53.0884755590001,Walle,Überseestadt,POINT (8.77998677600004 53.0884755590001)
7901,11,2022,9,1,17,2,0,1,1,0,0,0,0,0,0,0,8.79772582800007,53.0822215800001,Mitte,Altstadt,POINT (8.79772582800007 53.0822215800001)
7902,11,2022,11,5,9,3,5,2,1,1,0,0,0,0,0,0,8.86803605700004,53.0912045580001,Horn-Lehe,Horn,POINT (8.86803605700004 53.0912045580001)
7903,11,2022,8,3,12,3,6,4,1,0,1,0,0,0,0,0,8.62881419800004,53.168783778,Vegesack,Vegesack,POINT (8.62881419800004 53.168783778)
7904,11,2022,10,4,15,3,5,3,1,1,0,0,0,0,0,0,8.54964777400005,53.193559808,Blumenthal,Rönnebeck,POINT (8.54964777400005 53.193559808)
7905,12,2022,9,1,16,3,5,3,1,1,0,0,0,0,0,0,8.59114250300007,53.5661426500001,Lehe,Königsheide,POINT (8.59114250300007 53.5661426500001)
7906,11,2022,10,4,13,3,5,3,1,1,0,0,0,0,0,0,8.74004305900007,53.0514013580001,Huchting,Kirchhuchting,POINT (8.740043059000071 53.0514013580001)
7907,11,2022,11,3,12,3,5,2,1,1,0,0,0,0,0,0,8.86973895700004,53.0985629620001,Horn-Lehe,Lehe,POINT (8.86973895700004 53.0985629620001)
7908,12,2022,8,2,15,3,1,5,1,1,0,0,0,0,0,1,8.61029459800005,53.503609064,Wulsdorf,Geestemünde-Süd,POINT (8.610294598000049 53.503609064)
7909,11,2022,11,1,16,3,5,3,1,0,0,0,0,0,2,1,8.84243525000005,53.0887663880001,Schwachhausen,Neu-Schwachhausen,POINT (8.842435250000049 53.0887663880001)
7910,12,2022,10,1,12,3,3,7,1,1,0,0,0,0,0,0,8.58842156400004,53.52384606,Geestemünde,Buschkämpen,POINT (8.58842156400004 53.52384606)
7911,12,2022,8,5,17,3,3,6,1,0,0,0,0,0,0,0,8.59926349000006,53.5905632700001,Leherheide,Fehmoor,POINT (8.599263490000061 53.5905632700001)
7912,11,2022,9,5,14,3,1,7,1,1,0,0,0,0,0,0,8.73103060500006,53.0408931750001,Huchting,Kirchhuchting,POINT (8.731030605000059 53.0408931750001)
7913,11,2022,9,2,16,3,5,3,1,1,0,0,0,0,0,1,8.81791098600007,53.0527449090001,Neustadt,Huckelriede,POINT (8.81791098600007 53.0527449090001)
7914,11,2022,11,3,7,3,0,7,1,0,0,0,0,0,0,1,8.86876656100003,53.074230357,Vahr,Gartenstadt Vahr,POINT (8.868766561000029 53.074230357)
7915,11,2022,9,5,7,3,1,7,1,0,0,0,0,1,1,0,8.91521132000003,53.135679634,,,POINT (8.915211320000029 53.135679634)
7916,11,2022,11,4,9,3,1,7,1,1,0,0,0,0,0,1,8.77630914600007,53.1046024360001,Walle,Walle,POINT (8.77630914600007 53.1046024360001)
7917,11,2022,8,1,19,3,0,1,1,0,0,0,0,0,0,0,8.81261537500006,53.098242815,Findorff,Weidedamm,POINT (8.81261537500006 53.098242815)
7918,11,2022,8,4,13,2,5,1,1,0,0,0,0,1,0,0,8.90656741600003,53.059522836,Hemelingen,Sebaldsbrück,POINT (8.90656741600003 53.059522836)