,UKREIS,UJAHR,UMONAT,UWOCHENTAG,USTUNDE,UKATEGORIE,UART,UTYP1,IstRad,IstPKW,IstFuss,IstKrad,IstGkfz,IstSonstig,ULICHTVERH,STRZUSTAND,longitude,latitude,Stadtteil,Ortsteil,geometry
8233,11,2023,1,6,20,3,5,3,1,0,0,1,0,0,2,0,8.801269645000048,53.086839068000074,Mitte,Bahnhofsvorstadt,POINT (8.801269645000048 53.08683906800007)
8234,11,2023,1,6,12,3,5,3,1,1,0,0,0,0,0,0,8.833386190000056,53.08173951800006,Schwachhausen,Schwachhausen,POINT (8.833386190000056 53.08173951800006)
8235,11,2023,1,6,13,3,5,3,1,1,0,0,0,0,0,0,8.825104389000046,53.08418684000003,Schwachhausen,Barkhof,POINT (8.825104389000046 53.08418684000003)
8236,11,2023,1,6,14,3,5,3,1,1,0,0,0,0,0,0,8.80320884400004,53.07222983200006,Neustadt,Alte Neustadt,POINT (8.803208844000039 53.07222983200006)
8237,11,2023,1,4,18,3,3,6,1,1,0,0,0,0,2,1,8.788381428000037,53.069389897000065,Neustadt,Neustadt,POINT (8.788381428000037 53.06938989700006)
8238,11,2023,5,4,19,3,5,3,1,1,0,0,0,0,0,0,8.825104389000046,53.08418684000003,Schwachhausen,Barkhof,POINT (8.825104389000046 53.08418684000003)
8239,11,2023,1,4,9,3,5,3,1,1,0,0,0,0,0,0,8.82503444100007,53.08458486500007,Schwachhausen,Bürgerpark,POINT (8.825034441000071 53.08458486500007)
8240,11,2023,1,3,9,3,0,7,1,0,0,0,0,1,0,0,8.810932104000074,53.07391771200008,Mitte,Altstadt,POINT (8.810932104000074 53.07391771200008)
8241,11,2023,1,3,13,3,1,5,1,1,0,0,0,0,0,0,8.904422255000043,53.04738889500004,Hemelingen,Hemelingen,POINT (8.904422255000043 53.04738889500004)
8242,11,2023,1,3,8,3,5,3,1,1,0,0,0,0,0,1,8.843850279000037,53.07455022900007,Östliche Vorstadt,Hulsberg,POINT (8.843850279000037 53.07455022900007)
8243,11,2023,1,2,12,3,5,3,1,1,0,0,0,0,0,0,8.815143900000066,53.07708054500006,Mitte,Ostertor,POINT (8.815143900000066 53.07708054500006)
8244,11,2023,1,2,17,3,5,3,1,1,0,0,0,0,2,1,8.883910030000038,53.07909514600004,Vahr,Neue Vahr Südwest,POINT (8.883910030000038 53.07909514600004)
8245,11,2023,1,2,21,3,5,3,1,1,0,0,0,0,2,0,8.837117825000064,53.08260138400004,Schwachhausen,Schwachhausen,POINT (8.837117825000064 53.08260138400004)
8246,11,2023,1,1,15,3,3,6,1,1,0,0,0,0,1,1,8.808934944000043,53.06355624000008,Neustadt,Buntentor,POINT (8.808934944000043 53.06355624000008)
8247,11,2023,1,7,12,3,5,2,1,1,0,0,0,0,0,1,8.627556775000073,53.170226152000055,Vegesack,Vegesack,POINT (8.627556775000073 53.17022615200005)
8248,12,2023,1,6,19,3,0,1,1,0,0,0,0,0,2,1,8.592148585000075,53.57485580400004,Lehe,Königsheide,POINT (8.592148585000075 53.57485580400004)
8249,11,2023,1,6,13,3,5,2,1,1,0,0,0,0,0,0,8.820840543000031,53.04879869700005,Obervieland,Kattenturm,POINT (8.820840543000031 53.04879869700005)
8250,11,2023,1,5,17,3,5,2,1,1,0,0,0,0,2,1,8.879672847000052,53.112546715000065,Horn-Lehe,Lehesterdeich,POINT (8.879672847000052 53.11254671500006)
8251,11,2023,1,5,5,2,5,2,1,1,0,0,0,0,2,1,8.887396874000046,53.050612759000046,Hemelingen,Hemelingen,POINT (8.887396874000046 53.05061275900005)
8252,11,2023,1,5,19,3,3,6,1,0,0,0,0,1,2,1,8.878821950000031,53.07910989900006,Vahr,Neue Vahr Südwest,POINT (8.878821950000031 53.07910989900006)
8253,11,2023,1,5,9,3,5,2,1,1,0,0,0,0,1,1,8.825164061000066,53.08451559500003,Schwachhausen,Bürgerpark,POINT (8.825164061000066 53.08451559500003)
8254,11,2023,1,5,17,3,5,3,1,1,0,0,0,0,1,1,8.945131111000023,53.058217253000066,Osterholz,Osterholz,POINT (8.945131111000023 53.05821725300007)
8255,12,2023,1,4,13,3,1,5,1,1,0,0,0,1,0,0,8.592237024000042,53.53234224300007,Geestemünde,Buschkämpen,POINT (8.592237024000042 53.53234224300007)
8256,12,2023,1,2,7,3,5,3,1,1,0,0,0,0,1,0,8.600021580000032,53.570169458000066,Lehe,Königsheide,POINT (8.600021580000032 53.57016945800007)
8257,11,2023,1,2,8,3,3,6,1,1,0,0,0,0,0,1,8.857474307000075,53.08902696200005,Schwachhausen,Riensberg,POINT (8.857474307000075 53.08902696200005)
8258,12,2023,1,1,12,3,0,1,1,0,0,0,0,0,0,0,8.588847746000056,53.53652051200004,Geestemünde,Buschkämpen,POINT (8.588847746000056 53.53652051200004)
8259,11,2023,1,7,17,3,5,3,1,1,0,0,0,0,2,0,8.832001492000074,53.07751644200005,Östliche Vorstadt,Fesenfeld,POINT (8.832001492000074 53.07751644200005)
8260,11,2023,1,7,11,3,5,3,1,1,0,0,0,0,0,0,8.787313427000072,53.094912933000046,Walle,Westend,POINT (8.787313427000072 53.09491293300005)
8261,11,2023,1,6,14,3,6,4,1,0,1,0,0,0,0,0,8.79158437600006,53.10312868400007,Walle,Osterfeuerberg,POINT (8.79158437600006 53.10312868400007)
8262,11,2023,1,6,16,3,5,3,1,1,0,0,0,0,1,0,8.733796908000045,53.05840631600006,Huchting,Mittelshuchting,POINT (8.733796908000045 53.05840631600006)
8263,11,2023,1,5,12,2,5,2,1,1,0,0,0,0,0,0,8.814239428000064,53.10070738300004,Findorff,Weidedamm,POINT (8.814239428000064 53.10070738300004)
8264,11,2023,1,5,12,3,5,3,1,1,0,0,0,0,0,0,8.808248054000046,53.094648670000026,Findorff,Weidedamm,POINT (8.808248054000046 53.09464867000003)
8265,12,2023,1,4,8,3,5,2,1,1,0,0,0,0,1,1,8.58212400800005,53.55837568000004,Lehe,Königsheide,POINT (8.582124008000051 53.55837568000004)
8266,11,2023,3,5,13,2,5,3,1,1,0,0,0,0,0,0,8.75122138300003,53.08230706300003,Häfen,Neustädter Hafen,POINT (8.751221383000029 53.08230706300003)
8267,11,2023,1,4,15,3,3,2,1,0,0,0,0,1,0,1,8.959623326000042,53.039155340000036,Hemelingen,Mahndorf,POINT (8.959623326000042 53.03915534000004)
8268,11,2023,1,3,7,3,5,3,1,1,0,0,0,0,0,1,8.863378228000045,53.06840064600004,Hemelingen,Hastedt,POINT (8.863378228000045 53.06840064600004)
8269,11,2023,1,3,16,3,0,6,1,1,0,0,0,0,0,1,8.828865964000045,53.03361342200003,Obervieland,Kattenturm,POINT (8.828865964000045 53.03361342200003)
8270,11,2023,3,4,10,3,5,3,1,1,0,0,0,0,0,0,8.824431970000035,53.08448933000005,Schwachhausen,Barkhof,POINT (8.824431970000035 53.08448933000005)
8271,11,2023,1,3,16,3,3,6,1,0,0,0,0,0,2,0,8.80803185800005,53.07247974000006,Mitte,Altstadt,POINT (8.808031858000049 53.07247974000006)
8272,11,2023,1,1,9,3,0,7,1,0,0,0,0,0,0,0,8.81299496400004,53.080953865000026,Mitte,Bahnhofsvorstadt,POINT (8.81299496400004 53.08095386500003)
8273,11,2023,2,3,14,3,5,2,1,1,0,0,0,0,0,0,8.848858654000026,53.06797482400003,Östliche Vorstadt,Peterswerder,POINT (8.848858654000026 53.06797482400003)
8274,11,2023,3,4,14,3,6,3,1,0,1,0,0,0,0,0,8.846746840000037,53.09266274700008,Schwachhausen,Neu-Schwachhausen,POINT (8.846746840000037 53.09266274700008)
8275,11,2023,1,4,13,2,5,3,1,1,0,0,0,0,0,0,8.755502120000074,53.08128368700005,Häfen,Neustädter Hafen,POINT (8.755502120000074 53.08128368700005)
8276,11,2023,5,6,10,3,3,6,1,1,0,0,0,0,0,0,8.886723006000068,53.05152958200006,Hemelingen,Hemelingen,POINT (8.886723006000068 53.05152958200006)
8277,11,2023,5,7,10,3,5,2,1,1,0,0,0,0,0,0,8.856525804000057,53.08986728100007,Schwachhausen,Riensberg,POINT (8.856525804000057 53.08986728100007)
8278,11,2023,5,4,17,3,5,3,1,1,0,0,0,0,0,0,8.735236723000071,53.04469407100004,Huchting,Kirchhuchting,POINT (8.735236723000071 53.04469407100004)
8279,11,2023,5,2,7,3,5,3,1,0,0,0,0,0,0,0,8.810605770000052,53.08008327500005,Mitte,Bahnhofsvorstadt,POINT (8.810605770000052 53.08008327500005)
8280,11,2023,4,2,15,3,5,3,1,1,0,0,0,0,0,1,8.890902621000066,53.108865138000056,Horn-Lehe,Lehesterdeich,POINT (8.890902621000066 53.10886513800006)
8281,11,2023,1,6,8,3,5,2,1,1,0,0,0,0,0,0,8.898606611000048,53.11984156500006,,Borgfeld,POINT (8.898606611000048 53.11984156500006)
8282,11,2023,3,7,1,1,4,6,1,1,0,0,0,0,2,0,8.872786843000029,53.07750827000007,Vahr,Gartenstadt Vahr,POINT (8.872786843000029 53.07750827000007)
8283,11,2023,1,3,8,3,5,3,1,1,0,0,0,0,0,0,8.773642788000075,53.11084343200008,Walle,Walle,POINT (8.773642788000075 53.11084343200008)
8284,11,2023,3,2,7,3,5,2,1,1,0,0,0,0,1,1,8.76505200300005,53.08518906000006,Woltmershausen,Woltmershausen,POINT (8.765052003000051 53.08518906000006)
8285,12,2023,3,2,11,3,5,3,1,1,0,0,0,0,0,0,8.582825433000039,53.54205091800003,Mitte,Weddewarden,POINT (8.582825433000039 53.54205091800003)
8286,11,2023,4,4,12,3,8,1,1,0,0,0,0,0,0,0,8.769757321000043,53.094954295000036,Walle,Überseestadt,POINT (8.769757321000043 53.09495429500004)
8287,11,2023,3,3,8,3,5,3,1,1,0,0,0,0,0,1,8.797161881000022,53.10280115000006,Walle,Osterfeuerberg,POINT (8.797161881000022 53.10280115000006)
8288,12,2023,11,7,4,3,5,2,1,1,0,0,0,0,2,1,8.597356385000069,53.58977173800008,Leherheide,Fehmoor,POINT (8.597356385000069 53.58977173800008)
8289,12,2023,11,7,15,3,2,6,1,1,0,0,0,0,0,1,8.572800371000028,53.56053529800005,Lehe,Königsheide,POINT (8.572800371000028 53.56053529800005)
8290,11,2023,11,7,8,3,5,3,1,1,0,0,0,0,0,1,8.873638679000067,53.10128266500004,Horn-Lehe,Lehe,POINT (8.873638679000067 53.10128266500004)
8291,11,2023,11,7,14,2,5,3,1,1,0,0,0,0,0,1,8.886332998000057,53.07147986600006,Hemelingen,Sebaldsbrück,POINT (8.886332998000057 53.07147986600006)
8292,11,2023,11,6,7,3,5,3,1,1,0,0,0,0,2,1,8.758009490000063,53.05816984300003,Huchting,Grolland,POINT (8.758009490000063 53.05816984300003)
8293,11,2023,11,6,15,3,2,6,1,1,0,0,0,0,0,1,8.827094202000069,53.072738722000054,Östliche Vorstadt,Steintor,POINT (8.827094202000069 53.07273872200005)
8294,11,2023,11,6,12,2,5,3,1,1,0,0,0,0,0,0,8.619074847000036,53.180502395000076,Vegesack,Fähr-Lobbendorf,POINT (8.619074847000036 53.18050239500008)
8295,11,2023,11,5,11,3,3,6,1,0,0,0,0,1,0,0,8.823206587000072,53.07298969900006,Mitte,Ostertor,POINT (8.823206587000072 53.07298969900006)
8296,11,2023,11,5,10,3,5,2,1,1,0,0,0,0,0,1,8.87763946800004,53.08252543000003,Schwachhausen,Radio Bremen,POINT (8.877639468000041 53.08252543000003)
8297,11,2023,11,5,18,3,0,2,1,0,0,0,0,0,2,0,8.85000823200005,53.09472978200006,Schwachhausen,Neu-Schwachhausen,POINT (8.85000823200005 53.09472978200006)
8298,11,2023,11,5,8,2,5,2,1,1,0,0,0,0,0,1,8.769633838000061,53.11040783000004,Gröpelingen,Lindenhof,POINT (8.769633838000061 53.11040783000004)
8299,11,2023,11,5,9,3,3,2,1,1,0,0,0,0,0,1,8.84140269300002,53.10536977000004,Schwachhausen,Neu-Schwachhausen,POINT (8.84140269300002 53.10536977000004)
8300,12,2023,11,4,6,2,0,1,1,0,0,0,0,0,2,1,8.591812435000065,53.58010997500003,Lehe,Königsheide,POINT (8.591812435000065 53.58010997500003)
8301,11,2023,11,4,14,3,3,2,1,1,0,0,0,0,0,0,8.941019857000072,53.05840401800003,Osterholz,Osterholz,POINT (8.941019857000072 53.05840401800003)
8302,11,2023,11,3,9,3,5,3,1,1,0,0,0,0,0,0,8.774157763000062,53.09543393700005,Walle,Überseestadt,POINT (8.774157763000062 53.09543393700005)
8303,11,2023,11,3,13,3,5,3,1,0,0,0,0,1,0,0,8.61927005900003,53.18213714700005,Vegesack,Aumund-Hammersbeck,POINT (8.61927005900003 53.18213714700005)
8304,11,2023,11,3,9,3,5,3,1,1,0,0,0,0,0,0,8.85462325900005,53.08235475100008,Vahr,Gartenstadt Vahr,POINT (8.85462325900005 53.08235475100008)
8305,11,2023,11,3,21,3,0,7,1,0,0,0,0,0,2,1,8.820181298000023,53.08411215700005,Schwachhausen,Barkhof,POINT (8.820181298000023 53.08411215700005)
8306,11,2023,11,7,17,3,0,3,1,1,0,0,0,0,1,1,8.571041574000049,53.18126761800005,Blumenthal,Blumenthal,POINT (8.571041574000049 53.18126761800005)
8307,11,2023,11,7,19,2,5,2,1,1,0,0,0,0,2,1,8.943480617000034,53.06646068500004,Osterholz,Ellenerbrok-Schevemoor,POINT (8.943480617000034 53.06646068500004)
8308,11,2023,11,7,22,3,0,7,1,0,0,0,0,0,2,1,8.805714367000064,53.07335413000004,Mitte,Altstadt,POINT (8.805714367000064 53.07335413000004)
8309,11,2023,11,6,11,3,5,3,1,1,0,0,0,0,0,0,8.619074156000067,53.180494217000046,Vegesack,Vegesack,POINT (8.619074156000067 53.18049421700005)
8310,11,2023,11,6,16,3,1,5,1,1,0,0,0,0,1,0,8.825008303000061,53.07510751500007,Östliche Vorstadt,Steintor,POINT (8.825008303000061 53.07510751500007)
8311,11,2023,11,6,14,3,5,2,1,1,0,0,0,0,0,0,8.588889179000034,53.18308148800003,Blumenthal,Blumenthal,POINT (8.588889179000034 53.18308148800003)
8312,11,2023,11,6,13,2,5,2,1,0,0,0,1,0,0,0,8.824805498000046,53.08458242700004,Schwachhausen,Bürgerpark,POINT (8.824805498000046 53.08458242700004)
8313,11,2023,11,5,18,2,0,7,1,0,0,0,0,0,2,0,8.802350432000026,53.08483764600004,Mitte,Bahnhofsvorstadt,POINT (8.802350432000026 53.08483764600004)
8314,11,2023,11,5,15,3,2,6,1,1,0,0,0,0,0,0,8.849337394000031,53.068825067000034,Östliche Vorstadt,Peterswerder,POINT (8.849337394000031 53.06882506700003)
8315,11,2023,11,5,13,3,5,3,1,1,0,0,0,0,2,0,8.790303889000029,53.08633569400007,Walle,Utbremen,POINT (8.790303889000029 53.08633569400007)
8316,11,2023,11,5,8,3,2,6,1,1,0,0,0,0,0,0,8.866023791000032,53.097604955000065,Horn-Lehe,Horn,POINT (8.866023791000032 53.09760495500007)
8317,11,2023,11,5,17,3,5,2,1,1,0,0,0,0,2,0,8.742632352000044,53.053282369000044,Huchting,Mittelshuchting,POINT (8.742632352000044 53.05328236900004)
8318,11,2023,11,5,16,3,3,6,1,0,0,0,0,0,1,0,8.784913431000064,53.06053572600007,Neustadt,Neuenland,POINT (8.784913431000064 53.06053572600007)
8319,11,2023,11,4,14,3,0,7,1,0,0,0,0,0,0,1,8.702453431000038,53.16993325900006,Burglesum,Burgdamm,POINT (8.702453431000038 53.16993325900006)
8320,11,2023,11,4,11,3,5,2,1,1,0,0,0,0,0,1,8.863844809000057,53.07139144100006,Hemelingen,Hastedt,POINT (8.863844809000057 53.07139144100006)
8321,12,2023,10,3,21,3,0,1,1,0,0,0,0,0,2,0,8.568021609000027,53.55126579800003,Häfen,Speckenbüttel,POINT (8.568021609000027 53.55126579800003)
8322,12,2023,10,3,16,3,1,5,1,1,0,0,0,0,1,1,8.585846565000054,53.55896272800004,Lehe,Königsheide,POINT (8.585846565000054 53.55896272800004)
8323,11,2023,10,3,15,3,5,3,1,1,0,0,0,0,1,1,8.826505487000077,53.07933166400005,Östliche Vorstadt,Fesenfeld,POINT (8.826505487000077 53.07933166400005)
8324,11,2023,10,2,16,3,6,4,1,0,1,0,0,0,0,0,8.711828493000041,53.05622929300006,Huchting,Mittelshuchting,POINT (8.711828493000041 53.05622929300006)
8325,11,2023,10,1,5,3,5,3,1,1,0,0,0,0,2,0,8.813581361000047,53.090373681000074,Schwachhausen,Bürgerpark,POINT (8.813581361000047 53.09037368100007)
8326,11,2023,10,1,10,3,5,3,1,1,0,0,0,0,0,0,8.880364284000052,53.08237581800006,Vahr,Neue Vahr Südwest,POINT (8.880364284000052 53.08237581800006)
8327,11,2023,10,7,20,3,0,1,1,0,0,0,0,0,2,1,8.80046470800005,53.07879452600008,Mitte,Altstadt,POINT (8.80046470800005 53.07879452600008)
8328,11,2023,10,7,11,3,3,6,1,1,0,0,0,0,0,0,8.816365277000045,53.09721418400005,Findorff,Weidedamm,POINT (8.816365277000045 53.09721418400005)
8329,11,2023,10,6,16,3,9,1,1,1,0,0,0,0,0,1,8.738029966000056,53.14515084000004,Gröpelingen,Oslebshausen,POINT (8.738029966000056 53.14515084000004)
8330,11,2023,10,6,8,3,5,3,1,1,0,0,0,0,0,1,8.818888443000048,53.111713198000075,Findorff,In den Hufen,POINT (8.818888443000048 53.11171319800007)
8331,11,2023,10,6,8,3,0,5,1,1,0,0,0,0,0,1,8.76536650600002,53.08496230500003,Woltmershausen,Woltmershausen,POINT (8.765366506000021 53.08496230500003)
8332,11,2023,10,6,17,2,5,3,1,1,0,0,0,0,0,1,8.571704240000031,53.18987314300006,Blumenthal,Blumenthal,POINT (8.571704240000031 53.18987314300006)
8333,11,2023,10,5,13,2,6,7,1,0,1,0,0,0,0,0,8.52124539500005,53.20513182900004,Blumenthal,Farge,POINT (8.521245395000051 53.20513182900004)
8334,11,2023,10,5,15,3,5,2,1,1,0,0,0,0,0,1,8.817687528000022,53.05263602100007,Neustadt,Huckelriede,POINT (8.817687528000022 53.05263602100007)
8335,11,2023,10,4,18,3,1,7,1,1,0,0,0,0,0,0,8.803775081000026,53.09006212500003,Findorff,Findorff-Bürgerweide,POINT (8.803775081000026 53.09006212500003)
8336,11,2023,10,4,11,3,5,3,1,1,0,0,0,0,0,0,8.763464222000039,53.10090699300008,Walle,Überseestadt,POINT (8.763464222000039 53.10090699300008)
8337,11,2023,10,4,9,3,4,6,1,0,0,0,0,0,0,0,8.772577732000059,53.08148955400003,Woltmershausen,Woltmershausen,POINT (8.772577732000059 53.08148955400003)
8338,11,2023,10,4,12,3,5,3,1,1,0,0,0,0,0,1,8.802523892000067,53.10151068000005,Findorff,Weidedamm,POINT (8.802523892000067 53.10151068000005)
8339,11,2023,10,3,9,3,5,3,1,1,0,0,0,0,0,1,8.848699169000042,53.10305473100004,Horn-Lehe,Lehe,POINT (8.848699169000042 53.10305473100004)
8340,11,2023,10,2,17,3,1,5,1,1,0,0,0,0,0,0,8.78556506700005,53.09071151900008,Walle,Steffensweg,POINT (8.78556506700005 53.09071151900008)
8341,11,2023,10,2,17,3,0,4,1,0,1,0,0,0,0,1,8.857326597000053,53.07014951800005,Hemelingen,Hastedt,POINT (8.857326597000053 53.07014951800005)
8342,11,2023,10,2,18,3,4,6,1,0,0,0,0,0,1,0,8.861782042000073,53.09920600500004,Horn-Lehe,Horn,POINT (8.861782042000073 53.09920600500004)
8343,11,2023,10,2,16,3,5,3,1,1,0,0,0,0,0,0,8.901162850000048,53.089454913000054,Horn-Lehe,Horn,POINT (8.901162850000048 53.08945491300005)
8344,11,2023,10,2,8,3,0,7,1,0,0,0,0,1,0,0,8.761994214000026,53.060126135000075,Huchting,Grolland,POINT (8.761994214000026 53.06012613500008)
8345,11,2023,10,7,4,3,5,3,1,1,0,0,0,0,2,0,8.806340215000034,53.08439296600005,Mitte,Bahnhofsvorstadt,POINT (8.806340215000034 53.08439296600005)
8346,11,2023,10,6,17,3,0,7,1,0,0,0,0,0,0,1,8.859815347000051,53.078650734000064,Schwachhausen,Gete,POINT (8.859815347000051 53.07865073400006)
8347,11,2023,10,6,13,3,5,3,1,0,0,1,0,0,0,1,8.790820937000035,53.08591981200004,Walle,Überseestadt,POINT (8.790820937000035 53.08591981200004)
8348,11,2023,10,5,5,3,5,3,1,1,0,0,0,0,2,1,8.802838379000036,53.10138118300006,Findorff,Weidedamm,POINT (8.802838379000036 53.10138118300006)
8349,11,2023,10,4,12,2,0,1,1,0,0,0,0,0,0,0,8.820203462000052,53.08411554400004,Schwachhausen,Barkhof,POINT (8.820203462000052 53.08411554400004)
8350,11,2023,10,3,10,3,5,2,1,0,0,0,0,1,0,0,8.855720630000064,53.06960630200007,Hemelingen,Hastedt,POINT (8.855720630000064 53.06960630200007)
8351,11,2023,10,3,18,3,5,3,1,1,0,0,0,0,1,0,8.804579353000065,53.08581200900005,Mitte,Bahnhofsvorstadt,POINT (8.804579353000065 53.08581200900005)
8352,11,2023,10,3,11,3,5,3,1,1,0,0,0,0,0,0,8.87477199600005,53.10128017200003,Horn-Lehe,Lehe,POINT (8.87477199600005 53.10128017200003)
8353,11,2023,10,3,15,3,5,3,1,1,0,0,0,0,0,0,8.73928453000002,53.059798930000056,Huchting,Mittelshuchting,POINT (8.73928453000002 53.05979893000006)
8354,11,2023,10,3,17,3,5,2,1,1,0,0,0,0,0,0,8.859407205000025,53.102752930000065,Horn-Lehe,Lehe,POINT (8.859407205000025 53.10275293000007)
8355,11,2023,10,3,16,3,5,2,1,1,0,0,0,0,0,0,8.813642938000044,53.09034906000005,Schwachhausen,Bürgerpark,POINT (8.813642938000044 53.09034906000005)
8356,11,2023,10,2,12,3,5,2,1,1,0,0,0,0,0,1,8.774255892000042,53.10146396400006,Walle,Walle,POINT (8.774255892000042 53.10146396400006)
8357,11,2023,10,2,16,3,0,7,1,1,0,0,0,0,1,0,8.892902140000047,53.06034722800007,Hemelingen,Sebaldsbrück,POINT (8.892902140000047 53.06034722800007)
8358,12,2023,10,7,12,3,5,3,1,1,0,0,0,0,0,1,8.590760010000054,53.55679548100005,Lehe,Königsheide,POINT (8.590760010000054 53.55679548100005)
8359,12,2023,10,6,14,3,5,3,1,1,0,0,0,0,0,1,8.58595864800003,53.55981533100004,Lehe,Königsheide,POINT (8.58595864800003 53.55981533100004)
8360,12,2023,10,6,6,3,0,1,1,0,0,0,0,0,2,1,8.602857309000058,53.53111308800004,Geestemünde,Buschkämpen,POINT (8.602857309000058 53.53111308800004)
8361,11,2023,10,6,8,3,6,4,1,0,1,0,0,0,0,1,8.893244153000069,53.06032576300004,Hemelingen,Sebaldsbrück,POINT (8.893244153000069 53.06032576300004)
8362,11,2023,10,6,7,3,5,2,1,1,0,0,0,0,1,1,8.91771218200006,53.07127558800005,Osterholz,Ellener Feld,POINT (8.917712182000059 53.07127558800005)
8363,11,2023,10,6,22,3,2,6,1,1,0,0,0,0,2,1,8.786801801000024,53.07453914800004,Neustadt,Alte Neustadt,POINT (8.786801801000024 53.07453914800004)
8364,11,2023,10,6,19,2,0,7,1,0,0,0,0,0,2,1,8.822631001000047,53.07532990400006,Mitte,Ostertor,POINT (8.822631001000047 53.07532990400006)
8365,11,2023,10,5,16,3,1,5,1,1,0,0,0,0,0,0,8.790943738000067,53.09569293800007,Walle,Westend,POINT (8.790943738000067 53.09569293800007)
8366,11,2023,10,5,12,3,6,4,1,0,1,0,0,0,0,0,8.786731187000044,53.100427007000064,Walle,Walle,POINT (8.786731187000044 53.10042700700006)
8367,11,2023,10,5,13,3,5,3,1,1,0,0,0,0,0,0,8.794615269000076,53.09162438700008,Walle,Utbremen,POINT (8.794615269000076 53.09162438700008)
8368,11,2023,10,5,14,3,0,7,1,0,0,0,0,0,0,0,8.808753551000052,53.074828841000055,Mitte,Altstadt,POINT (8.808753551000052 53.07482884100006)
8369,12,2023,10,4,10,3,0,1,1,0,0,0,0,0,0,0,8.607594121000034,53.53525374800006,Geestemünde,Buschkämpen,POINT (8.607594121000034 53.53525374800006)
8370,11,2023,10,4,21,3,6,7,1,0,1,0,0,0,2,1,8.80913329200007,53.078708111000026,Mitte,Altstadt,POINT (8.80913329200007 53.07870811100003)
8371,11,2023,10,4,17,3,0,7,1,1,0,0,0,0,0,0,8.619213503000026,53.18174315600004,Vegesack,Aumund-Hammersbeck,POINT (8.619213503000026 53.18174315600004)
8372,11,2023,10,4,21,3,5,3,1,1,0,0,0,0,2,1,8.833079978000058,53.03988394500004,Obervieland,Kattenturm,POINT (8.833079978000058 53.03988394500004)
8373,11,2023,10,4,6,3,5,2,1,1,0,0,0,0,2,0,8.896902675000035,53.059042531000046,Hemelingen,Sebaldsbrück,POINT (8.896902675000035 53.05904253100005)
8374,11,2023,10,4,7,2,5,3,1,1,0,0,0,0,0,0,8.81938550700005,53.048496689000046,Neustadt,Huckelriede,POINT (8.81938550700005 53.04849668900005)
8375,11,2023,10,4,14,3,5,2,1,1,0,0,0,0,0,0,8.781727016000048,53.06878610700005,Neustadt,Hohentor,POINT (8.781727016000048 53.06878610700005)
8376,12,2023,10,2,16,3,5,3,1,1,0,0,0,0,0,0,8.58846013300007,53.520951463000074,Fischereihafen,Mitte-Süd,POINT (8.588460133000069 53.52095146300007)
8377,12,2023,10,3,6,3,5,2,1,1,0,0,0,0,1,1,8.595680194000067,53.566907177000076,Lehe,Königsheide,POINT (8.595680194000067 53.56690717700008)
8378,12,2023,10,3,19,3,5,2,1,1,0,0,0,0,2,1,8.583275784000023,53.53630048300005,Geestemünde,Buschkämpen,POINT (8.583275784000023 53.53630048300005)
8379,11,2023,10,3,12,3,3,6,1,1,0,0,0,0,0,1,8.94108195900003,53.06050307900006,Osterholz,Ellenerbrok-Schevemoor,POINT (8.94108195900003 53.06050307900006)
8380,11,2023,10,3,18,2,5,3,1,1,0,0,0,0,1,0,8.812601076000021,53.08084057000008,Mitte,Bahnhofsvorstadt,POINT (8.812601076000021 53.08084057000008)
8381,12,2023,10,2,16,3,1,5,1,1,0,0,0,0,0,1,8.593912053000054,53.56395613500007,Lehe,Königsheide,POINT (8.593912053000054 53.56395613500007)
8382,12,2023,10,2,7,3,5,3,1,1,0,0,0,0,0,1,8.595350472000064,53.565531157000066,Lehe,Königsheide,POINT (8.595350472000064 53.56553115700007)
8383,12,2023,10,1,8,2,0,1,1,0,0,0,0,0,0,1,8.621214117000022,53.60162147300008,Leherheide,Fehmoor,POINT (8.621214117000022 53.60162147300008)
8384,11,2023,11,3,20,3,5,2,1,1,0,0,0,0,2,1,8.714323625000077,53.18013436400008,Burglesum,Burgdamm,POINT (8.714323625000077 53.18013436400008)
8385,11,2023,10,7,12,3,5,3,1,1,0,0,0,0,0,1,8.799817107000024,53.07832303300006,Mitte,Altstadt,POINT (8.799817107000024 53.07832303300006)
8386,11,2023,10,7,8,3,5,3,1,1,0,0,0,0,0,1,8.808495839000045,53.06130719200007,Neustadt,Huckelriede,POINT (8.808495839000045 53.06130719200007)
8387,12,2023,10,6,7,3,5,3,1,1,0,0,0,0,1,1,8.621261985000046,53.590479591000076,Leherheide,Fehmoor,POINT (8.621261985000046 53.59047959100008)
8388,11,2023,10,6,13,3,5,3,1,1,0,0,0,0,0,1,8.778833987000041,53.10609445100005,Walle,Walle,POINT (8.778833987000041 53.10609445100005)
8389,11,2023,10,6,17,2,3,6,1,0,0,0,0,0,0,0,8.81926216000005,53.083874310000056,Schwachhausen,Barkhof,POINT (8.819262160000051 53.08387431000006)