,UKREIS,UJAHR,UMONAT,UWOCHENTAG,USTUNDE,UKATEGORIE,UART,UTYP1,IstRad,IstPKW,IstFuss,IstKrad,IstGkfz,IstSonstig,ULICHTVERH,STRZUSTAND,longitude,latitude,Stadtteil,Ortsteil,geometry
8547,11,2023,8,3,13,3,5,2,1,1,0,0,0,0,0,0,8.863808083000038,53.06868393900004,Hemelingen,Hastedt,POINT (8.863808083000038 53.06868393900004)
8548,11,2023,8,3,15,3,1,5,1,1,0,0,0,0,0,0,8.687344350000046,53.17893957300004,Burglesum,Lesum,POINT (8.687344350000046 53.17893957300004)
8549,12,2023,8,2,9,3,0,1,1,0,0,0,0,0,0,0,8.597311542000057,53.575753391000035,Lehe,Königsheide,POINT (8.597311542000057 53.57575339100003)
8550,12,2023,8,2,16,3,5,2,1,1,0,0,0,0,0,0,8.598733153000069,53.566560440000046,Lehe,Königsheide,POINT (8.598733153000069 53.56656044000005)
8551,11,2023,8,2,11,2,5,3,1,1,0,0,0,0,0,0,8.824181656000064,53.07030141000007,Mitte,Ostertor,POINT (8.824181656000064 53.07030141000007)
8552,11,2023,8,2,11,3,4,6,1,0,0,0,0,1,0,0,8.81959306400006,53.08049298000003,Mitte,Ostertor,POINT (8.81959306400006 53.08049298000003)
8553,11,2023,8,2,13,3,4,2,1,1,0,0,0,0,0,0,8.62338151800003,53.17354183500004,Vegesack,Vegesack,POINT (8.623381518000031 53.17354183500004)
8554,11,2023,8,2,13,3,3,6,1,0,0,0,0,0,0,0,8.806765859000052,53.06562081700008,Neustadt,Buntentor,POINT (8.806765859000052 53.06562081700008)
8555,11,2023,8,2,17,3,4,6,1,1,0,0,0,0,0,0,8.863661979000028,53.090333617000056,Schwachhausen,Radio Bremen,POINT (8.863661979000028 53.09033361700006)
8556,11,2023,8,2,9,3,5,3,1,1,0,0,0,0,0,0,8.815733782000052,53.03093387400003,Obervieland,Kattenesch,POINT (8.815733782000052 53.03093387400003)
8557,12,2023,8,1,19,3,0,1,1,0,0,0,0,0,0,0,8.559425597000029,53.58959570800005,Lehe,Königsheide,POINT (8.559425597000029 53.58959570800005)
8558,11,2023,8,1,10,3,5,2,1,1,0,0,0,0,0,0,8.954643212000065,53.057577105000064,Osterholz,Osterholz,POINT (8.954643212000065 53.05757710500006)
8559,11,2023,8,7,13,3,3,6,1,1,0,0,0,0,0,0,8.936217317000057,53.09133359900005,,,POINT (8.936217317000057 53.09133359900005)
8560,11,2023,8,7,8,2,5,3,1,0,0,0,0,1,0,0,8.879133712000055,53.085801263000064,Vahr,Neue Vahr Nord,POINT (8.879133712000055 53.08580126300006)
8561,11,2023,8,7,17,3,5,3,1,1,0,0,0,0,0,1,8.795212568000068,53.073219538000046,Neustadt,Alte Neustadt,POINT (8.795212568000068 53.07321953800005)
8562,11,2023,8,7,13,2,5,3,1,1,0,0,0,0,0,0,8.799887828000067,53.07043824600004,Neustadt,Alte Neustadt,POINT (8.799887828000067 53.07043824600004)
8563,11,2023,8,7,12,3,0,7,1,0,0,0,0,0,0,0,8.85170320100002,53.080112436000036,Schwachhausen,Gete,POINT (8.851703201000021 53.08011243600004)
8564,11,2023,8,6,23,2,9,7,1,0,0,0,0,0,2,0,8.817825997000057,53.069865105000076,Mitte,Ostertor,POINT (8.817825997000057 53.06986510500008)
8565,11,2023,8,6,21,2,3,2,1,1,0,0,0,0,2,0,8.801341103000027,53.07148033300007,Neustadt,Alte Neustadt,POINT (8.801341103000027 53.07148033300007)
8566,11,2023,9,4,14,2,5,2,1,1,0,0,0,0,0,0,8.704299327000058,53.15605756900004,Burglesum,Burg-Grambke,POINT (8.704299327000058 53.15605756900004)
8567,11,2023,8,6,12,3,5,3,1,1,0,0,0,0,0,0,8.732343395000044,53.05828182300007,Huchting,Mittelshuchting,POINT (8.732343395000044 53.05828182300007)
8568,11,2023,8,6,13,3,3,2,1,1,0,0,0,0,0,0,8.79694999700007,53.076465219000056,Neustadt,Alte Neustadt,POINT (8.79694999700007 53.07646521900006)
8569,11,2023,8,5,19,3,4,6,1,0,0,0,0,0,0,0,8.81851339900004,53.02792780300007,Obervieland,Kattenesch,POINT (8.818513399000039 53.02792780300007)
8570,11,2023,8,5,12,3,0,7,1,0,0,0,0,0,0,0,8.90434082400003,53.04372181800005,Hemelingen,Hemelingen,POINT (8.90434082400003 53.04372181800005)
8571,11,2023,8,4,16,3,1,6,1,1,0,0,0,0,0,0,8.757890261000057,53.05852196500007,Huchting,Grolland,POINT (8.757890261000057 53.05852196500007)
8572,12,2023,8,3,17,3,5,2,1,1,0,0,0,0,0,0,8.605535332000045,53.53063780700006,Geestemünde,Buschkämpen,POINT (8.605535332000045 53.53063780700006)
8573,12,2023,8,3,17,3,0,1,1,0,0,0,0,0,0,0,8.591392107000047,53.54379596100006,Geestemünde,Buschkämpen,POINT (8.591392107000047 53.54379596100006)
8574,11,2023,8,3,16,3,5,3,1,1,0,0,0,0,0,0,8.856618818000072,53.07138422400004,Hemelingen,Hastedt,POINT (8.856618818000072 53.07138422400004)
8575,11,2023,8,3,11,3,1,5,1,1,0,0,0,0,0,0,8.789986208000073,53.06848484300008,Neustadt,Neustadt,POINT (8.789986208000073 53.06848484300008)
8576,11,2023,8,3,19,3,5,3,1,1,0,0,0,0,0,0,8.825048318000029,53.08465325000003,Schwachhausen,Bürgerpark,POINT (8.825048318000029 53.08465325000003)
8577,11,2023,8,3,7,3,2,1,1,1,0,0,0,0,0,0,8.815094513000076,53.10212379500007,Findorff,Weidedamm,POINT (8.815094513000076 53.10212379500007)
8578,12,2023,8,2,21,3,5,3,1,1,0,0,0,0,2,0,8.595319611000036,53.51128237200004,Wulsdorf,Geestemünde-Süd,POINT (8.595319611000036 53.51128237200004)
8579,11,2023,8,2,16,3,3,6,1,0,0,0,0,0,0,0,8.85809434600003,53.086211398000046,Schwachhausen,Radio Bremen,POINT (8.85809434600003 53.08621139800005)
8580,11,2023,8,2,17,3,5,3,1,0,0,0,0,0,0,0,8.82381396300002,53.04408633800006,Obervieland,Kattenturm,POINT (8.823813963000021 53.04408633800006)
8581,11,2023,8,6,15,3,0,4,1,0,1,0,0,0,0,0,8.828217021000057,53.072389169000076,Östliche Vorstadt,Steintor,POINT (8.828217021000057 53.07238916900008)
8582,11,2023,8,6,12,3,3,6,1,0,0,0,0,1,0,0,8.753574456000024,53.16249215600004,,Blockland,POINT (8.753574456000024 53.16249215600004)
8583,11,2023,9,4,19,3,3,6,1,1,0,0,0,0,0,0,8.921569180000063,53.131758485000034,,Borgfeld,POINT (8.921569180000063 53.13175848500003)
8584,11,2023,8,6,19,2,0,1,1,0,0,0,0,0,1,0,8.803806800000075,53.08010627400006,Mitte,Altstadt,POINT (8.803806800000075 53.08010627400006)
8585,11,2023,8,6,13,3,5,3,1,1,0,0,0,0,0,0,8.863843908000035,53.071239508000076,Hemelingen,Hastedt,POINT (8.863843908000035 53.07123950800008)
8586,11,2023,8,6,13,3,5,3,1,1,0,0,0,0,0,0,8.880578739000043,53.071993758000076,Vahr,Gartenstadt Vahr,POINT (8.880578739000043 53.07199375800008)
8587,12,2023,8,5,8,3,0,1,1,0,0,0,0,0,0,0,8.587483965000047,53.53991190100004,Geestemünde,Buschkämpen,POINT (8.587483965000047 53.53991190100004)
8588,12,2023,10,5,13,3,0,1,1,0,0,0,0,0,0,1,8.57461832100006,53.55552263200008,Mitte,Weddewarden,POINT (8.574618321000059 53.55552263200008)
8589,12,2023,8,4,8,3,5,3,1,0,0,0,0,1,0,0,8.601068361000046,53.53472895300007,Geestemünde,Buschkämpen,POINT (8.601068361000046 53.53472895300007)
8590,11,2023,8,4,9,3,6,4,1,0,1,0,0,0,0,0,8.741801193000072,53.13092530900008,Gröpelingen,Oslebshausen,POINT (8.741801193000072 53.13092530900008)
8591,11,2023,8,4,19,3,3,2,1,1,0,0,0,0,0,0,8.73615085800003,53.140666370000076,Gröpelingen,Oslebshausen,POINT (8.73615085800003 53.14066637000008)
8592,11,2023,8,3,15,3,5,3,1,0,0,0,0,1,0,0,8.888319128000035,53.109711410000045,Horn-Lehe,Lehesterdeich,POINT (8.888319128000035 53.10971141000005)
8593,11,2023,8,3,7,3,5,2,1,1,0,0,0,0,0,0,8.850118026000075,53.085275584000044,Schwachhausen,Riensberg,POINT (8.850118026000075 53.08527558400004)
8594,11,2023,8,3,14,3,5,3,1,1,0,0,0,0,0,0,8.859617104000051,53.08268344900006,Schwachhausen,Radio Bremen,POINT (8.859617104000051 53.08268344900006)
8595,11,2023,8,2,8,2,0,4,1,0,1,0,0,0,0,0,8.848411173000045,53.08508734600008,Schwachhausen,Gete,POINT (8.848411173000045 53.08508734600008)
8596,11,2023,10,1,13,3,1,5,1,1,0,0,0,0,0,0,8.834043824000048,53.07051931700005,Östliche Vorstadt,Peterswerder,POINT (8.834043824000048 53.07051931700005)
8597,11,2023,8,2,19,3,1,5,1,1,0,0,0,0,0,1,8.816310839000039,53.07084880600007,Mitte,Ostertor,POINT (8.816310839000039 53.07084880600007)
8598,11,2023,8,1,3,3,0,7,1,0,0,0,0,0,2,1,8.84111534300007,53.067327688000034,Östliche Vorstadt,Peterswerder,POINT (8.84111534300007 53.06732768800003)
8599,11,2023,8,7,17,3,1,5,1,1,0,0,0,0,0,0,8.780133171000045,53.07594450700003,Woltmershausen,Woltmershausen,POINT (8.780133171000045 53.07594450700003)
8600,12,2023,8,6,15,3,5,2,1,1,0,0,0,0,0,0,8.594388047000052,53.526869247000036,Geestemünde,Buschkämpen,POINT (8.594388047000052 53.52686924700004)
8601,12,2023,8,6,7,3,5,3,1,1,0,0,0,0,0,1,8.582085698000071,53.55556085900008,Lehe,Königsheide,POINT (8.582085698000071 53.55556085900008)
8602,11,2023,8,5,14,3,5,3,1,1,0,0,0,0,0,0,8.804618228000038,53.085793178000074,Mitte,Bahnhofsvorstadt,POINT (8.804618228000038 53.08579317800007)
8603,12,2023,8,4,13,3,8,1,1,0,0,0,0,0,0,1,8.591995799000074,53.57637656300005,Lehe,Königsheide,POINT (8.591995799000074 53.57637656300005)
8604,11,2023,8,4,15,3,3,3,1,1,0,0,0,0,0,1,8.838013743000033,53.06789358900005,Östliche Vorstadt,Peterswerder,POINT (8.838013743000033 53.06789358900005)
8605,11,2023,8,4,18,3,0,3,1,1,0,0,0,0,0,0,8.832775957000024,53.07746913100004,Östliche Vorstadt,Fesenfeld,POINT (8.832775957000024 53.07746913100004)
8606,12,2023,8,3,7,3,5,3,1,1,0,0,0,0,0,0,8.606075561000068,53.55096736100006,Geestemünde,Buschkämpen,POINT (8.606075561000068 53.55096736100006)
8607,11,2023,8,3,12,3,3,2,1,0,0,0,0,1,0,1,8.65373822500004,53.17428636800008,Vegesack,Schönebeck,POINT (8.653738225000041 53.17428636800008)
8608,11,2023,8,3,16,3,5,2,1,0,0,0,0,0,0,1,8.914259185000049,53.038979150000046,Hemelingen,Arbergen,POINT (8.914259185000049 53.03897915000005)
8609,12,2023,7,2,7,2,0,1,1,0,0,0,0,0,0,1,8.573370968000063,53.56049434100004,Lehe,Königsheide,POINT (8.573370968000063 53.56049434100004)
8610,11,2023,7,2,11,3,0,7,1,0,0,0,0,0,0,1,8.736512532000063,53.11763988800004,Häfen,Industriehäfen,POINT (8.736512532000063 53.11763988800004)
8611,11,2023,10,2,11,3,5,2,1,1,0,0,0,0,0,0,8.736363624000035,53.13369550700003,Gröpelingen,Oslebshausen,POINT (8.736363624000035 53.13369550700003)
8612,11,2023,7,2,14,3,3,2,1,1,0,0,0,0,0,1,8.71386129700005,53.14165156400003,Burglesum,Burg-Grambke,POINT (8.713861297000051 53.14165156400003)
8613,11,2023,7,1,19,3,5,3,1,1,0,0,0,0,0,0,8.814392054000052,53.081645104000074,Mitte,Bahnhofsvorstadt,POINT (8.814392054000052 53.08164510400007)
8614,11,2023,7,7,13,3,3,2,1,1,0,0,0,0,0,0,8.702253417000065,53.16769547100006,Burglesum,Burgdamm,POINT (8.702253417000065 53.16769547100006)
8615,11,2023,11,6,13,3,0,7,1,0,0,0,0,0,0,0,8.93030525200004,53.095179474000076,,,POINT (8.930305252000039 53.09517947400008)
8616,11,2023,7,6,5,3,5,3,1,1,0,0,0,0,1,1,8.93247279700006,53.03884464300006,Hemelingen,Mahndorf,POINT (8.932472797000059 53.03884464300006)
8617,11,2023,7,4,15,3,5,3,1,1,0,0,0,0,0,1,8.819100822000053,53.111843185000055,Findorff,In den Hufen,POINT (8.819100822000053 53.11184318500005)
8618,11,2023,7,4,12,3,5,3,1,0,0,0,0,1,0,0,8.852815178000071,53.104669182000066,Horn-Lehe,Lehe,POINT (8.852815178000071 53.10466918200007)
8619,11,2023,8,3,15,3,5,3,1,0,0,1,0,0,0,0,8.572409500000049,53.18709889300004,Blumenthal,Blumenthal,POINT (8.572409500000049 53.18709889300004)
8620,11,2023,7,3,16,3,6,7,1,0,1,0,0,0,0,0,8.574772206000034,53.20148332300005,Blumenthal,Lüssum-Bockhorn,POINT (8.574772206000034 53.20148332300005)
8621,11,2023,7,3,17,3,1,5,1,1,0,0,0,0,0,0,8.823997293000048,53.07302533300003,Östliche Vorstadt,Steintor,POINT (8.823997293000048 53.07302533300003)
8622,12,2023,7,2,16,3,5,3,1,1,0,0,0,0,0,1,8.598949669000035,53.57024331300005,Lehe,Königsheide,POINT (8.598949669000035 53.57024331300005)
8623,11,2023,7,2,16,3,7,7,1,0,0,0,0,1,0,0,8.82356519700005,53.047899845000074,Obervieland,Kattenturm,POINT (8.82356519700005 53.04789984500007)
8624,11,2023,7,2,12,3,5,3,1,1,0,0,0,0,0,0,8.862085041000057,53.07165645500004,Hemelingen,Hastedt,POINT (8.862085041000057 53.07165645500004)
8625,11,2023,7,1,9,3,0,7,1,0,0,0,0,0,0,0,8.817359258000067,53.08553516000006,Schwachhausen,Barkhof,POINT (8.817359258000067 53.08553516000006)
8626,11,2023,11,4,8,3,3,6,1,1,0,0,0,0,0,1,8.787529798000037,53.073967940000045,Neustadt,Hohentor,POINT (8.787529798000037 53.07396794000005)
8627,11,2023,7,7,13,3,4,6,1,1,0,0,0,0,0,0,8.79469804100006,53.07182017700006,Neustadt,Alte Neustadt,POINT (8.794698041000061 53.07182017700006)
8628,11,2023,7,5,13,2,5,3,1,1,0,0,0,0,0,0,8.82764132400007,53.040211750000026,Obervieland,Kattenturm,POINT (8.827641324000069 53.04021175000003)
8629,11,2023,7,5,7,3,3,2,1,0,0,0,1,0,0,0,8.782995232000076,53.076481913000066,Häfen,Hohentorshafen,POINT (8.782995232000076 53.07648191300007)
8630,11,2023,7,5,15,2,0,7,1,0,0,0,0,0,0,0,8.882238157000074,53.10097722200004,Horn-Lehe,Lehe,POINT (8.882238157000074 53.10097722200004)
8631,11,2023,7,4,21,3,5,3,1,1,0,0,0,0,1,0,8.627947206000044,53.17188305600007,Vegesack,Vegesack,POINT (8.627947206000044 53.17188305600007)
8632,11,2023,7,3,13,3,4,6,1,1,0,0,0,0,0,0,8.795627635000073,53.07228188800008,Neustadt,Alte Neustadt,POINT (8.795627635000073 53.07228188800008)
8633,11,2023,7,3,9,3,5,2,1,1,0,0,0,0,0,0,8.854054635000068,53.08253370800003,Schwachhausen,Radio Bremen,POINT (8.854054635000068 53.08253370800003)
8634,11,2023,7,2,15,3,0,7,1,0,0,0,0,0,0,0,8.822607614000049,53.07289527700004,Mitte,Ostertor,POINT (8.822607614000049 53.07289527700004)
8635,11,2023,7,2,11,2,5,3,1,0,0,0,1,0,0,0,8.822830826000029,53.048125603000074,Obervieland,Kattenturm,POINT (8.822830826000029 53.04812560300007)
8636,11,2023,7,2,17,3,4,6,1,0,0,0,0,1,0,0,8.901002421000044,53.04408527800007,Hemelingen,Hemelingen,POINT (8.901002421000044 53.04408527800007)
8637,11,2023,7,7,15,2,5,3,1,0,0,0,0,0,0,0,8.80354017600007,53.07206508100006,Neustadt,Alte Neustadt,POINT (8.80354017600007 53.07206508100006)
8638,11,2023,7,7,10,3,5,3,1,1,0,0,0,0,0,0,8.876073241000029,53.08234465000004,Schwachhausen,Radio Bremen,POINT (8.876073241000029 53.08234465000004)
8639,12,2023,7,6,10,3,5,3,1,0,0,1,0,0,0,0,8.59797986700005,53.506672801000036,Wulsdorf,Geestemünde-Süd,POINT (8.597979867000049 53.50667280100004)
8640,11,2023,7,6,10,3,0,5,1,1,0,0,0,0,0,0,8.824075791000041,53.07923002100006,Mitte,Ostertor,POINT (8.824075791000041 53.07923002100006)
8641,11,2023,7,6,7,3,5,2,1,1,0,0,0,0,0,0,8.796562306000055,53.08263398400004,Mitte,Altstadt,POINT (8.796562306000055 53.08263398400004)
8642,11,2023,8,2,6,3,0,2,1,1,0,0,0,0,0,0,8.953779904000044,53.03409613500003,Hemelingen,Mahndorf,POINT (8.953779904000044 53.03409613500003)
8643,11,2023,7,6,16,3,5,3,1,1,0,0,0,0,0,0,8.704392025000061,53.15567412300004,Burglesum,Burg-Grambke,POINT (8.704392025000061 53.15567412300004)
8644,11,2023,7,6,15,3,5,2,1,1,0,0,0,0,0,0,8.853333973000076,53.08055308100006,Schwachhausen,Gete,POINT (8.853333973000076 53.08055308100006)
8645,11,2023,8,4,13,3,0,7,1,0,0,0,0,0,0,0,8.832720892000054,53.08060964100008,Schwachhausen,Gete,POINT (8.832720892000054 53.08060964100008)
8646,11,2023,7,5,23,2,4,6,1,0,0,0,0,0,2,1,8.797796467000069,53.06900082200008,Neustadt,Alte Neustadt,POINT (8.797796467000069 53.06900082200008)
8647,11,2023,7,4,16,3,4,6,1,0,0,0,0,0,0,0,8.882337094000036,53.103382890000034,Horn-Lehe,Lehesterdeich,POINT (8.882337094000036 53.10338289000003)
8648,11,2023,7,4,15,2,5,3,1,1,0,0,0,0,0,0,8.604622636000045,53.17734437800004,Vegesack,Fähr-Lobbendorf,POINT (8.604622636000045 53.17734437800004)
8649,12,2023,7,3,12,3,5,3,1,1,0,0,0,0,0,0,8.59961204900003,53.503888707000044,Wulsdorf,Geestemünde-Süd,POINT (8.599612049000029 53.50388870700004)
8650,11,2023,7,3,8,2,3,6,1,0,0,0,0,0,0,0,8.88799414600004,53.06673510600007,Hemelingen,Sebaldsbrück,POINT (8.88799414600004 53.06673510600007)
8651,11,2023,7,3,17,2,5,3,1,0,0,0,0,0,0,0,8.832925225000054,53.10845073400003,Horn-Lehe,Lehe,POINT (8.832925225000054 53.10845073400003)
8652,11,2023,11,5,6,3,1,5,1,1,0,0,0,0,2,1,8.87268599500004,53.06982376600007,Hemelingen,Hastedt,POINT (8.87268599500004 53.06982376600007)
8653,11,2023,7,3,11,3,1,7,1,1,0,0,0,0,0,0,8.924387254000067,53.07015525600008,Osterholz,Ellener Feld,POINT (8.924387254000067 53.07015525600008)
8654,11,2023,7,3,16,3,5,3,1,0,0,0,0,1,0,0,8.809318645000076,53.083452985000065,Mitte,Bahnhofsvorstadt,POINT (8.809318645000076 53.08345298500006)
8655,11,2023,7,3,12,3,3,6,1,1,0,0,0,0,0,0,8.891632979000065,53.06088430700004,Hemelingen,Sebaldsbrück,POINT (8.891632979000065 53.06088430700004)
8656,11,2023,7,3,12,3,1,5,1,1,0,0,0,0,0,0,8.82842533400003,53.08316702400003,Schwachhausen,Bürgerpark,POINT (8.82842533400003 53.08316702400003)
8657,11,2023,7,2,12,3,0,7,1,0,0,0,0,0,0,0,8.798456776000023,53.08553342300007,Mitte,Bahnhofsvorstadt,POINT (8.798456776000023 53.08553342300007)
8658,11,2023,7,2,13,3,5,2,1,1,0,0,0,0,0,0,8.86294636100007,53.07138544500003,Hemelingen,Hastedt,POINT (8.86294636100007 53.07138544500003)
8659,11,2023,7,2,14,3,5,3,1,0,0,0,0,1,0,0,8.614930550000054,53.176540266000075,Vegesack,Vegesack,POINT (8.614930550000054 53.17654026600007)
8660,11,2023,7,1,15,3,6,4,1,0,1,0,0,0,0,0,8.810241236000024,53.082349427000054,Mitte,Bahnhofsvorstadt,POINT (8.810241236000024 53.08234942700005)
8661,11,2023,7,1,19,3,0,7,1,0,0,0,0,0,0,0,8.740308199000026,53.05149558700003,Huchting,Kirchhuchting,POINT (8.740308199000026 53.05149558700003)
8662,11,2023,7,1,2,3,4,6,1,1,0,0,0,0,2,0,8.827017055000056,53.07276356700004,Östliche Vorstadt,Steintor,POINT (8.827017055000056 53.07276356700004)
8663,11,2023,7,1,3,3,4,6,1,0,0,0,0,0,2,0,8.832107243000053,53.06870351600003,Östliche Vorstadt,Peterswerder,POINT (8.832107243000053 53.06870351600003)
8664,12,2023,7,7,11,3,5,2,1,1,0,0,0,0,0,0,8.588139469000055,53.53602119400006,Geestemünde,Buschkämpen,POINT (8.588139469000055 53.53602119400006)
8665,11,2023,7,7,23,3,4,6,1,0,0,0,0,0,2,0,8.782104203000074,53.07732531800008,Häfen,Hohentorshafen,POINT (8.782104203000074 53.07732531800008)
8666,12,2023,7,6,13,3,5,3,1,1,0,0,0,0,0,0,8.608426189000056,53.55001714400004,Geestemünde,Buschkämpen,POINT (8.608426189000056 53.55001714400004)
8667,11,2023,7,6,20,3,5,3,1,1,0,0,0,0,0,0,8.826557384000068,53.08347999600005,Schwachhausen,Bürgerpark,POINT (8.826557384000068 53.08347999600005)
8668,11,2023,7,6,17,3,5,3,1,1,0,0,0,0,0,0,8.818723395000063,53.07780991700008,Mitte,Ostertor,POINT (8.818723395000063 53.07780991700008)
8669,11,2023,7,6,9,3,1,5,1,1,0,0,0,0,0,0,8.598813793000033,53.18091848500006,Vegesack,Fähr-Lobbendorf,POINT (8.598813793000033 53.18091848500006)
8670,11,2023,7,6,12,3,5,3,1,1,0,0,0,0,0,0,8.87581887400006,53.062753056000076,Hemelingen,Hastedt,POINT (8.875818874000061 53.06275305600008)
8671,11,2023,7,6,18,3,5,3,1,1,0,0,0,0,0,0,8.962813962000041,53.06017555100004,Osterholz,Tenever,POINT (8.962813962000041 53.06017555100004)
8672,11,2023,7,6,11,3,1,5,1,1,0,0,0,0,0,0,8.913506813000026,53.09919602400004,,,POINT (8.913506813000026 53.09919602400004)
8673,12,2023,7,5,6,2,0,1,1,0,0,0,0,0,0,1,8.62330279500003,53.60276084100008,Leherheide,Fehmoor,POINT (8.623302795000029 53.60276084100008)
8674,12,2023,7,5,17,3,5,3,1,0,0,0,0,1,0,0,8.59152191000004,53.572136184000044,Lehe,Königsheide,POINT (8.59152191000004 53.57213618400004)
8675,11,2023,7,5,10,3,5,2,1,1,0,0,0,0,0,0,8.824934737000035,53.08418954000007,Schwachhausen,Barkhof,POINT (8.824934737000035 53.08418954000007)
8676,12,2023,7,4,13,3,5,2,1,1,0,0,0,0,0,1,8.590360687000043,53.56546276500006,Lehe,Königsheide,POINT (8.590360687000043 53.56546276500006)
8677,12,2023,9,3,12,2,1,5,1,1,0,0,0,0,0,0,8.591858649000073,53.53510903000006,Geestemünde,Buschkämpen,POINT (8.591858649000073 53.53510903000006)
8678,11,2023,7,4,9,3,0,2,1,1,0,0,0,0,0,1,8.862955774000056,53.09019476800006,Schwachhausen,Radio Bremen,POINT (8.862955774000056 53.09019476800006)
8679,11,2023,7,4,13,3,3,2,1,1,0,0,0,0,0,0,8.713844730000062,53.14168496600007,Burglesum,Burg-Grambke,POINT (8.713844730000062 53.14168496600007)
8680,11,2023,8,1,0,3,5,2,1,1,0,0,0,0,2,0,8.796637790000034,53.082506049000074,Mitte,Altstadt,POINT (8.796637790000034 53.08250604900007)
8681,11,2023,7,4,17,3,3,6,1,0,0,0,0,1,0,0,8.778772235000076,53.06465938100007,Neustadt,Neuenland,POINT (8.778772235000076 53.06465938100007)
8682,12,2023,7,3,16,3,5,2,1,1,0,0,0,0,0,0,8.58963835000003,53.53198297600005,Geestemünde,Buschkämpen,POINT (8.58963835000003 53.53198297600005)
8683,11,2023,7,3,18,3,4,6,1,0,0,0,0,1,0,0,8.619173674000024,53.18597354000008,Vegesack,Aumund-Hammersbeck,POINT (8.619173674000024 53.18597354000008)
8684,11,2023,7,3,11,3,5,3,1,1,0,0,0,0,0,0,8.89053350100005,53.08351414400005,Vahr,Neue Vahr Nord,POINT (8.89053350100005 53.08351414400005)
8685,11,2023,10,2,15,3,1,5,1,0,0,0,0,1,0,0,8.68582415800006,53.17393066900007,Burglesum,Lesum,POINT (8.685824158000059 53.17393066900007)
8686,11,2023,7,3,13,3,5,2,1,0,0,0,1,0,0,0,8.791158044000042,53.09154636800008,Walle,Utbremen,POINT (8.791158044000042 53.09154636800008)
8687,11,2023,7,3,8,3,2,6,1,0,0,0,0,0,0,0,8.87897537200007,53.085566562000054,Vahr,Neue Vahr Nord,POINT (8.87897537200007 53.08556656200005)
8688,11,2023,7,3,12,3,0,7,1,0,0,0,0,0,0,0,8.951218709000045,53.065116198000055,Osterholz,Tenever,POINT (8.951218709000045 53.06511619800006)
8689,11,2023,7,2,9,3,0,7,1,0,0,0,0,0,0,1,8.812927970000032,53.07397599800004,Mitte,Altstadt,POINT (8.812927970000032 53.07397599800004)
8690,11,2023,7,2,17,3,5,3,1,1,0,0,0,0,0,0,8.739141846000052,53.13520391900005,Gröpelingen,Oslebshausen,POINT (8.739141846000052 53.13520391900005)
8691,11,2023,10,3,18,3,5,2,1,0,0,0,0,0,2,1,8.833329685000024,53.08636763000004,Schwachhausen,Bürgerpark,POINT (8.833329685000024 53.08636763000004)
8692,11,2023,7,2,6,3,5,2,1,1,0,0,0,0,0,0,8.897864773000038,53.05932817200005,Hemelingen,Sebaldsbrück,POINT (8.897864773000038 53.05932817200005)
8693,12,2023,10,6,17,3,5,3,1,1,0,0,0,0,0,0,8.59297940600004,53.55843620300004,Lehe,Königsheide,POINT (8.59297940600004 53.55843620300004)
8694,12,2023,7,7,11,3,5,2,1,1,0,0,0,0,0,1,8.588080324000032,53.56271248300004,Lehe,Königsheide,POINT (8.588080324000032 53.56271248300004)
8695,11,2023,7,7,22,3,4,6,1,0,0,0,0,0,2,0,8.802999156000055,53.09266015700007,Findorff,Findorff-Bürgerweide,POINT (8.802999156000055 53.09266015700007)
8696,11,2023,7,7,11,3,1,5,1,1,0,0,0,0,0,1,8.863289573000031,53.08737219000005,Schwachhausen,Radio Bremen,POINT (8.863289573000031 53.08737219000005)
8697,12,2023,6,6,19,3,0,3,1,1,0,0,0,0,0,0,8.606038157000057,53.593576873000075,Leherheide,Fehmoor,POINT (8.606038157000057 53.59357687300007)
8698,11,2023,6,5,20,3,5,3,1,1,0,0,0,0,0,1,8.807227236000074,53.08753707000005,Mitte,Bahnhofsvorstadt,POINT (8.807227236000074 53.08753707000005)
8699,11,2023,9,2,17,3,6,4,1,0,1,0,0,0,0,0,8.774196369000038,53.08062095000008,Woltmershausen,Woltmershausen,POINT (8.774196369000038 53.08062095000008)
8700,11,2023,6,5,17,3,6,4,1,0,1,0,0,0,0,1,8.795864634000054,53.07550411200003,Neustadt,Alte Neustadt,POINT (8.795864634000054 53.07550411200003)
8701,11,2023,6,4,13,3,4,6,1,0,0,0,0,0,0,0,8.805873822000024,53.07344505000003,Mitte,Altstadt,POINT (8.805873822000024 53.07344505000003)
8702,11,2023,6,4,17,3,0,7,1,0,0,0,0,1,0,0,8.897275568000055,53.08603297700006,Vahr,Neue Vahr Nord,POINT (8.897275568000055 53.08603297700006)
8703,11,2023,6,4,19,3,6,4,1,0,1,0,0,0,0,0,8.96148942800005,53.06679530200006,Osterholz,Tenever,POINT (8.96148942800005 53.06679530200006)
8704,12,2023,6,3,17,3,5,2,1,1,0,0,0,0,0,0,8.59664888900005,53.54331907000005,Geestemünde,Buschkämpen,POINT (8.596648889000051 53.54331907000005)