,UKREIS,UJAHR,UMONAT,UWOCHENTAG,USTUNDE,UKATEGORIE,UART,UTYP1,IstRad,IstPKW,IstFuss,IstKrad,IstGkfz,IstSonstig,ULICHTVERH,STRZUSTAND,longitude,latitude,Stadtteil,Ortsteil,geometry
8705,12,2023,6,3,9,3,5,2,1,0,0,0,1,0,0,0,8.589904964000027,53.52938503000007,Geestemünde,Buschkämpen,POINT (8.589904964000027 53.52938503000007)
8706,11,2023,9,5,17,3,5,2,1,1,0,0,0,0,0,0,8.737760171000048,53.05643469800003,Huchting,Mittelshuchting,POINT (8.737760171000048 53.05643469800003)
8707,11,2023,6,3,9,3,5,2,1,1,0,0,0,0,0,0,8.715292746000046,53.05068259400008,Huchting,Mittelshuchting,POINT (8.715292746000046 53.05068259400008)
8708,11,2023,6,3,10,3,0,7,1,0,0,0,0,0,0,0,8.941135771000063,53.05843637000004,Osterholz,Ellenerbrok-Schevemoor,POINT (8.941135771000063 53.05843637000004)
8709,11,2023,6,3,20,3,1,7,1,1,0,0,0,0,0,0,8.913311546000045,53.05690294500005,Hemelingen,Sebaldsbrück,POINT (8.913311546000045 53.05690294500005)
8710,11,2023,6,3,11,3,5,7,1,1,0,0,0,0,0,1,8.574374508000062,53.18136047100006,Blumenthal,Blumenthal,POINT (8.574374508000062 53.18136047100006)
8711,11,2023,6,2,11,3,1,5,1,1,0,0,0,0,0,1,8.802760817000035,53.06726094000004,Neustadt,Buntentor,POINT (8.802760817000035 53.06726094000004)
8712,11,2023,6,2,10,3,9,7,1,1,0,0,0,0,0,1,8.826978746000066,53.08482506200005,Schwachhausen,Bürgerpark,POINT (8.826978746000066 53.08482506200005)
8713,12,2023,6,1,11,3,1,5,1,1,0,0,0,0,0,0,8.580584245000068,53.545087342000045,Mitte,Weddewarden,POINT (8.580584245000068 53.54508734200004)
8714,11,2023,6,1,14,3,5,3,1,1,0,0,0,0,0,0,8.728003393000051,53.03821863700006,Huchting,Kirchhuchting,POINT (8.728003393000051 53.03821863700006)
8715,12,2023,6,7,15,3,5,3,1,1,0,0,0,0,0,0,8.600752053000065,53.52861348500005,Geestemünde,Buschkämpen,POINT (8.600752053000065 53.52861348500005)
8716,11,2023,6,7,13,2,5,3,1,1,0,0,0,0,0,0,8.94347642300005,53.066492726000035,Osterholz,Ellenerbrok-Schevemoor,POINT (8.94347642300005 53.06649272600004)
8717,11,2023,6,7,16,3,4,6,1,0,1,0,0,0,0,0,8.738902559000053,53.13504772400006,Gröpelingen,Oslebshausen,POINT (8.738902559000053 53.13504772400006)
8718,11,2023,6,7,13,3,5,2,1,1,0,0,0,0,0,0,8.773970815000041,53.062051359000066,Neustadt,Neuenland,POINT (8.773970815000041 53.06205135900007)
8719,12,2023,6,6,2,3,1,1,1,1,0,0,0,0,2,1,8.583206020000034,53.56443961300005,Lehe,Königsheide,POINT (8.583206020000034 53.56443961300005)
8720,11,2023,6,6,11,3,5,2,1,1,0,0,0,0,0,1,8.669866083000045,53.17461912700003,Burglesum,St.Magnus,POINT (8.669866083000045 53.17461912700003)
8721,11,2023,6,6,20,3,5,2,1,1,0,0,0,0,0,0,8.575911627000039,53.20311396900007,Blumenthal,Lüssum-Bockhorn,POINT (8.575911627000039 53.20311396900007)
8722,11,2023,6,5,16,3,3,6,1,1,0,0,0,0,0,0,8.820481217000065,53.06937349700007,Mitte,Ostertor,POINT (8.820481217000065 53.06937349700007)
8723,11,2023,9,1,20,3,6,4,1,0,1,0,0,0,2,0,8.762197683000068,53.114333240000065,Gröpelingen,Lindenhof,POINT (8.762197683000068 53.11433324000006)
8724,11,2023,6,5,11,3,5,2,1,0,0,0,1,0,0,0,8.785143624000057,53.08855848600007,Walle,Überseestadt,POINT (8.785143624000057 53.08855848600007)
8725,11,2023,6,5,11,3,3,7,1,1,0,0,0,0,0,0,8.902701213000057,53.10013513600006,,,POINT (8.902701213000057 53.10013513600006)
8726,11,2023,6,5,15,3,5,3,1,1,0,0,0,0,0,0,8.793758188000027,53.06634921500006,Neustadt,Südervorstadt,POINT (8.793758188000027 53.06634921500006)
8727,11,2023,6,5,13,2,1,7,1,1,0,0,0,0,0,0,8.828513048000048,53.08519107500007,Schwachhausen,Bürgerpark,POINT (8.828513048000048 53.08519107500007)
8728,11,2023,6,5,8,3,1,7,1,1,0,0,0,0,0,0,8.82545484000002,53.07302202200003,Östliche Vorstadt,Steintor,POINT (8.82545484000002 53.07302202200003)
8729,12,2023,6,4,20,3,5,3,1,1,0,0,0,0,0,0,8.570272024000076,53.551789033000034,Mitte,Weddewarden,POINT (8.570272024000076 53.55178903300003)
8730,11,2023,6,4,13,3,0,7,1,0,0,0,0,0,0,0,8.80067979100005,53.07091718800007,Neustadt,Alte Neustadt,POINT (8.80067979100005 53.07091718800007)
8731,11,2023,6,4,18,3,5,3,1,1,0,0,0,0,0,0,8.790853468000023,53.08613864800003,Walle,Utbremen,POINT (8.790853468000023 53.08613864800003)
8732,11,2023,6,4,7,3,2,6,1,1,0,0,0,0,0,0,8.758647564000057,53.11583480200005,Gröpelingen,Lindenhof,POINT (8.758647564000057 53.11583480200005)
8733,11,2023,6,4,13,3,0,5,1,0,0,0,1,0,0,0,8.829662584000062,53.08547947800008,Schwachhausen,Bürgerpark,POINT (8.829662584000062 53.08547947800008)
8734,11,2023,6,3,15,3,5,3,1,1,0,0,0,0,0,0,8.647067952000043,53.164841540000054,Vegesack,Grohn,POINT (8.647067952000043 53.16484154000005)
8735,11,2023,6,3,11,3,0,7,1,0,0,0,0,0,0,0,8.833691197000064,53.08949613600004,Schwachhausen,Bürgerpark,POINT (8.833691197000064 53.08949613600004)
8736,11,2023,6,3,16,3,3,6,1,1,0,0,0,0,0,0,8.710124646000054,53.149904426000035,Burglesum,Burg-Grambke,POINT (8.710124646000054 53.14990442600003)
8737,11,2023,6,3,10,2,0,1,1,0,0,0,0,0,0,1,8.807593996000037,53.059896938000065,Neustadt,Huckelriede,POINT (8.807593996000037 53.05989693800007)
8738,11,2023,6,3,10,3,5,3,1,1,0,0,0,0,0,0,8.774034628000038,53.08066857600005,Woltmershausen,Woltmershausen,POINT (8.774034628000038 53.08066857600005)
8739,11,2023,6,3,10,3,5,2,1,1,0,0,0,0,0,1,8.878355845000044,53.07908161300003,Vahr,Gartenstadt Vahr,POINT (8.878355845000044 53.07908161300003)
8740,11,2023,6,3,10,2,0,7,1,0,0,0,0,0,0,1,8.832134139000061,53.087538703000064,Schwachhausen,Bürgerpark,POINT (8.832134139000061 53.08753870300006)
8741,12,2023,6,2,13,3,1,5,1,1,0,0,0,0,0,0,8.599708694000071,53.590743700000075,Leherheide,Fehmoor,POINT (8.599708694000071 53.59074370000008)
8742,12,2023,6,2,13,3,5,7,1,0,0,0,0,1,0,0,8.595748522000065,53.52901501100007,Geestemünde,Buschkämpen,POINT (8.595748522000065 53.52901501100007)
8743,12,2023,6,2,10,3,5,3,1,1,0,0,0,0,0,0,8.638192510000067,53.534936842000036,Schiffdorferdamm,Buschkämpen,POINT (8.638192510000067 53.53493684200004)
8744,11,2023,6,2,7,3,5,3,1,1,0,0,0,0,0,0,8.824686095000061,53.084647017000066,Schwachhausen,Bürgerpark,POINT (8.824686095000061 53.08464701700007)
8745,11,2023,6,2,15,3,5,3,1,0,0,0,0,0,0,0,8.788195210000026,53.08204772800008,Walle,Überseestadt,POINT (8.788195210000026 53.08204772800008)
8746,11,2023,6,2,8,3,5,3,1,1,0,0,0,0,0,0,8.787879712000063,53.07238524100006,Neustadt,Hohentor,POINT (8.787879712000063 53.07238524100006)
8747,11,2023,6,2,9,2,5,3,1,1,0,0,0,0,0,0,8.828856487000053,53.03426819200007,Obervieland,Kattenturm,POINT (8.828856487000053 53.03426819200007)
8748,11,2023,6,2,23,3,1,1,1,1,0,0,0,0,2,0,8.57348445100007,53.19931203900006,Blumenthal,Lüssum-Bockhorn,POINT (8.57348445100007 53.19931203900006)
8749,11,2023,6,2,13,3,2,6,1,1,0,0,0,0,0,0,8.627027445000067,53.17764088400003,Vegesack,Vegesack,POINT (8.627027445000067 53.17764088400003)
8750,11,2023,6,1,14,3,4,6,1,0,0,1,0,0,0,0,8.804007476000038,53.07232785300005,Neustadt,Alte Neustadt,POINT (8.804007476000038 53.07232785300005)
8751,11,2023,6,1,18,3,6,4,1,0,1,0,0,0,0,0,8.759800536000057,53.08809103200008,Woltmershausen,Woltmershausen,POINT (8.759800536000057 53.08809103200008)
8752,11,2023,11,1,2,3,0,7,1,0,0,0,0,0,2,0,8.823093382000025,53.07331792200006,Östliche Vorstadt,Steintor,POINT (8.823093382000025 53.07331792200006)
8753,11,2023,6,7,19,2,4,6,1,0,0,0,0,1,0,0,8.618588156000044,53.17582978000007,Vegesack,Vegesack,POINT (8.618588156000044 53.17582978000007)
8754,11,2023,6,6,16,3,6,4,1,0,1,0,0,0,0,0,8.79713842700005,53.07634474300005,Neustadt,Alte Neustadt,POINT (8.79713842700005 53.07634474300005)
8755,11,2023,6,6,17,3,0,6,1,0,0,0,1,0,0,0,8.883674357000075,53.048415582000075,Hemelingen,Hemelingen,POINT (8.883674357000075 53.04841558200008)
8756,11,2023,6,6,15,3,1,5,1,1,0,0,0,0,0,0,8.80522374700007,53.06576826300005,Neustadt,Buntentor,POINT (8.80522374700007 53.06576826300005)
8757,11,2023,6,6,19,3,1,7,1,1,0,0,0,0,0,0,8.80567092900003,53.07154335700005,Neustadt,Alte Neustadt,POINT (8.80567092900003 53.07154335700005)
8758,12,2023,6,5,14,3,1,5,1,1,0,0,0,0,0,0,8.589282056000059,53.530691940000054,Geestemünde,Buschkämpen,POINT (8.589282056000059 53.53069194000005)
8759,12,2023,6,5,15,3,3,6,1,1,0,0,0,0,0,0,8.589741944000025,53.559110230000044,Lehe,Königsheide,POINT (8.589741944000025 53.55911023000004)
8760,11,2023,6,5,13,3,5,2,1,0,0,0,0,1,0,0,8.900777926000046,53.03294374200004,Hemelingen,Hemelingen,POINT (8.900777926000046 53.03294374200004)
8761,11,2023,6,5,8,3,0,7,1,1,0,0,0,0,0,0,8.897684251000044,53.05900010400006,Hemelingen,Sebaldsbrück,POINT (8.897684251000044 53.05900010400006)
8762,11,2023,6,5,7,3,5,3,1,1,0,0,0,0,0,0,8.64061143400005,53.18358363900006,Vegesack,Schönebeck,POINT (8.64061143400005 53.18358363900006)
8763,11,2023,6,5,0,3,0,7,1,0,0,0,0,0,2,0,8.823798323000062,53.07786458900006,Östliche Vorstadt,Fesenfeld,POINT (8.823798323000062 53.07786458900006)
8764,11,2023,6,5,17,3,5,3,1,1,0,0,0,0,0,0,8.723827837000044,53.04619641100004,Huchting,Sodenmatt,POINT (8.723827837000044 53.04619641100004)
8765,11,2023,6,5,9,3,5,3,1,1,0,0,0,0,0,0,8.825080711000055,53.08419999600005,Schwachhausen,Barkhof,POINT (8.825080711000055 53.08419999600005)
8766,11,2023,6,5,15,3,5,3,1,1,0,0,0,0,0,0,8.93372927300004,53.06801401800004,Osterholz,Ellener Feld,POINT (8.93372927300004 53.06801401800004)
8767,11,2023,6,5,14,2,5,3,1,1,0,0,0,0,0,0,8.95929383300006,53.04158851900007,Hemelingen,Mahndorf,POINT (8.959293833000061 53.04158851900007)
8768,12,2023,6,4,17,3,5,3,1,1,0,0,0,0,0,0,8.597950661000027,53.58105139800006,Lehe,Königsheide,POINT (8.597950661000027 53.58105139800006)
8769,11,2023,10,5,7,3,4,6,1,0,0,0,0,0,2,1,8.722178840000026,53.138744829000075,Gröpelingen,Oslebshausen,POINT (8.722178840000026 53.13874482900007)
8770,11,2023,6,4,17,2,5,2,1,1,0,0,0,0,0,0,8.901971747000061,53.071611689000065,Hemelingen,Sebaldsbrück,POINT (8.901971747000061 53.07161168900006)
8771,12,2023,6,3,15,3,0,1,1,0,0,0,0,0,0,0,8.598450005000075,53.52914203800003,Geestemünde,Buschkämpen,POINT (8.598450005000075 53.52914203800003)
8772,11,2023,6,3,15,3,5,3,1,1,0,0,0,0,0,0,8.845431655000027,53.091067750000036,Schwachhausen,Neu-Schwachhausen,POINT (8.845431655000027 53.09106775000004)
8773,11,2023,6,3,10,3,0,3,1,1,0,0,0,0,0,0,8.759583090000035,53.05458668600005,Huchting,Grolland,POINT (8.759583090000035 53.05458668600005)
8774,11,2023,9,5,20,3,0,7,1,0,0,0,0,0,2,0,8.822600550000061,53.07289442600006,Mitte,Ostertor,POINT (8.822600550000061 53.07289442600006)
8775,11,2023,6,3,8,3,5,3,1,1,0,0,0,0,0,0,8.784331579000025,53.09643553400008,Walle,Westend,POINT (8.784331579000025 53.09643553400008)
8776,11,2023,6,3,7,3,5,3,1,0,0,0,0,1,0,0,8.844165388000022,53.075392984000075,Östliche Vorstadt,Hulsberg,POINT (8.844165388000022 53.07539298400008)
8777,11,2023,6,3,8,3,1,5,1,1,0,0,0,0,0,0,8.849473876000047,53.09152252800004,Schwachhausen,Riensberg,POINT (8.849473876000047 53.09152252800004)
8778,11,2023,6,3,15,3,5,3,1,1,0,0,0,0,0,0,8.862529321000068,53.09927995900006,Horn-Lehe,Lehe,POINT (8.862529321000068 53.09927995900006)
8779,12,2023,6,2,19,2,5,3,1,1,0,0,0,0,0,0,8.588288472000045,53.53471591500005,Geestemünde,Buschkämpen,POINT (8.588288472000045 53.53471591500005)
8780,12,2023,6,2,18,3,5,2,1,1,0,0,0,0,0,0,8.601293927000029,53.57350000200006,Lehe,Königsheide,POINT (8.601293927000029 53.57350000200006)
8781,11,2023,6,2,11,3,5,3,1,1,0,0,0,0,0,0,8.952794739000069,53.06602668600004,Osterholz,Tenever,POINT (8.952794739000069 53.06602668600004)
8782,11,2023,6,2,12,3,1,5,1,1,0,0,0,0,0,0,8.818357771000024,53.07995671900005,Mitte,Bahnhofsvorstadt,POINT (8.818357771000024 53.07995671900005)
8783,11,2023,6,2,17,3,5,3,1,0,0,0,0,1,0,0,8.833363065000071,53.07066267700003,Östliche Vorstadt,Steintor,POINT (8.833363065000071 53.07066267700003)
8784,11,2023,6,2,17,3,5,3,1,1,0,0,0,0,0,0,8.782869690000041,53.05710755200005,Neustadt,Neuenland,POINT (8.782869690000041 53.05710755200005)
8785,11,2023,6,1,20,3,8,1,1,0,0,0,0,0,0,0,8.779475322000053,53.10002449800004,Walle,Walle,POINT (8.779475322000053 53.10002449800004)
8786,12,2023,6,6,16,3,5,3,1,1,0,0,0,0,0,0,8.585880127000053,53.58218485800006,Lehe,Königsheide,POINT (8.585880127000053 53.58218485800006)
8787,11,2023,8,6,15,2,1,5,1,1,0,0,0,0,0,0,8.951891174000025,53.06816285200006,Osterholz,Tenever,POINT (8.951891174000025 53.06816285200006)
8788,11,2023,6,6,14,3,5,3,1,1,0,0,0,0,0,0,8.787788144000046,53.07653553500006,Neustadt,Alte Neustadt,POINT (8.787788144000046 53.07653553500006)
8789,11,2023,6,6,16,2,5,3,1,1,0,0,0,0,0,0,8.666723106000063,53.09436384000003,,Strom,POINT (8.666723106000063 53.09436384000003)
8790,11,2023,6,6,21,3,0,1,1,0,0,0,0,0,0,0,8.560233295000046,53.20156469400007,Blumenthal,Lüssum-Bockhorn,POINT (8.560233295000046 53.20156469400007)
8791,12,2023,8,7,21,2,0,1,1,0,0,0,0,0,2,1,8.585290642000075,53.520994391000045,Fischereihafen,Mitte-Süd,POINT (8.585290642000075 53.52099439100004)
8792,12,2023,6,5,14,3,5,2,1,1,0,0,0,0,0,0,8.597949236000034,53.57986300300007,Lehe,Königsheide,POINT (8.597949236000034 53.57986300300007)
8793,11,2023,6,5,19,2,5,3,1,1,0,0,0,0,0,0,8.849980190000053,53.07416042400007,Östliche Vorstadt,Hulsberg,POINT (8.849980190000053 53.07416042400007)
8794,11,2023,6,5,15,3,5,3,1,1,0,0,0,0,0,0,8.808878016000051,53.05898546000003,Neustadt,Huckelriede,POINT (8.808878016000051 53.05898546000003)
8795,11,2023,6,5,5,3,6,4,1,0,1,0,0,0,0,0,8.95044979000005,53.057933939000065,Osterholz,Osterholz,POINT (8.95044979000005 53.05793393900007)
8796,11,2023,6,5,19,2,1,5,1,0,0,0,0,0,0,0,8.81414648200007,53.09060384400004,Findorff,Weidedamm,POINT (8.814146482000069 53.09060384400004)
8797,11,2023,6,5,7,3,4,6,1,0,0,0,0,0,0,0,8.806691339000054,53.08730353300007,Mitte,Bahnhofsvorstadt,POINT (8.806691339000054 53.08730353300007)
8798,11,2023,6,5,8,3,5,3,1,1,0,0,0,0,0,0,8.68306754100007,53.17465391500008,Burglesum,Lesum,POINT (8.683067541000071 53.17465391500008)
8799,11,2023,6,5,12,3,5,3,1,0,0,0,0,1,0,0,8.931961633000071,53.089698756000075,,,POINT (8.931961633000071 53.08969875600008)
8800,11,2023,6,5,13,3,5,3,1,1,0,0,0,0,0,0,8.875785974000053,53.08187880000003,Vahr,Gartenstadt Vahr,POINT (8.875785974000053 53.08187880000003)
8801,12,2023,6,4,11,3,5,3,1,1,0,0,0,0,0,0,8.587139946000036,53.52298596600008,Fischereihafen,Mitte-Süd,POINT (8.587139946000036 53.52298596600008)
8802,12,2023,6,4,11,3,0,1,1,0,0,0,0,0,0,0,8.55008285200006,53.58024426900005,Häfen,Speckenbüttel,POINT (8.55008285200006 53.58024426900005)
8803,11,2023,6,4,7,3,5,3,1,1,0,0,0,0,0,0,8.780405176000045,53.06355797200007,Neustadt,Neuenland,POINT (8.780405176000045 53.06355797200007)
8804,11,2023,6,4,14,3,3,2,1,1,0,0,0,0,0,0,8.82418148000005,53.070301810000046,Mitte,Ostertor,POINT (8.82418148000005 53.07030181000005)
8805,11,2023,6,4,15,3,5,3,1,1,0,0,0,0,0,0,8.782965044000036,53.115523385000074,Walle,Hohweg,POINT (8.782965044000036 53.11552338500007)
8806,12,2023,6,3,22,3,0,1,1,0,0,0,0,0,1,0,8.549955304000036,53.58029411600006,Häfen,Speckenbüttel,POINT (8.549955304000036 53.58029411600006)
8807,11,2023,8,5,16,3,5,3,1,1,0,0,0,0,0,0,8.803644374000044,53.096152096000026,Findorff,Regensburger Str.,POINT (8.803644374000044 53.09615209600003)
8808,11,2023,6,3,12,3,6,4,1,0,1,0,0,0,0,0,8.773295011000073,53.07753436400003,Woltmershausen,Woltmershausen,POINT (8.773295011000073 53.07753436400003)
8809,11,2023,6,3,18,3,5,3,1,1,0,0,0,0,0,0,8.770086708000065,53.11417772800007,Gröpelingen,Gröpelingen,POINT (8.770086708000065 53.11417772800007)
8810,11,2023,6,3,15,3,5,3,1,1,0,0,0,0,0,0,8.787686023000049,53.07004505100008,Neustadt,Hohentor,POINT (8.787686023000049 53.07004505100008)
8811,11,2023,6,3,17,3,5,3,1,1,0,0,0,0,0,0,8.826169697000068,53.034341107000046,Obervieland,Kattenturm,POINT (8.826169697000068 53.03434110700005)
8812,11,2023,6,3,21,3,5,2,1,1,0,0,0,0,2,0,8.786379193000073,53.07456678300008,Neustadt,Alte Neustadt,POINT (8.786379193000073 53.07456678300008)
8813,11,2023,6,3,8,2,4,2,1,1,0,0,0,0,0,0,8.853992670000025,53.06610842200007,Hemelingen,Hastedt,POINT (8.853992670000025 53.06610842200007)
8814,11,2023,6,3,14,3,5,3,1,0,0,0,0,0,0,0,8.831049316000076,53.040835695000055,Obervieland,Kattenturm,POINT (8.831049316000076 53.04083569500006)
8815,11,2023,6,3,10,3,5,3,1,1,0,0,0,0,0,0,8.60171654900006,53.17746117100006,Vegesack,Fähr-Lobbendorf,POINT (8.601716549000059 53.17746117100006)
8816,12,2023,6,2,17,3,5,2,1,1,0,0,0,0,0,0,8.582751795000036,53.55407400200005,Lehe,Königsheide,POINT (8.582751795000036 53.55407400200005)
8817,12,2023,6,2,12,3,0,1,1,0,0,0,0,0,0,0,8.597730415000058,53.53438362500003,Geestemünde,Buschkämpen,POINT (8.597730415000058 53.53438362500003)
8818,11,2023,6,2,15,3,6,4,1,0,1,0,0,0,0,0,8.802336172000025,53.084844126000064,Mitte,Bahnhofsvorstadt,POINT (8.802336172000025 53.08484412600006)
8819,11,2023,6,2,12,3,3,6,1,0,0,0,1,0,0,0,8.796697368000025,53.08115814800004,Mitte,Altstadt,POINT (8.796697368000025 53.08115814800004)
8820,11,2023,6,2,19,3,3,6,1,0,0,0,0,0,0,0,8.852290604000075,53.07339153000004,Östliche Vorstadt,Hulsberg,POINT (8.852290604000075 53.07339153000004)
8821,11,2023,6,2,7,3,5,3,1,1,0,0,0,0,0,0,8.825064104000035,53.08459379700008,Schwachhausen,Bürgerpark,POINT (8.825064104000035 53.08459379700008)
8822,11,2023,6,2,7,3,5,2,1,1,0,0,0,0,0,0,8.941359263000038,53.05842500500006,Osterholz,Ellenerbrok-Schevemoor,POINT (8.941359263000038 53.05842500500006)
8823,12,2023,6,1,16,3,0,1,1,0,0,0,0,0,0,0,8.573987543000044,53.547344527000064,Mitte,Weddewarden,POINT (8.573987543000044 53.54734452700006)
8824,12,2023,6,7,20,3,5,2,1,1,0,0,0,0,0,0,8.596567078000021,53.57229075500004,Lehe,Königsheide,POINT (8.596567078000021 53.57229075500004)
8825,11,2023,6,7,17,3,6,4,1,0,1,0,0,0,0,0,8.786826714000028,53.10352254400004,Walle,Osterfeuerberg,POINT (8.786826714000028 53.10352254400004)
8826,11,2023,6,7,22,2,0,7,1,0,0,0,0,0,2,0,8.864127289000066,53.062727324000036,Hemelingen,Hastedt,POINT (8.864127289000066 53.06272732400004)
8827,11,2023,6,7,17,2,5,3,1,1,0,0,0,0,0,0,8.603270670000029,53.18464940900003,Vegesack,Fähr-Lobbendorf,POINT (8.603270670000029 53.18464940900003)
8828,11,2023,6,7,18,2,5,3,1,1,0,0,0,0,0,0,8.964278880000052,53.06320186500005,Osterholz,Tenever,POINT (8.964278880000052 53.06320186500005)
8829,12,2023,6,6,10,3,5,3,1,1,0,0,0,0,0,0,8.594027935000042,53.54766720300006,Geestemünde,Buschkämpen,POINT (8.594027935000042 53.54766720300006)
8830,11,2023,9,2,16,3,0,1,1,0,0,0,0,0,0,0,8.827113371000053,53.035728850000055,Obervieland,Kattenturm,POINT (8.827113371000053 53.03572885000005)
8831,11,2023,6,6,15,3,3,6,1,0,0,0,0,0,0,0,8.809647196000071,53.088614860000064,Findorff,Findorff-Bürgerweide,POINT (8.809647196000071 53.08861486000006)
8832,11,2023,6,6,14,3,5,3,1,1,0,0,0,0,0,0,8.889182477000077,53.085966289000055,Vahr,Neue Vahr Nord,POINT (8.889182477000077 53.08596628900005)
8833,11,2023,6,6,8,3,2,6,1,1,0,0,0,0,0,0,8.817295391000073,53.07905175600007,Mitte,Bahnhofsvorstadt,POINT (8.817295391000073 53.07905175600007)
8834,11,2023,6,5,11,3,1,5,1,0,0,0,0,1,0,0,8.793624343000033,53.09167565700005,Walle,Utbremen,POINT (8.793624343000033 53.09167565700005)
8835,11,2023,6,5,18,3,0,7,1,0,0,0,0,0,0,0,8.830999975000054,53.08580912200006,Schwachhausen,Bürgerpark,POINT (8.830999975000054 53.08580912200006)
8836,11,2023,6,5,17,3,5,3,1,1,0,0,0,0,0,0,8.877078030000064,53.085866966000026,Schwachhausen,Radio Bremen,POINT (8.877078030000064 53.08586696600003)
8837,11,2023,6,5,17,3,4,6,1,0,0,0,0,0,0,0,8.841380224000034,53.04119827000005,Obervieland,Kattenturm,POINT (8.841380224000034 53.04119827000005)
8838,11,2023,6,5,17,3,5,3,1,1,0,0,0,0,0,0,8.781349385000055,53.05509972700003,Neustadt,Neuenland,POINT (8.781349385000055 53.05509972700003)
8839,11,2023,8,4,11,3,3,2,1,1,0,0,0,0,0,0,8.809542147000059,53.05842710400003,Neustadt,Huckelriede,POINT (8.809542147000059 53.05842710400003)
8840,12,2023,5,4,7,3,5,3,1,1,0,0,0,0,0,0,8.610890231000042,53.59604557700004,Leherheide,Fehmoor,POINT (8.610890231000042 53.59604557700004)
8841,11,2023,5,4,16,3,1,5,1,1,0,0,0,0,0,0,8.804047040000057,53.06647971800004,Neustadt,Buntentor,POINT (8.804047040000057 53.06647971800004)
8842,11,2023,5,4,13,3,1,5,1,1,0,0,0,0,0,0,8.849731544000065,53.06953623800007,Östliche Vorstadt,Peterswerder,POINT (8.849731544000065 53.06953623800007)
8843,11,2023,5,4,7,3,4,6,1,0,0,0,0,0,0,0,8.814329216000033,53.081429237000066,Mitte,Bahnhofsvorstadt,POINT (8.814329216000033 53.08142923700007)
8844,11,2023,5,4,14,3,5,2,1,1,0,0,0,0,0,0,8.854807773000061,53.07643739400004,Schwachhausen,Gete,POINT (8.854807773000061 53.07643739400004)
8845,11,2023,5,4,15,3,5,3,1,0,0,0,0,1,0,0,8.825245708000068,53.084354672000075,Schwachhausen,Bürgerpark,POINT (8.825245708000068 53.08435467200007)
8846,11,2023,5,4,5,3,0,7,1,0,0,0,0,0,1,0,8.88276238800006,53.10077716400008,Horn-Lehe,Lehe,POINT (8.88276238800006 53.10077716400008)
8847,12,2023,5,3,20,3,5,3,1,1,0,0,0,0,0,0,8.588764180000055,53.49373553800007,Fischereihafen,Mitte-Süd,POINT (8.588764180000055 53.49373553800007)
8848,11,2023,5,3,8,3,5,2,1,0,0,0,0,0,0,0,8.741055694000067,53.046919642000034,Huchting,Kirchhuchting,POINT (8.741055694000067 53.04691964200003)
8849,11,2023,5,3,13,3,5,2,1,0,0,0,1,0,0,0,8.897305732000063,53.05860583600003,Hemelingen,Sebaldsbrück,POINT (8.897305732000063 53.05860583600003)
8850,12,2023,8,7,22,3,2,6,1,1,0,0,0,0,2,0,8.599324075000027,53.57021883200008,Lehe,Königsheide,POINT (8.599324075000027 53.57021883200008)
8851,11,2023,5,2,22,3,5,2,1,1,0,0,0,0,2,0,8.831505549000042,53.081263472000046,Schwachhausen,Schwachhausen,POINT (8.831505549000042 53.08126347200005)
8852,11,2023,5,2,14,3,4,6,1,0,0,0,0,0,0,0,8.891066784000031,53.13228821200005,,Borgfeld,POINT (8.891066784000031 53.13228821200005)
8853,11,2023,5,1,16,3,5,3,1,1,0,0,0,0,0,0,8.848064562000047,53.050985687000036,Obervieland,Habenhausen,POINT (8.848064562000047 53.05098568700004)
8854,11,2023,5,1,19,3,6,3,1,0,1,0,0,0,0,0,8.777220449000026,53.106615454000064,Walle,Walle,POINT (8.777220449000026 53.10661545400006)
8855,11,2023,5,1,14,3,5,3,1,1,0,0,0,0,0,0,8.893749886000023,53.11186575000005,Horn-Lehe,Lehesterdeich,POINT (8.893749886000023 53.11186575000005)
8856,11,2023,5,1,15,3,5,3,1,1,0,0,0,0,0,0,8.823172248000049,53.073089269000036,Östliche Vorstadt,Steintor,POINT (8.823172248000049 53.07308926900004)
8857,12,2023,5,7,20,3,0,1,1,0,0,0,0,0,0,0,8.59101934000006,53.529601540000044,Geestemünde,Buschkämpen,POINT (8.591019340000059 53.52960154000004)
8858,11,2023,6,6,16,3,0,7,1,0,1,0,0,0,0,0,8.833104595000066,53.08632682600006,Schwachhausen,Bürgerpark,POINT (8.833104595000066 53.08632682600006)
8859,11,2023,5,7,18,2,5,3,1,0,0,1,0,0,0,0,8.944342530000029,53.03843934500003,Hemelingen,Mahndorf,POINT (8.944342530000029 53.03843934500003)
8860,11,2023,9,3,16,3,3,6,1,1,0,0,0,0,0,0,8.805159942000046,53.074276918000066,Mitte,Altstadt,POINT (8.805159942000046 53.07427691800007)