,UKREIS,UJAHR,UMONAT,UWOCHENTAG,USTUNDE,UKATEGORIE,UART,UTYP1,IstRad,IstPKW,IstFuss,IstKrad,IstGkfz,IstSonstig,ULICHTVERH,STRZUSTAND,longitude,latitude,Stadtteil,Ortsteil,geometry
9018,11,2024,4,3,8,3,5,3,1,1,0,0,0,0,0,0,8.781098202000067,53.05508814500007,Neustadt,Neuenland,POINT (8.781098202000067 53.05508814500007)
9019,12,2024,4,2,17,3,5,3,1,1,0,0,0,0,0,0,8.585221984000043,53.55759628200008,Lehe,Königsheide,POINT (8.585221984000043 53.55759628200008)
9020,11,2024,4,2,18,3,5,7,1,1,0,0,0,0,0,0,8.791157575000057,53.091492208000034,Walle,Utbremen,POINT (8.791157575000057 53.09149220800003)
9021,11,2024,4,2,10,3,5,3,1,1,0,0,0,0,0,0,8.757897710000066,53.05813674400008,Huchting,Grolland,POINT (8.757897710000066 53.05813674400008)
9022,11,2024,4,2,14,3,5,2,1,1,0,0,0,0,0,0,8.866581661000055,53.06217960300006,Hemelingen,Hastedt,POINT (8.866581661000055 53.06217960300006)
9023,11,2024,4,2,20,3,0,1,1,0,0,0,0,0,0,0,8.778475812000067,53.06916092200004,Neustadt,Hohentor,POINT (8.778475812000067 53.06916092200004)
9024,11,2024,4,1,11,2,0,7,1,0,0,0,0,0,0,0,8.796830830000033,53.07614175100008,Neustadt,Alte Neustadt,POINT (8.796830830000033 53.07614175100008)
9025,12,2024,4,7,20,3,5,3,1,1,0,0,0,0,2,0,8.594670647000044,53.56966116000007,Lehe,Königsheide,POINT (8.594670647000044 53.56966116000007)
9026,12,2024,4,7,13,2,0,1,1,0,0,0,0,0,0,0,8.575613627000052,53.531735928000046,Geestemünde,Buschkämpen,POINT (8.575613627000052 53.53173592800005)
9027,11,2024,4,7,17,3,0,1,1,0,0,0,0,0,0,1,8.828674369000055,53.07223527500008,Östliche Vorstadt,Steintor,POINT (8.828674369000055 53.07223527500008)
9028,11,2024,4,7,19,3,6,4,1,0,1,0,0,0,0,1,8.809393582000041,53.07765827800006,Mitte,Altstadt,POINT (8.809393582000041 53.07765827800006)
9029,12,2024,4,6,18,3,5,3,1,1,0,0,0,0,0,0,8.612096687000076,53.58759665600007,Leherheide,Fehmoor,POINT (8.612096687000076 53.58759665600007)
9030,11,2024,4,6,18,3,5,3,1,1,0,0,0,0,0,0,8.876284560000045,53.081378778000044,Vahr,Gartenstadt Vahr,POINT (8.876284560000045 53.08137877800004)
9031,11,2024,4,5,7,3,5,3,1,1,0,0,0,0,0,0,8.865928709000059,53.100792726000066,Horn-Lehe,Lehe,POINT (8.865928709000059 53.10079272600007)
9032,11,2024,4,4,17,3,5,3,1,0,0,0,1,0,0,0,8.736660699000026,53.04549311900007,Huchting,Kirchhuchting,POINT (8.736660699000026 53.04549311900007)
9033,11,2024,4,4,11,2,0,7,1,0,0,0,0,0,0,1,8.774248249000038,53.108018780000066,Walle,Walle,POINT (8.774248249000038 53.10801878000007)
9034,11,2024,4,4,10,3,0,2,1,1,0,0,0,0,0,0,8.796752337000044,53.06466580500006,Neustadt,Südervorstadt,POINT (8.796752337000044 53.06466580500006)
9035,11,2024,4,2,12,3,5,3,1,1,0,0,0,0,0,0,8.890200177000054,53.08216028800007,Vahr,Neue Vahr Südwest,POINT (8.890200177000054 53.08216028800007)
9036,11,2024,4,2,19,3,5,2,1,1,0,0,0,0,0,0,8.79362631600003,53.088530234000075,Walle,Utbremen,POINT (8.793626316000029 53.08853023400007)
9037,11,2024,4,1,16,3,0,1,1,0,0,0,0,0,0,0,8.765240336000033,53.12729998000003,Gröpelingen,In den Wischen,POINT (8.765240336000033 53.12729998000003)
9038,11,2024,4,1,14,3,0,2,1,1,0,0,0,0,0,0,8.657888856000056,53.17475215200005,Burglesum,St.Magnus,POINT (8.657888856000056 53.17475215200005)
9039,11,2024,4,1,23,3,1,7,1,1,0,0,0,0,2,0,8.800470302000065,53.080097229000046,Mitte,Altstadt,POINT (8.800470302000065 53.08009722900005)
9040,11,2024,4,7,15,3,4,6,1,0,0,0,0,0,0,0,8.84283627000002,53.08892214400004,Schwachhausen,Riensberg,POINT (8.842836270000021 53.08892214400004)
9041,12,2024,4,6,16,3,0,1,1,1,0,0,0,0,0,0,8.581391495000048,53.55201711700005,Lehe,Königsheide,POINT (8.581391495000048 53.55201711700005)
9042,12,2024,4,6,15,3,5,3,1,1,0,0,0,0,0,0,8.579759101000036,53.547554422000076,Mitte,Weddewarden,POINT (8.579759101000036 53.54755442200008)
9043,11,2024,4,6,7,3,5,2,1,1,0,0,0,0,1,1,8.784032255000056,53.07556757700007,Woltmershausen,Woltmershausen,POINT (8.784032255000056 53.07556757700007)
9044,11,2024,4,6,13,3,0,7,1,0,0,0,0,1,0,1,8.849332868000033,53.086210709000056,Schwachhausen,Riensberg,POINT (8.849332868000033 53.08621070900006)
9045,11,2024,4,5,20,3,0,7,1,0,0,0,0,0,1,0,8.617059030000064,53.173618254000075,Vegesack,Vegesack,POINT (8.617059030000064 53.17361825400008)
9046,11,2024,4,5,20,3,5,3,1,1,0,0,0,0,1,0,8.780511647000026,53.06812241100005,Neustadt,Hohentor,POINT (8.780511647000026 53.06812241100005)
9047,11,2024,4,4,18,3,5,3,1,1,0,0,0,0,0,1,8.871043385000064,53.06807375500006,Hemelingen,Hastedt,POINT (8.871043385000064 53.06807375500006)
9048,11,2024,4,4,16,3,0,7,1,0,1,0,0,0,0,0,8.799973357000056,53.07050891400007,Neustadt,Alte Neustadt,POINT (8.799973357000056 53.07050891400007)
9049,11,2024,4,4,15,3,5,2,1,1,0,0,0,0,0,0,8.803245265000044,53.080242336000026,Mitte,Altstadt,POINT (8.803245265000044 53.08024233600003)
9050,11,2024,4,3,15,3,3,2,1,1,0,0,0,0,0,1,8.791442423000035,53.095149493000065,Walle,Westend,POINT (8.791442423000035 53.09514949300006)
9051,11,2024,4,3,16,3,0,3,1,1,0,0,0,0,0,0,8.86257495700005,53.099306056000046,Horn-Lehe,Lehe,POINT (8.862574957000049 53.09930605600005)
9052,12,2024,4,2,16,3,5,3,1,1,0,0,0,0,0,1,8.594485053000028,53.52686858200008,Geestemünde,Buschkämpen,POINT (8.594485053000028 53.52686858200008)
9053,11,2024,4,2,17,3,5,3,1,0,0,0,0,0,0,1,8.849163868000062,53.07887805400003,Schwachhausen,Gete,POINT (8.849163868000062 53.07887805400003)
9054,11,2024,4,2,10,2,3,6,1,0,0,0,0,1,0,0,8.854174218000026,53.08255971900007,Schwachhausen,Radio Bremen,POINT (8.854174218000026 53.08255971900007)
9055,11,2024,4,1,18,3,5,3,1,1,0,0,0,0,0,0,8.857695739000064,53.08584835900007,Schwachhausen,Radio Bremen,POINT (8.857695739000064 53.08584835900007)
9056,11,2024,4,7,17,3,1,7,1,0,0,0,0,0,0,0,8.825077987000043,53.084597977000044,Schwachhausen,Bürgerpark,POINT (8.825077987000043 53.08459797700004)
9057,11,2024,4,7,15,3,5,3,1,0,0,1,0,0,0,0,8.836584910000056,53.06813389300004,Östliche Vorstadt,Peterswerder,POINT (8.836584910000056 53.06813389300004)
9058,11,2024,4,6,6,3,5,3,1,1,0,0,0,0,1,0,8.720663296000055,53.13231789500003,Häfen,Industriehäfen,POINT (8.720663296000055 53.13231789500003)
9059,11,2024,4,6,13,3,5,2,1,1,0,0,0,0,0,0,8.787368858000036,53.075970667000036,Neustadt,Alte Neustadt,POINT (8.787368858000036 53.07597066700004)
9060,11,2024,4,6,18,3,5,3,1,1,0,0,0,0,0,0,8.897381666000058,53.058591800000045,Hemelingen,Sebaldsbrück,POINT (8.897381666000058 53.05859180000004)
9061,11,2024,4,6,21,1,5,3,1,0,0,0,0,1,2,0,8.854953829000067,53.11057070000004,Horn-Lehe,Lehe,POINT (8.854953829000067 53.11057070000004)
9062,11,2024,4,6,11,2,3,6,1,0,0,0,0,1,0,0,8.768660302000058,53.11111161100007,Gröpelingen,Gröpelingen,POINT (8.768660302000058 53.11111161100007)
9063,11,2024,4,6,15,3,4,6,1,0,0,0,0,1,0,0,8.618466173000058,53.19044603800006,Vegesack,Aumund-Hammersbeck,POINT (8.618466173000058 53.19044603800006)
9064,11,2024,4,5,15,3,5,3,1,1,0,0,0,0,0,0,8.785547782000037,53.074876360000076,Neustadt,Hohentor,POINT (8.785547782000037 53.07487636000008)
9065,11,2024,4,5,17,3,5,3,1,1,0,0,0,0,0,0,8.940108420000058,53.05848445200007,Osterholz,Osterholz,POINT (8.940108420000058 53.05848445200007)
9066,11,2024,4,5,14,3,4,6,1,1,0,0,0,0,0,0,8.784531221000066,53.10475669400006,Walle,Walle,POINT (8.784531221000066 53.10475669400006)
9067,11,2024,4,5,14,3,0,6,1,1,0,0,0,0,0,0,8.83937557400003,53.08279202600005,Schwachhausen,Gete,POINT (8.83937557400003 53.08279202600005)
9068,12,2024,4,4,11,3,5,3,1,1,0,0,0,0,0,0,8.601876548000064,53.52980923300004,Geestemünde,Buschkämpen,POINT (8.601876548000064 53.52980923300004)
9069,11,2024,4,4,5,3,5,3,1,1,0,0,0,0,0,0,8.786418437000066,53.07466088400008,Neustadt,Alte Neustadt,POINT (8.786418437000066 53.07466088400008)
9070,12,2024,4,3,15,3,5,3,1,1,0,0,0,0,0,1,8.580444957000054,53.554959643000075,Lehe,Königsheide,POINT (8.580444957000054 53.55495964300007)
9071,11,2024,4,2,16,2,5,3,1,1,0,0,0,0,0,0,8.561875791000034,53.183260380000036,Blumenthal,Blumenthal,POINT (8.561875791000034 53.18326038000004)
9072,11,2024,4,2,18,3,0,7,1,0,1,0,0,0,0,0,8.882155957000066,53.10100750600003,Horn-Lehe,Lehe,POINT (8.882155957000066 53.10100750600003)
9073,11,2024,4,2,15,3,2,6,1,0,0,0,0,0,0,0,8.830449826000063,53.08567579000004,Schwachhausen,Bürgerpark,POINT (8.830449826000063 53.08567579000004)
9074,11,2024,4,2,14,3,5,2,1,1,0,0,0,0,0,0,8.757771282000022,53.05853603000003,Huchting,Grolland,POINT (8.757771282000022 53.05853603000003)
9075,11,2024,4,2,14,3,3,2,1,0,0,0,0,1,0,0,8.804352454000025,53.07252526500008,Mitte,Altstadt,POINT (8.804352454000025 53.07252526500008)
9076,11,2024,4,7,11,3,5,2,1,1,0,0,0,0,0,0,8.786777739000058,53.07450561600007,Neustadt,Alte Neustadt,POINT (8.786777739000058 53.07450561600007)
9077,11,2024,4,2,19,2,0,7,1,0,0,0,0,0,0,0,8.830243075000055,53.08177112800007,Schwachhausen,Barkhof,POINT (8.830243075000055 53.08177112800007)
9078,11,2024,4,1,17,3,5,3,1,1,0,0,0,0,0,0,8.856117737000034,53.10366208000005,Horn-Lehe,Lehe,POINT (8.856117737000034 53.10366208000005)
9079,11,2024,4,1,14,3,5,3,1,1,0,0,0,0,0,0,8.849577986000043,53.085249814000065,Schwachhausen,Schwachhausen,POINT (8.849577986000043 53.08524981400006)
9080,11,2024,4,7,12,3,4,6,1,0,0,0,0,0,0,0,8.80140358500006,53.06924546600004,Neustadt,Alte Neustadt,POINT (8.80140358500006 53.06924546600004)
9081,11,2024,4,6,23,3,5,2,1,1,0,0,0,0,2,0,8.84848426700006,53.05029618100008,Obervieland,Habenhausen,POINT (8.84848426700006 53.05029618100008)
9082,11,2024,4,5,16,3,5,3,1,1,0,0,0,0,0,1,8.61650675200002,53.175229957000056,Vegesack,Vegesack,POINT (8.616506752000021 53.17522995700006)
9083,11,2024,4,5,13,3,5,2,1,1,0,0,0,0,0,1,8.555837574000066,53.19115213400005,Blumenthal,Rönnebeck,POINT (8.555837574000066 53.19115213400005)
9084,11,2024,4,5,16,3,1,5,1,1,0,0,0,0,0,0,8.818370965000042,53.072431118000054,Mitte,Ostertor,POINT (8.818370965000042 53.07243111800005)
9085,11,2024,4,3,13,3,4,6,1,0,1,0,0,0,0,0,8.802553052000064,53.070464075000075,Neustadt,Alte Neustadt,POINT (8.802553052000064 53.07046407500007)
9086,11,2024,4,3,20,3,5,2,1,1,0,0,0,0,2,1,8.79561770500004,53.06757732500006,Neustadt,Südervorstadt,POINT (8.795617705000041 53.06757732500006)
9087,11,2024,4,2,18,3,5,3,1,1,0,0,0,0,0,1,8.78614447800004,53.10308823300005,Walle,Walle,POINT (8.78614447800004 53.10308823300005)
9088,12,2024,3,1,16,3,4,6,1,0,0,0,0,0,0,0,8.588362111000038,53.52502285800006,Geestemünde,Buschkämpen,POINT (8.588362111000038 53.52502285800006)
9089,11,2024,3,1,21,2,5,3,1,1,0,0,0,0,1,0,8.785207760000048,53.10231592000008,Walle,Walle,POINT (8.785207760000048 53.10231592000008)
9090,12,2024,3,7,13,3,0,1,1,0,0,0,0,0,0,0,8.567348581000033,53.55098049700007,Häfen,Speckenbüttel,POINT (8.567348581000033 53.55098049700007)
9091,11,2024,3,7,22,3,5,3,1,1,0,0,0,0,2,0,8.825104389000046,53.08418684000003,Schwachhausen,Barkhof,POINT (8.825104389000046 53.08418684000003)
9092,12,2024,3,6,19,3,0,1,1,0,0,0,0,0,2,0,8.60287478500004,53.485395777000065,Fischereihafen,Mitte-Süd,POINT (8.60287478500004 53.48539577700006)
9093,12,2024,3,5,9,3,1,5,1,1,0,0,0,0,0,1,8.582165001000021,53.55313392700003,Lehe,Königsheide,POINT (8.582165001000021 53.55313392700003)
9094,12,2024,3,5,23,2,0,1,1,0,0,0,0,0,2,0,8.59360354000006,53.51412609100004,Wulsdorf,Geestemünde-Süd,POINT (8.593603540000061 53.51412609100004)
9095,11,2024,3,5,12,3,3,2,1,1,0,0,0,0,0,0,8.814436400000034,53.101039523000054,Findorff,Weidedamm,POINT (8.814436400000034 53.10103952300005)
9096,11,2024,3,5,16,3,1,5,1,1,0,0,0,0,0,0,8.758598972000073,53.11579472400007,Gröpelingen,Lindenhof,POINT (8.758598972000073 53.11579472400007)
9097,11,2024,4,3,16,3,0,3,1,1,0,0,0,0,0,0,8.825208806000035,53.08455842200004,Schwachhausen,Bürgerpark,POINT (8.825208806000035 53.08455842200004)
9098,11,2024,3,5,7,3,2,6,1,1,0,0,0,0,0,1,8.87893032200003,53.07911402600007,Vahr,Neue Vahr Südwest,POINT (8.878930322000031 53.07911402600007)
9099,11,2024,3,4,15,3,0,3,1,1,0,0,0,0,0,0,8.94533172000007,53.07803216500008,,,POINT (8.94533172000007 53.07803216500008)
9100,11,2024,3,4,15,3,3,2,1,0,0,0,0,1,0,0,8.896884202000024,53.05900210200008,Hemelingen,Sebaldsbrück,POINT (8.896884202000024 53.05900210200008)
9101,11,2024,3,4,15,3,5,3,1,1,0,0,0,0,0,0,8.94533172000007,53.07803216500008,,,POINT (8.94533172000007 53.07803216500008)
9102,11,2024,3,3,16,3,1,7,1,1,0,0,0,0,0,0,8.806571405000057,53.065519764000044,Neustadt,Buntentor,POINT (8.806571405000057 53.06551976400004)
9103,11,2024,3,3,15,3,1,5,1,1,0,0,0,0,0,0,8.780453545000057,53.10161626300004,Walle,Walle,POINT (8.780453545000057 53.10161626300004)
9104,11,2024,3,3,8,3,3,2,1,1,0,0,0,0,0,0,8.812849179000068,53.08107178700004,Mitte,Bahnhofsvorstadt,POINT (8.812849179000068 53.08107178700004)
9105,11,2024,3,3,20,3,5,2,1,0,0,0,0,1,2,0,8.808658760000071,53.08318737500008,Mitte,Bahnhofsvorstadt,POINT (8.808658760000071 53.08318737500008)
9106,11,2024,3,3,10,3,0,3,1,1,0,0,0,0,0,0,8.875787368000033,53.08187743800005,Vahr,Gartenstadt Vahr,POINT (8.875787368000033 53.08187743800005)
9107,11,2024,3,2,7,3,5,3,1,0,0,0,0,0,1,1,8.821018189000029,53.06694722300006,Neustadt,Huckelriede,POINT (8.821018189000029 53.06694722300006)
9108,11,2024,3,6,10,2,5,2,1,1,0,0,0,0,0,0,8.612405093000064,53.17505051200004,Vegesack,Vegesack,POINT (8.612405093000064 53.17505051200004)
9109,11,2024,3,6,15,3,5,3,1,1,0,0,0,0,0,1,8.874136573000044,53.08366761900004,Schwachhausen,Radio Bremen,POINT (8.874136573000044 53.08366761900004)
9110,11,2024,3,6,22,3,5,2,1,1,0,0,0,0,2,1,8.837288700000045,53.07688579000006,Östliche Vorstadt,Fesenfeld,POINT (8.837288700000045 53.07688579000006)
9111,12,2024,3,5,11,3,5,3,1,1,0,0,0,0,0,0,8.586019966000038,53.55924547700005,Lehe,Königsheide,POINT (8.586019966000038 53.55924547700005)
9112,12,2024,3,5,12,3,0,1,1,0,0,0,0,0,0,0,8.60351754100003,53.58622712200008,Leherheide,Fehmoor,POINT (8.603517541000031 53.58622712200008)
9113,11,2024,3,5,13,3,3,6,1,1,0,0,0,0,0,0,8.880505639000035,53.07670500100005,Vahr,Gartenstadt Vahr,POINT (8.880505639000035 53.07670500100005)
9114,11,2024,3,5,5,2,5,3,1,1,0,0,0,0,2,1,8.704964895000046,53.14095406700005,Häfen,Industriehäfen,POINT (8.704964895000046 53.14095406700005)
9115,11,2024,3,4,12,3,0,7,1,1,0,0,0,0,0,0,8.774843814000064,53.080210529000055,Woltmershausen,Woltmershausen,POINT (8.774843814000064 53.08021052900006)
9116,11,2024,3,4,12,3,5,3,1,1,0,0,0,0,0,0,8.899923776000037,53.12182540300006,,Borgfeld,POINT (8.899923776000037 53.12182540300006)
9117,11,2024,3,3,7,3,4,6,1,0,0,0,0,1,0,0,8.789714222000043,53.08668135100004,Walle,Utbremen,POINT (8.789714222000043 53.08668135100004)
9118,11,2024,3,3,16,3,3,6,1,0,0,0,0,0,0,0,8.881898516000035,53.10313069800003,Horn-Lehe,Lehesterdeich,POINT (8.881898516000035 53.10313069800003)
9119,11,2024,3,3,16,3,3,6,1,0,0,0,0,0,0,0,8.823748451000029,53.07720554200006,Östliche Vorstadt,Fesenfeld,POINT (8.823748451000029 53.07720554200006)
9120,11,2024,3,3,8,3,1,7,1,1,0,0,0,0,0,0,8.81000490300005,53.07698882400007,Mitte,Altstadt,POINT (8.810004903000049 53.07698882400007)
9121,11,2024,3,3,13,3,4,6,1,0,0,0,0,1,0,0,8.824753470000076,53.075133390000076,Östliche Vorstadt,Steintor,POINT (8.824753470000076 53.07513339000008)
9122,11,2024,3,2,6,3,5,2,1,1,0,0,0,0,1,0,8.914053184000068,53.06823849300008,Hemelingen,Sebaldsbrück,POINT (8.914053184000068 53.06823849300008)
9123,11,2024,3,2,12,3,5,2,1,1,0,0,0,0,0,1,8.810949699000048,53.07171206700008,Mitte,Altstadt,POINT (8.810949699000048 53.07171206700008)
9124,11,2024,3,2,12,3,5,3,1,0,0,0,0,1,0,1,8.790026329000057,53.104131291000044,Walle,Osterfeuerberg,POINT (8.790026329000057 53.10413129100004)
9125,11,2024,3,2,16,3,5,3,1,1,0,0,0,0,0,1,8.792580207000071,53.085715048000054,Walle,Utbremen,POINT (8.792580207000071 53.08571504800005)
9126,11,2024,3,2,16,3,5,3,1,1,0,0,0,0,0,1,8.872692564000033,53.077661782000064,Vahr,Gartenstadt Vahr,POINT (8.872692564000033 53.07766178200006)
9127,11,2024,3,2,16,2,5,3,1,1,0,0,0,0,0,1,8.861830463000047,53.09935136900003,Horn-Lehe,Lehe,POINT (8.861830463000047 53.09935136900003)
9128,11,2024,3,6,10,3,0,7,1,0,0,0,0,0,0,1,8.827667406000046,53.07255860200007,Östliche Vorstadt,Steintor,POINT (8.827667406000046 53.07255860200007)
9129,11,2024,3,6,7,3,3,6,1,0,0,0,0,0,0,0,8.802264485000023,53.09826957200005,Findorff,Regensburger Str.,POINT (8.802264485000023 53.09826957200005)
9130,11,2024,3,6,15,3,6,7,1,0,1,0,0,0,0,0,8.804278903000068,53.062230115000034,Neustadt,Buntentor,POINT (8.804278903000068 53.06223011500003)
9131,11,2024,3,6,14,2,6,2,1,0,1,0,0,0,0,0,8.737972629000069,53.04290335300004,Huchting,Kirchhuchting,POINT (8.737972629000069 53.04290335300004)
9132,12,2024,3,4,7,3,5,3,1,1,0,0,0,0,0,0,8.59071115300003,53.54079900500005,Geestemünde,Buschkämpen,POINT (8.590711153000029 53.54079900500005)
9133,11,2024,3,4,7,3,5,3,1,1,0,0,0,0,0,0,8.89675027900006,53.05874833300004,Hemelingen,Sebaldsbrück,POINT (8.896750279000059 53.05874833300004)
9134,11,2024,3,4,13,3,5,2,1,1,0,0,0,0,0,0,8.825656971000058,53.08444913300008,Schwachhausen,Bürgerpark,POINT (8.825656971000058 53.08444913300008)
9135,11,2024,3,4,17,3,5,3,1,0,0,0,0,1,2,0,8.619073158000049,53.180482416000075,Vegesack,Vegesack,POINT (8.619073158000049 53.18048241600007)
9136,11,2024,3,4,8,3,5,3,1,1,0,0,0,0,0,0,8.870748942000034,53.09589783700005,Horn-Lehe,Horn,POINT (8.870748942000034 53.09589783700005)
9137,11,2024,3,3,15,3,5,3,1,1,0,0,0,0,0,0,8.800609190000046,53.07209537400007,Neustadt,Alte Neustadt,POINT (8.800609190000046 53.07209537400007)
9138,12,2024,3,2,14,3,5,3,1,1,0,0,0,0,0,0,8.587358832000064,53.51265039900005,Fischereihafen,Mitte-Süd,POINT (8.587358832000064 53.51265039900005)
9139,11,2024,3,2,16,3,3,6,1,1,0,0,0,0,0,0,8.843431719000023,53.089317470000026,Schwachhausen,Riensberg,POINT (8.843431719000023 53.08931747000003)
9140,11,2024,3,2,14,3,5,7,1,0,0,0,0,1,0,0,8.82740049900002,53.079896148000046,Schwachhausen,Barkhof,POINT (8.827400499000021 53.07989614800005)
9141,11,2024,3,1,17,3,3,2,1,1,0,0,0,0,0,0,8.781975189000036,53.10464675000003,Walle,Walle,POINT (8.781975189000036 53.10464675000003)
9142,11,2024,3,7,21,3,5,3,1,1,0,0,0,0,2,0,8.846957889000066,53.048345090000055,Obervieland,Habenhausen,POINT (8.846957889000066 53.04834509000005)
9143,12,2024,3,6,13,3,5,2,1,1,0,0,0,0,0,0,8.59003051600007,53.52690399900007,Geestemünde,Buschkämpen,POINT (8.59003051600007 53.52690399900007)
9144,12,2024,3,5,12,3,5,3,1,1,0,0,0,0,0,0,8.603961107000032,53.57425950100003,Lehe,Königsheide,POINT (8.603961107000032 53.57425950100003)
9145,11,2024,3,5,17,3,1,5,1,1,0,0,0,0,0,0,8.656237505000036,53.17576001200007,Vegesack,Schönebeck,POINT (8.656237505000036 53.17576001200007)
9146,12,2024,3,4,14,3,5,3,1,1,0,0,0,0,0,0,8.61939258800004,53.51093099600007,Geestemünde,Buschkämpen,POINT (8.619392588000039 53.51093099600007)
9147,11,2024,3,4,10,3,5,3,1,1,0,0,0,0,0,1,8.791955211000072,53.07103849500004,Neustadt,Neustadt,POINT (8.791955211000072 53.07103849500004)
9148,11,2024,3,4,13,3,1,5,1,1,0,0,0,0,0,0,8.886282321000067,53.078088285000035,Vahr,Neue Vahr Südwest,POINT (8.886282321000067 53.07808828500004)
9149,11,2024,3,3,20,3,0,1,1,0,0,0,0,0,2,0,8.630547722000074,53.18976067700004,Vegesack,Aumund-Hammersbeck,POINT (8.630547722000074 53.18976067700004)
9150,12,2024,3,2,17,2,5,2,1,1,0,0,0,0,0,0,8.585369273000026,53.54112530200007,Mitte,Weddewarden,POINT (8.585369273000026 53.54112530200007)
9151,12,2024,3,2,11,3,6,4,1,0,1,0,0,0,0,0,8.596120301000042,53.57218337100005,Lehe,Königsheide,POINT (8.596120301000042 53.57218337100005)
9152,11,2024,3,2,15,3,1,5,1,1,0,0,0,0,0,0,8.802868562000072,53.08258484400005,Mitte,Bahnhofsvorstadt,POINT (8.802868562000072 53.08258484400005)
9153,11,2024,3,2,16,3,5,3,1,1,0,0,0,0,0,0,8.87617216700005,53.08214122600003,Vahr,Neue Vahr Südwest,POINT (8.87617216700005 53.08214122600003)
9154,11,2024,3,2,16,3,3,2,1,1,0,0,0,0,0,0,8.799469897000051,53.07016830200007,Neustadt,Alte Neustadt,POINT (8.799469897000051 53.07016830200007)
9155,12,2024,3,1,15,3,4,6,1,1,0,0,0,0,0,0,8.580580055000041,53.59646187300007,Lehe,Königsheide,POINT (8.580580055000041 53.59646187300007)
9156,12,2024,3,1,17,3,0,1,1,0,0,0,0,0,0,0,8.605850513000064,53.523193656000046,Geestemünde,Buschkämpen,POINT (8.605850513000064 53.52319365600005)
9157,11,2024,3,7,11,3,0,7,1,0,0,0,0,0,0,0,8.827702417000069,53.07254783800005,Östliche Vorstadt,Steintor,POINT (8.827702417000069 53.07254783800005)
9158,11,2024,3,7,17,3,5,3,1,1,0,0,0,0,0,0,8.920271884000044,53.07198225700006,Osterholz,Blockdiek,POINT (8.920271884000044 53.07198225700006)
9159,11,2024,3,7,19,3,4,6,1,0,0,0,0,0,2,0,8.878144012000064,53.07088168200005,Vahr,Gartenstadt Vahr,POINT (8.878144012000064 53.07088168200005)
9160,11,2024,3,7,7,2,0,1,1,0,0,0,0,0,0,0,8.731568046000064,53.12748333700006,Häfen,Industriehäfen,POINT (8.731568046000064 53.12748333700006)
9161,11,2024,3,6,14,2,7,7,1,0,0,0,0,0,0,0,8.851497129000052,53.09550963100003,Schwachhausen,Riensberg,POINT (8.851497129000052 53.09550963100003)
9162,11,2024,3,6,13,3,0,7,1,1,0,0,0,0,0,0,8.867126994000046,53.10457025300008,Horn-Lehe,Lehe,POINT (8.867126994000046 53.10457025300008)
9163,11,2024,3,6,13,2,4,6,1,0,0,0,0,0,0,0,8.882081966000044,53.101034765000065,Horn-Lehe,Lehe,POINT (8.882081966000044 53.10103476500007)
9164,11,2024,4,2,16,3,5,2,1,1,0,0,0,0,0,0,8.84495212400003,53.045778347000066,Obervieland,Habenhausen,POINT (8.844952124000031 53.04577834700007)
9165,11,2024,2,5,18,3,0,7,1,0,0,0,0,0,2,0,8.815907416000073,53.072433612000054,Mitte,Ostertor,POINT (8.815907416000073 53.07243361200005)
9166,11,2024,2,5,16,3,0,7,1,0,0,0,0,0,0,0,8.949322408000057,53.06440520800004,Osterholz,Ellenerbrok-Schevemoor,POINT (8.949322408000057 53.06440520800004)
9167,11,2024,2,5,19,3,5,3,1,1,0,0,0,0,2,0,8.79983562800004,53.07044614300003,Neustadt,Alte Neustadt,POINT (8.799835628000039 53.07044614300003)
9168,11,2024,3,2,15,3,3,6,1,1,0,0,0,0,0,0,8.861379021000062,53.08868111600003,Schwachhausen,Radio Bremen,POINT (8.861379021000062 53.08868111600003)
9169,11,2024,2,4,7,3,5,2,1,1,0,0,0,0,0,0,8.87013588000002,53.06184825200006,Hemelingen,Hastedt,POINT (8.870135880000021 53.06184825200006)
9170,11,2024,4,5,13,3,5,2,1,1,0,0,0,0,0,1,8.579849293000052,53.182941937000066,Blumenthal,Blumenthal,POINT (8.579849293000052 53.18294193700007)
9171,11,2024,2,2,6,3,5,2,1,1,0,0,0,0,1,1,8.82265830700004,53.078587139000035,Mitte,Ostertor,POINT (8.82265830700004 53.07858713900004)
9172,12,2024,2,1,18,3,5,2,1,0,0,0,0,1,0,0,8.574666453000077,53.55677116000004,Mitte,Weddewarden,POINT (8.574666453000077 53.55677116000004)
9173,11,2024,2,1,2,3,5,3,1,1,0,0,0,0,2,0,8.801341103000027,53.07148033300007,Neustadt,Alte Neustadt,POINT (8.801341103000027 53.07148033300007)
9174,11,2024,2,7,0,3,0,7,1,0,0,0,0,0,2,0,8.89557138500004,53.05614841500005,Hemelingen,Hemelingen,POINT (8.895571385000039 53.05614841500005)
9175,12,2024,2,6,5,3,5,2,1,1,0,0,0,0,2,0,8.567784029000052,53.56375767800006,Häfen,Speckenbüttel,POINT (8.567784029000052 53.56375767800006)