,UKREIS,UJAHR,UMONAT,UWOCHENTAG,USTUNDE,UKATEGORIE,UART,UTYP1,IstRad,IstPKW,IstFuss,IstKrad,IstGkfz,IstSonstig,ULICHTVERH,STRZUSTAND,longitude,latitude,Stadtteil,Ortsteil,geometry
9333,11,2024,10,3,15,3,5,2,1,1,0,0,0,0,0,0,8.801993906000064,53.071417831000076,Neustadt,Alte Neustadt,POINT (8.801993906000064 53.07141783100008)
9334,11,2024,10,3,20,3,0,6,1,0,0,0,0,0,2,1,8.85210857100003,53.056351017000054,Obervieland,Habenhausen,POINT (8.852108571000031 53.05635101700005)
9335,11,2024,10,3,9,3,2,6,1,0,0,0,1,0,0,0,8.927361757000028,53.04180493800004,Hemelingen,Arbergen,POINT (8.927361757000028 53.04180493800004)
9336,11,2024,9,2,15,3,4,2,1,1,0,0,0,0,0,0,8.568754032000072,53.18135509500007,Blumenthal,Blumenthal,POINT (8.568754032000072 53.18135509500007)
9337,11,2024,9,2,14,3,1,7,1,1,0,0,0,0,0,0,8.816287050000028,53.07242986500006,Mitte,Ostertor,POINT (8.816287050000028 53.07242986500006)
9338,12,2024,9,5,12,3,5,2,1,1,0,0,0,0,0,0,8.597916749000035,53.533427406000044,Geestemünde,Buschkämpen,POINT (8.597916749000035 53.53342740600004)
9339,11,2024,9,5,14,3,6,4,1,0,1,0,0,0,0,0,8.80213877400007,53.07776620200008,Mitte,Altstadt,POINT (8.80213877400007 53.07776620200008)
9340,11,2024,9,5,18,3,0,7,1,1,0,0,0,0,1,0,8.793807128000026,53.063652594000075,Neustadt,Südervorstadt,POINT (8.793807128000026 53.06365259400008)
9341,11,2024,9,5,17,3,3,6,1,1,0,0,0,1,0,0,8.815168603000075,53.08222241100003,Mitte,Bahnhofsvorstadt,POINT (8.815168603000075 53.08222241100003)
9342,11,2024,9,5,8,3,2,6,1,1,1,0,0,0,0,1,8.83859859100005,53.093198691000055,Schwachhausen,Neu-Schwachhausen,POINT (8.83859859100005 53.09319869100005)
9343,11,2024,9,5,16,3,5,3,1,1,0,0,0,0,0,0,8.584088629000064,53.214917325000044,Blumenthal,Lüssum-Bockhorn,POINT (8.584088629000064 53.21491732500004)
9344,11,2024,9,5,16,3,4,6,1,1,0,0,0,0,0,0,8.713674944000047,53.05286889200005,Huchting,Mittelshuchting,POINT (8.713674944000047 53.05286889200005)
9345,11,2024,9,4,13,2,0,7,1,0,0,0,0,0,0,1,8.624995244000047,53.171570263000035,Vegesack,Vegesack,POINT (8.624995244000047 53.17157026300004)
9346,11,2024,9,4,10,3,5,2,1,1,0,0,0,0,0,1,8.807327116000067,53.060132027000066,Neustadt,Huckelriede,POINT (8.807327116000067 53.06013202700007)
9347,11,2024,9,4,7,3,3,6,1,1,0,0,0,0,0,1,8.736946569000054,53.05177376200004,Huchting,Kirchhuchting,POINT (8.736946569000054 53.05177376200004)
9348,11,2024,9,4,11,2,5,3,1,1,0,0,0,0,0,1,8.679046563000043,53.16059282700007,Burglesum,Werderland,POINT (8.679046563000043 53.16059282700007)
9349,11,2024,9,4,16,3,5,2,1,1,0,0,0,0,0,1,8.958771114000058,53.04677050600003,Osterholz,Osterholz,POINT (8.958771114000058 53.04677050600003)
9350,11,2024,9,4,15,3,5,3,1,0,0,0,0,1,0,1,8.890159539000024,53.08631466000003,Vahr,Neue Vahr Nord,POINT (8.890159539000024 53.08631466000003)
9351,11,2024,9,3,12,3,4,6,1,0,0,0,0,0,0,0,8.901980326000057,53.07341688000008,Hemelingen,Sebaldsbrück,POINT (8.901980326000057 53.07341688000008)
9352,11,2024,9,3,10,2,1,5,1,1,0,0,0,0,0,0,8.81898005000005,53.05100241700006,Neustadt,Huckelriede,POINT (8.81898005000005 53.05100241700006)
9353,11,2024,9,3,6,2,5,3,1,1,0,0,0,0,2,0,8.846411320000072,53.081067931000064,Schwachhausen,Gete,POINT (8.846411320000072 53.08106793100006)
9354,11,2024,10,3,12,3,0,7,1,1,0,0,0,0,0,0,8.843024054000068,53.072753506000026,Östliche Vorstadt,Hulsberg,POINT (8.843024054000068 53.07275350600003)
9355,12,2024,9,2,6,2,5,3,1,0,0,0,0,1,2,0,8.606679632000066,53.49966375900004,Wulsdorf,Geestemünde-Süd,POINT (8.606679632000066 53.49966375900004)
9356,12,2024,9,2,15,3,4,6,1,0,0,0,0,1,0,0,8.608836262000068,53.590746006000074,Leherheide,Fehmoor,POINT (8.608836262000068 53.59074600600007)
9357,11,2024,9,2,16,2,5,3,1,1,0,0,0,0,0,1,8.791504493000048,53.06499855900006,Neustadt,Südervorstadt,POINT (8.791504493000048 53.06499855900006)
9358,12,2024,9,7,20,3,5,3,1,1,0,0,0,0,2,0,8.599728533000075,53.55492493700007,Lehe,Königsheide,POINT (8.599728533000075 53.55492493700007)
9359,11,2024,9,7,18,3,5,3,1,0,0,1,0,0,0,0,8.95534833000005,53.07569209400003,Osterholz,Tenever,POINT (8.955348330000049 53.07569209400003)
9360,12,2024,9,6,14,3,5,2,1,0,0,0,0,1,0,0,8.594024924000053,53.54941207100006,Geestemünde,Buschkämpen,POINT (8.594024924000053 53.54941207100006)
9361,11,2024,9,6,16,3,5,3,1,1,0,0,0,0,0,0,8.71273739000003,53.14519994400007,Burglesum,Burg-Grambke,POINT (8.712737390000029 53.14519994400007)
9362,11,2024,9,5,11,3,0,1,1,0,0,0,0,0,0,0,8.56914483600002,53.587601078000034,Lehe,Königsheide,POINT (8.569144836000021 53.58760107800003)
9363,12,2024,9,5,18,3,0,1,1,0,0,0,0,0,0,0,8.59323661600007,53.534539161000055,Geestemünde,Buschkämpen,POINT (8.59323661600007 53.53453916100005)
9364,11,2024,9,5,18,3,0,7,1,1,0,0,0,0,0,0,8.804936473000055,53.08856238300007,Findorff,Findorff-Bürgerweide,POINT (8.804936473000055 53.08856238300007)
9365,11,2024,9,5,15,3,5,3,1,1,0,0,0,0,0,0,8.790531388000034,53.08602935400006,Walle,Überseestadt,POINT (8.790531388000034 53.08602935400006)
9366,11,2024,9,5,17,3,5,3,1,1,0,0,0,0,0,0,8.932466490000024,53.06433017000006,Osterholz,Ellener Feld,POINT (8.932466490000024 53.06433017000006)
9367,11,2024,9,4,15,3,5,2,1,1,0,0,0,0,0,0,8.778527662000045,53.09441184000008,Walle,Steffensweg,POINT (8.778527662000045 53.09441184000008)
9368,11,2024,9,3,12,3,5,3,1,1,0,0,0,0,0,0,8.575216127000033,53.19218016600007,Blumenthal,Blumenthal,POINT (8.575216127000033 53.19218016600007)
9369,11,2024,9,3,22,3,0,7,1,0,0,0,0,0,2,0,8.70372792300003,53.15934585600007,Burglesum,Burgdamm,POINT (8.703727923000031 53.15934585600007)
9370,11,2024,9,2,17,3,4,2,1,1,0,0,0,0,0,0,8.739091589000054,53.12454013300004,Häfen,Industriehäfen,POINT (8.739091589000054 53.12454013300004)
9371,11,2024,9,2,13,3,0,7,1,0,0,0,0,1,0,0,8.851650989000063,53.09374133400007,Schwachhausen,Riensberg,POINT (8.851650989000063 53.09374133400007)
9372,11,2024,9,2,13,3,5,3,1,1,0,0,0,0,0,0,8.819071135000058,53.09906244500007,Findorff,Weidedamm,POINT (8.819071135000058 53.09906244500007)
9373,11,2024,9,2,15,3,3,6,1,1,0,0,0,0,0,0,8.561660480000057,53.18191537600006,Blumenthal,Blumenthal,POINT (8.561660480000057 53.18191537600006)
9374,11,2024,9,2,19,3,3,2,1,0,0,0,0,1,0,0,8.807447455000045,53.09436653400007,Findorff,Findorff-Bürgerweide,POINT (8.807447455000045 53.09436653400007)
9375,11,2024,9,2,9,3,0,7,1,0,0,0,0,0,0,0,8.608539845000053,53.18448846100006,Vegesack,Fähr-Lobbendorf,POINT (8.608539845000053 53.18448846100006)
9376,11,2024,9,7,8,3,0,7,1,0,0,0,0,0,0,0,8.756984489000047,53.11773825500006,Gröpelingen,Ohlenhof,POINT (8.756984489000047 53.11773825500006)
9377,11,2024,9,7,22,3,5,3,1,1,0,0,0,0,2,0,8.704695280000067,53.15465263900006,Burglesum,Burg-Grambke,POINT (8.704695280000067 53.15465263900006)
9378,11,2024,9,7,14,3,5,3,1,1,0,0,0,0,0,0,8.818902750000063,53.111681659000055,Findorff,In den Hufen,POINT (8.818902750000063 53.11168165900006)
9379,11,2024,9,7,16,3,0,7,1,1,0,0,0,0,0,0,8.760030017000076,53.08781227900005,Woltmershausen,Woltmershausen,POINT (8.760030017000076 53.08781227900005)
9380,11,2024,9,7,15,3,0,7,1,0,1,0,0,0,0,0,8.792900159000055,53.07373969500003,Neustadt,Alte Neustadt,POINT (8.792900159000055 53.07373969500003)
9381,12,2024,9,6,7,3,5,3,1,1,0,0,0,0,0,0,8.615665296000032,53.58853504500007,Leherheide,Fehmoor,POINT (8.615665296000032 53.58853504500007)
9382,11,2024,9,6,6,3,5,3,1,1,0,0,0,0,0,0,8.757724708000069,53.058446926000045,Huchting,Grolland,POINT (8.757724708000069 53.05844692600004)
9383,12,2024,9,5,8,3,5,3,1,1,0,0,0,0,0,0,8.630744900000025,53.53050882500003,Schiffdorferdamm,Buschkämpen,POINT (8.630744900000025 53.53050882500003)
9384,11,2024,9,5,19,3,0,3,1,0,0,0,0,0,2,1,8.801335989000052,53.06814045300007,Neustadt,Südervorstadt,POINT (8.801335989000052 53.06814045300007)
9385,11,2024,9,3,17,3,5,3,1,1,0,0,0,0,0,0,8.844215377000069,53.07542715100004,Östliche Vorstadt,Hulsberg,POINT (8.844215377000069 53.07542715100004)
9386,12,2024,9,4,15,3,6,4,1,0,1,0,0,0,0,0,8.583043073000056,53.54100675900003,Mitte,Weddewarden,POINT (8.583043073000056 53.54100675900003)
9387,11,2024,9,4,16,2,4,2,1,1,0,0,0,0,0,0,8.756290438000065,53.11835763600004,Gröpelingen,Ohlenhof,POINT (8.756290438000065 53.11835763600004)
9388,11,2024,9,4,14,3,5,2,1,1,0,0,0,0,0,1,8.589249907000067,53.18308520900007,Blumenthal,Blumenthal,POINT (8.589249907000067 53.18308520900007)
9389,11,2024,9,3,16,3,5,3,1,1,0,0,0,0,0,0,8.802239215000043,53.07949049600006,Mitte,Altstadt,POINT (8.802239215000043 53.07949049600006)
9390,11,2024,9,3,17,3,5,3,1,1,0,0,0,0,0,0,8.73348115400006,53.08734524600004,Häfen,Neustädter Hafen,POINT (8.73348115400006 53.08734524600004)
9391,11,2024,9,3,17,3,0,1,1,0,0,0,0,0,0,0,8.806806003000077,53.079494992000036,Mitte,Altstadt,POINT (8.806806003000077 53.07949499200004)
9392,11,2024,9,3,17,3,5,3,1,0,0,0,0,0,0,0,8.88934368200006,53.05804365700004,Hemelingen,Hemelingen,POINT (8.88934368200006 53.05804365700004)
9393,11,2024,9,2,10,3,5,3,1,0,0,0,0,0,0,0,8.824825094000062,53.084584422000034,Schwachhausen,Bürgerpark,POINT (8.824825094000062 53.08458442200003)
9394,11,2024,9,2,16,3,5,3,1,1,0,0,0,0,0,0,8.757980642000064,53.05815667000007,Huchting,Grolland,POINT (8.757980642000064 53.05815667000007)
9395,11,2024,9,2,13,3,0,7,1,0,0,0,0,0,0,0,8.631471926000074,53.17276458900005,Vegesack,Vegesack,POINT (8.631471926000074 53.17276458900005)
9396,11,2024,9,2,14,3,5,3,1,0,0,0,0,0,0,0,8.79425856000006,53.08144490900003,Mitte,Altstadt,POINT (8.79425856000006 53.08144490900003)
9397,11,2024,9,2,15,3,5,3,1,1,0,0,0,0,0,0,8.619073889000049,53.18049107300004,Vegesack,Fähr-Lobbendorf,POINT (8.619073889000049 53.18049107300004)
9398,11,2024,9,1,15,3,3,6,1,1,0,0,0,0,0,0,8.901548072000026,53.108360048000065,Horn-Lehe,Lehesterdeich,POINT (8.901548072000026 53.10836004800007)
9399,12,2024,9,7,16,3,5,3,1,0,0,1,0,0,0,0,8.600099818000047,53.502480398000046,Wulsdorf,Geestemünde-Süd,POINT (8.600099818000047 53.50248039800005)
9400,11,2024,9,7,20,3,0,7,1,0,0,0,0,0,1,0,8.808409419000043,53.07519372100006,Mitte,Altstadt,POINT (8.808409419000043 53.07519372100006)
9401,11,2024,9,6,11,3,2,6,1,1,0,0,0,0,0,0,8.856145182000034,53.070539319000034,Hemelingen,Hastedt,POINT (8.856145182000034 53.07053931900003)
9402,11,2024,9,5,10,2,5,3,1,1,0,0,0,0,0,0,8.948896386000058,53.07457643300006,Osterholz,Ellenerbrok-Schevemoor,POINT (8.948896386000058 53.07457643300006)
9403,11,2024,9,5,21,3,5,3,1,1,0,0,0,0,2,0,8.811051061000057,53.09660629200005,Findorff,Weidedamm,POINT (8.811051061000057 53.09660629200005)
9404,11,2024,9,5,5,3,4,3,1,1,0,0,0,0,2,1,8.914084882000054,53.06530037700003,Hemelingen,Sebaldsbrück,POINT (8.914084882000054 53.06530037700003)
9405,11,2024,11,4,16,3,2,6,1,1,0,0,0,0,1,0,8.793760447000068,53.07315803500006,Neustadt,Alte Neustadt,POINT (8.793760447000068 53.07315803500006)
9406,12,2024,9,4,14,2,0,1,1,0,0,0,0,0,0,1,8.58597990900006,53.53399313500006,Geestemünde,Buschkämpen,POINT (8.585979909000059 53.53399313500006)
9407,11,2024,9,4,9,3,5,3,1,1,0,0,0,0,0,0,8.89674308900004,53.11834835800005,Horn-Lehe,Lehesterdeich,POINT (8.89674308900004 53.11834835800005)
9408,11,2024,9,4,11,3,5,2,1,0,0,0,0,0,0,1,8.810108773000024,53.08884719400004,Findorff,Findorff-Bürgerweide,POINT (8.810108773000024 53.08884719400004)
9409,11,2024,9,4,14,3,1,1,1,1,0,0,0,0,0,1,8.78277117600004,53.08514211000005,Walle,Überseestadt,POINT (8.78277117600004 53.08514211000005)
9410,12,2024,9,3,13,3,5,3,1,1,0,0,0,0,0,0,8.577360781000039,53.54834260700005,Mitte,Weddewarden,POINT (8.577360781000039 53.54834260700005)
9411,11,2024,9,3,15,3,3,6,1,0,0,0,0,1,0,0,8.82336409800007,53.07653445700004,Mitte,Ostertor,POINT (8.82336409800007 53.07653445700004)
9412,11,2024,9,3,12,3,5,2,1,1,0,0,0,0,0,0,8.945601576000058,53.06819055900007,Osterholz,Ellenerbrok-Schevemoor,POINT (8.945601576000058 53.06819055900007)
9413,11,2024,9,6,14,3,5,3,1,1,0,0,0,0,0,0,8.825152321000076,53.08416020900006,Schwachhausen,Barkhof,POINT (8.825152321000076 53.08416020900006)
9414,11,2024,9,3,12,3,6,6,1,0,1,0,0,0,0,0,8.75287692300003,53.123956312000075,Gröpelingen,Ohlenhof,POINT (8.752876923000031 53.12395631200008)
9415,11,2024,9,3,9,3,5,3,1,1,0,0,0,0,0,0,8.831553892000045,53.08593788600007,Schwachhausen,Bürgerpark,POINT (8.831553892000045 53.08593788600007)
9416,11,2024,9,3,15,3,5,3,1,0,0,1,0,0,0,0,8.61937873000005,53.18333199300008,Vegesack,Fähr-Lobbendorf,POINT (8.619378730000051 53.18333199300008)
9417,11,2024,9,3,14,3,6,4,1,0,1,0,0,0,0,0,8.828997972000025,53.080404619000035,Schwachhausen,Barkhof,POINT (8.828997972000025 53.08040461900003)
9418,11,2024,9,3,13,3,1,5,1,1,0,0,0,0,0,0,8.78886863200006,53.097957104000045,Walle,Westend,POINT (8.78886863200006 53.09795710400005)
9419,11,2024,9,2,15,3,1,2,1,0,0,0,0,1,0,0,8.833521848000032,53.07961121100004,Schwachhausen,Gete,POINT (8.833521848000032 53.07961121100004)
9420,11,2024,9,2,14,3,4,7,1,0,0,0,0,0,0,0,8.878691545000038,53.09697979900005,Horn-Lehe,Horn,POINT (8.878691545000038 53.09697979900005)
9421,11,2024,9,1,19,3,0,6,1,0,0,1,0,0,0,0,8.831896249000067,53.07108577400004,Östliche Vorstadt,Steintor,POINT (8.831896249000067 53.07108577400004)
9422,12,2024,9,2,14,3,5,3,1,1,0,0,0,0,0,0,8.605225115000053,53.52324102100005,Geestemünde,Buschkämpen,POINT (8.605225115000053 53.52324102100005)
9423,12,2024,8,7,12,3,5,3,1,1,0,0,0,0,0,0,8.601528152000071,53.506089993000046,Wulsdorf,Geestemünde-Süd,POINT (8.601528152000071 53.50608999300005)
9424,12,2024,8,7,12,3,1,5,1,1,0,0,0,0,0,0,8.60958030200004,53.50262786900004,Wulsdorf,Geestemünde-Süd,POINT (8.60958030200004 53.50262786900004)
9425,11,2024,8,7,13,2,0,7,1,0,0,0,0,0,0,0,8.832522922000067,53.06861141200005,Östliche Vorstadt,Peterswerder,POINT (8.832522922000067 53.06861141200005)
9426,11,2024,8,6,14,3,0,7,1,0,1,0,0,0,0,0,8.953169778000074,53.06641393000007,Osterholz,Tenever,POINT (8.953169778000074 53.06641393000007)
9427,11,2024,8,6,14,3,5,3,1,0,0,0,0,1,0,1,8.713734614000032,53.14013831200003,Burglesum,Burg-Grambke,POINT (8.713734614000032 53.14013831200003)
9428,11,2024,8,6,7,3,5,3,1,1,0,0,0,0,0,1,8.622324290000051,53.17134270100007,Vegesack,Vegesack,POINT (8.622324290000051 53.17134270100007)
9429,11,2024,8,6,14,3,0,7,1,0,1,0,0,0,0,0,8.949056471000063,53.06358886100003,Osterholz,Tenever,POINT (8.949056471000063 53.06358886100003)
9430,12,2024,8,5,7,3,5,3,1,0,0,0,0,0,0,0,8.603742879000038,53.578771595000035,Lehe,Königsheide,POINT (8.603742879000038 53.57877159500003)
9431,12,2024,8,5,11,3,5,2,1,0,0,0,0,1,0,0,8.594110984000054,53.53892941400005,Geestemünde,Buschkämpen,POINT (8.594110984000054 53.53892941400005)
9432,11,2024,8,5,14,3,3,6,1,0,0,1,0,0,0,0,8.786376035000046,53.07456977900006,Neustadt,Alte Neustadt,POINT (8.786376035000046 53.07456977900006)
9433,11,2024,8,5,15,3,5,3,1,1,0,0,0,0,0,0,8.818648422000024,53.07786109300008,Mitte,Ostertor,POINT (8.818648422000024 53.07786109300008)
9434,11,2024,8,4,7,3,0,7,1,0,0,0,0,0,0,0,8.845938122000064,53.09311736600006,Schwachhausen,Neu-Schwachhausen,POINT (8.845938122000064 53.09311736600006)
9435,11,2024,8,4,1,2,0,7,1,0,0,0,0,0,2,0,8.85875165400006,53.10943116100003,Horn-Lehe,Lehe,POINT (8.858751654000059 53.10943116100003)
9436,11,2024,8,4,17,3,2,6,1,1,0,0,0,0,0,0,8.78627762900004,53.05737382900003,Neustadt,Neuenland,POINT (8.78627762900004 53.05737382900003)
9437,11,2024,8,3,7,3,5,3,1,1,0,0,0,0,0,0,8.782152924000059,53.091011912000056,Walle,Steffensweg,POINT (8.782152924000059 53.09101191200006)
9438,11,2024,8,3,8,3,0,7,1,0,0,0,0,0,0,0,8.799535459000026,53.09784178900003,Findorff,Regensburger Str.,POINT (8.799535459000026 53.09784178900003)
9439,11,2024,8,3,15,2,5,2,1,1,0,0,0,0,0,0,8.618350227000064,53.19124219400004,Vegesack,Aumund-Hammersbeck,POINT (8.618350227000064 53.19124219400004)
9440,11,2024,8,2,13,3,5,3,1,1,0,0,0,0,0,0,8.871549093000056,53.06219366300007,Hemelingen,Hastedt,POINT (8.871549093000056 53.06219366300007)
9441,11,2024,8,2,12,3,6,4,1,0,1,0,0,0,0,0,8.874638398000059,53.082390789000044,Schwachhausen,Radio Bremen,POINT (8.874638398000059 53.08239078900004)
9442,12,2024,8,1,20,3,5,3,1,1,0,0,0,0,1,0,8.638175980000028,53.53490438700004,Schiffdorferdamm,Buschkämpen,POINT (8.638175980000028 53.53490438700004)
9443,11,2024,8,7,15,3,5,3,1,1,0,0,0,0,0,0,8.826783164000062,53.07852791800008,Östliche Vorstadt,Fesenfeld,POINT (8.826783164000062 53.07852791800008)
9444,12,2024,8,6,11,3,6,4,1,0,1,0,0,0,0,0,8.580953469000065,53.547366999000076,Lehe,Königsheide,POINT (8.580953469000065 53.54736699900008)
9445,11,2024,8,6,12,3,3,6,1,1,0,0,0,1,0,0,8.786954665000053,53.08284037300007,Walle,Überseestadt,POINT (8.786954665000053 53.08284037300007)
9446,12,2024,8,5,13,3,1,5,1,1,0,0,0,0,0,0,8.586082842000053,53.561038635000045,Lehe,Königsheide,POINT (8.586082842000053 53.56103863500005)
9447,11,2024,8,5,10,3,3,6,1,0,0,0,0,1,0,0,8.80040290200003,53.078696240000056,Mitte,Altstadt,POINT (8.80040290200003 53.07869624000006)
9448,11,2024,8,5,7,3,5,3,1,1,0,0,0,0,0,0,8.80807831200002,53.09969470500005,Findorff,Weidedamm,POINT (8.808078312000021 53.09969470500005)
9449,11,2024,8,5,17,3,5,3,1,1,0,0,0,0,0,0,8.833174992000068,53.11507387200004,Horn-Lehe,Lehe,POINT (8.833174992000068 53.11507387200004)
9450,11,2024,8,5,19,3,5,2,1,1,0,0,0,0,0,0,8.647140794000052,53.18463020200005,Vegesack,Schönebeck,POINT (8.647140794000052 53.18463020200005)
9451,11,2024,8,5,13,3,0,1,1,0,0,0,0,0,0,0,8.622397951000039,53.183968950000065,Vegesack,Aumund-Hammersbeck,POINT (8.622397951000039 53.18396895000006)
9452,12,2024,8,4,14,3,5,3,1,1,0,0,0,0,0,0,8.608813295000061,53.58681387900003,Leherheide,Fehmoor,POINT (8.608813295000061 53.58681387900003)
9453,11,2024,8,4,8,3,3,2,1,1,0,0,0,0,0,0,8.790343928000027,53.096346564000044,Walle,Westend,POINT (8.790343928000027 53.09634656400004)
9454,12,2024,8,3,8,3,5,3,1,0,0,0,0,0,0,0,8.595339898000077,53.56468782700006,Lehe,Königsheide,POINT (8.595339898000077 53.56468782700006)
9455,11,2024,8,3,16,3,5,3,1,0,0,0,0,1,0,0,8.883653148000064,53.099862005000034,Horn-Lehe,Lehe,POINT (8.883653148000064 53.09986200500003)
9456,11,2024,8,3,17,3,5,2,1,1,0,0,0,0,0,0,8.876563857000065,53.078920012000026,Vahr,Gartenstadt Vahr,POINT (8.876563857000065 53.07892001200003)
9457,11,2024,8,3,15,3,3,2,1,1,0,0,0,0,0,0,8.78754738300006,53.06985593100006,Neustadt,Neustadt,POINT (8.78754738300006 53.06985593100006)
9458,11,2024,8,3,18,3,5,3,1,1,0,0,0,0,0,0,8.890425578000077,53.04329181400004,Hemelingen,Hemelingen,POINT (8.890425578000077 53.04329181400004)
9459,11,2024,8,2,16,3,5,3,1,1,0,0,0,0,0,0,8.790328131000024,53.08610314800006,Walle,Überseestadt,POINT (8.790328131000024 53.08610314800006)
9460,11,2024,8,2,16,2,5,3,1,1,0,0,0,0,0,0,8.831329234000066,53.03382389700005,Obervieland,Kattenturm,POINT (8.831329234000066 53.03382389700005)
9461,12,2024,8,1,12,3,0,1,1,0,0,0,0,0,0,0,8.55008225000006,53.58024450400006,Häfen,Speckenbüttel,POINT (8.55008225000006 53.58024450400006)
9462,12,2024,8,1,11,3,0,1,1,0,0,0,0,0,0,1,8.577100539000071,53.54565787000007,Mitte,Weddewarden,POINT (8.577100539000071 53.54565787000007)
9463,12,2024,8,7,19,3,5,2,1,1,0,0,0,0,0,0,8.608790615000032,53.51927651500006,Geestemünde,Buschkämpen,POINT (8.608790615000032 53.51927651500006)
9464,12,2024,8,6,13,3,5,3,1,1,0,0,0,0,0,1,8.572966357000041,53.56044889100008,Lehe,Königsheide,POINT (8.572966357000041 53.56044889100008)
9465,11,2024,8,6,11,3,6,7,1,0,1,0,0,0,0,0,8.830739308000034,53.07387956000008,Östliche Vorstadt,Steintor,POINT (8.830739308000034 53.07387956000008)
9466,11,2024,8,6,17,3,5,2,1,1,0,0,0,0,0,0,8.784950448000075,53.09035190800006,Walle,Steffensweg,POINT (8.784950448000075 53.09035190800006)
9467,11,2024,8,6,19,3,5,2,1,1,0,0,0,0,0,1,8.915962930000035,53.07119580700004,Hemelingen,Sebaldsbrück,POINT (8.915962930000035 53.07119580700004)
9468,12,2024,8,5,17,3,0,1,1,0,0,0,0,0,0,0,8.578833211000074,53.549072412000044,Mitte,Weddewarden,POINT (8.578833211000074 53.54907241200004)
9469,11,2024,8,5,19,2,3,6,1,0,0,0,0,0,0,0,8.871077873000047,53.09129807100004,Schwachhausen,Radio Bremen,POINT (8.871077873000047 53.09129807100004)
9470,11,2024,8,5,11,3,3,6,1,0,0,0,0,0,0,0,8.837842674000058,53.08120885500006,Schwachhausen,Gete,POINT (8.837842674000058 53.08120885500006)
9471,11,2024,8,5,16,3,5,3,1,1,0,0,0,0,0,0,8.648048630000062,53.17175055400003,Vegesack,Grohn,POINT (8.648048630000062 53.17175055400003)
9472,11,2024,8,4,9,3,6,6,1,0,1,0,0,0,0,0,8.833587300000033,53.11506508800005,Horn-Lehe,Lehe,POINT (8.833587300000033 53.11506508800005)
9473,11,2024,9,3,12,3,5,3,1,1,0,0,0,0,0,0,8.891008820000025,53.08620089600004,Vahr,Neue Vahr Nord,POINT (8.891008820000025 53.08620089600004)
9474,11,2024,8,4,20,2,3,2,1,1,0,0,0,0,0,0,8.826782259000026,53.07852526400006,Östliche Vorstadt,Fesenfeld,POINT (8.826782259000026 53.07852526400006)
9475,11,2024,8,4,15,3,5,2,1,1,0,0,0,0,0,0,8.833494877000021,53.07063204600007,Östliche Vorstadt,Peterswerder,POINT (8.833494877000021 53.07063204600007)
9476,11,2024,8,4,15,2,5,3,1,1,0,0,0,0,0,0,8.781885895000073,53.067335452000066,Neustadt,Hohentor,POINT (8.781885895000073 53.06733545200007)
9477,12,2024,8,3,15,3,5,2,1,1,0,0,0,0,0,0,8.615728384000022,53.52005200500008,Geestemünde,Buschkämpen,POINT (8.615728384000022 53.52005200500008)
9478,11,2024,8,3,14,2,3,6,1,0,0,0,0,0,0,0,8.836378634000027,53.07485412600005,Östliche Vorstadt,Fesenfeld,POINT (8.836378634000027 53.07485412600005)
9479,11,2024,8,3,7,3,5,2,1,1,0,0,0,0,0,0,8.626176953000027,53.18384349000007,Vegesack,Aumund-Hammersbeck,POINT (8.626176953000027 53.18384349000007)
9480,11,2024,8,3,16,3,5,3,1,1,0,0,0,0,0,0,8.862586927000052,53.09937522800004,Horn-Lehe,Lehe,POINT (8.862586927000052 53.09937522800004)
9481,11,2024,8,3,16,3,2,6,1,0,0,0,0,0,0,0,8.860006003000024,53.10476738600005,Horn-Lehe,Lehe,POINT (8.860006003000024 53.10476738600005)
9482,11,2024,8,2,16,3,6,7,1,0,1,0,0,0,0,0,8.850029309000035,53.09471757500006,Schwachhausen,Riensberg,POINT (8.850029309000035 53.09471757500006)
9483,11,2024,8,2,16,3,3,6,1,0,0,0,0,0,0,0,8.804670674000022,53.08073830200004,Mitte,Bahnhofsvorstadt,POINT (8.804670674000022 53.08073830200004)
9484,12,2024,8,1,19,3,4,6,1,0,0,0,0,1,0,0,8.601171618000023,53.572269333000065,Lehe,Königsheide,POINT (8.601171618000023 53.57226933300007)
9485,11,2024,8,1,19,3,6,4,1,0,1,0,0,0,0,0,8.81997222900003,53.07263405400005,Mitte,Ostertor,POINT (8.81997222900003 53.07263405400005)
9486,11,2024,8,1,15,3,5,3,1,1,0,0,0,0,0,0,8.82695069700003,53.034271825000076,Obervieland,Kattenturm,POINT (8.826950697000029 53.03427182500008)
9487,11,2024,8,7,0,3,0,7,1,0,1,0,0,0,2,0,8.813925248000032,53.09009039000006,Schwachhausen,Bürgerpark,POINT (8.813925248000032 53.09009039000006)
9488,11,2024,8,7,14,3,5,2,1,1,0,0,0,1,0,0,8.798109330000045,53.07333298100008,Neustadt,Alte Neustadt,POINT (8.798109330000045 53.07333298100008)