,UKREIS,UJAHR,UMONAT,UWOCHENTAG,USTUNDE,UKATEGORIE,UART,UTYP1,IstRad,IstPKW,IstFuss,IstKrad,IstGkfz,IstSonstig,ULICHTVERH,STRZUSTAND,longitude,latitude,Stadtteil,Ortsteil,geometry
9489,11,2024,9,2,16,3,4,6,1,0,0,0,0,1,0,0,8.831164684000044,53.033866758000045,Obervieland,Kattenturm,POINT (8.831164684000044 53.03386675800004)
9490,11,2024,8,6,12,3,5,3,1,0,0,0,0,1,0,0,8.880636296000034,53.06111004700006,Hemelingen,Hastedt,POINT (8.880636296000034 53.06111004700006)
9491,12,2024,8,5,16,3,5,3,1,1,0,0,0,0,0,0,8.598971602000063,53.57773963200003,Lehe,Königsheide,POINT (8.598971602000063 53.57773963200003)
9492,12,2024,8,5,11,3,4,6,1,0,0,0,0,1,0,0,8.589977583000064,53.52564979400006,Geestemünde,Buschkämpen,POINT (8.589977583000064 53.52564979400006)
9493,11,2024,8,5,17,3,5,3,1,1,0,0,0,0,0,0,8.764298635000046,53.11461724600008,Gröpelingen,Gröpelingen,POINT (8.764298635000046 53.11461724600008)
9494,12,2024,8,4,9,3,5,3,1,1,0,0,0,0,0,0,8.593223850000072,53.573645414000055,Lehe,Königsheide,POINT (8.593223850000072 53.57364541400005)
9495,11,2024,8,4,13,3,4,6,1,0,0,0,0,0,0,0,8.943414761000042,53.038024740000026,Hemelingen,Mahndorf,POINT (8.943414761000042 53.03802474000003)
9496,11,2024,8,3,11,3,5,3,1,0,0,0,0,1,0,0,8.808542658000022,53.082938375000026,Mitte,Bahnhofsvorstadt,POINT (8.808542658000022 53.08293837500003)
9497,11,2024,8,3,7,3,5,3,1,1,0,0,0,0,0,0,8.774191808000069,53.095442441000046,Walle,Überseestadt,POINT (8.774191808000069 53.09544244100005)
9498,11,2024,8,3,7,2,5,2,1,1,0,0,0,0,0,0,8.619076017000054,53.18051622100006,Vegesack,Vegesack,POINT (8.619076017000054 53.18051622100006)
9499,11,2024,8,3,12,3,5,3,1,0,0,0,0,1,0,0,8.847116176000043,53.086987048000026,Schwachhausen,Schwachhausen,POINT (8.847116176000043 53.08698704800003)
9500,11,2024,8,3,22,3,0,1,1,0,0,0,0,0,2,0,8.709351368000057,53.056099963000065,Huchting,Mittelshuchting,POINT (8.709351368000057 53.05609996300007)
9501,12,2024,8,2,15,3,0,1,1,0,1,0,0,0,0,0,8.604247541000063,53.50404669300008,Wulsdorf,Geestemünde-Süd,POINT (8.604247541000063 53.50404669300008)
9502,11,2024,10,2,17,2,5,3,1,1,0,0,0,0,2,1,8.84698372500003,53.04825443300007,Obervieland,Habenhausen,POINT (8.84698372500003 53.04825443300007)
9503,11,2024,8,7,16,3,5,3,1,0,0,0,0,0,0,0,8.740096883000035,53.04598662300003,Huchting,Kirchhuchting,POINT (8.740096883000035 53.04598662300003)
9504,11,2024,8,7,12,3,3,6,1,0,0,0,0,0,0,0,8.841262406000055,53.07257355000007,Östliche Vorstadt,Peterswerder,POINT (8.841262406000055 53.07257355000007)
9505,11,2024,8,7,17,3,5,3,1,1,0,0,0,0,0,0,8.837198729000022,53.079075970000076,Schwachhausen,Gete,POINT (8.837198729000022 53.07907597000008)
9506,12,2024,8,6,11,3,5,3,1,1,0,0,0,0,0,0,8.606588066000029,53.505173272000036,Wulsdorf,Geestemünde-Süd,POINT (8.606588066000029 53.50517327200004)
9507,11,2024,8,6,12,3,6,4,1,0,1,0,0,0,0,0,8.612940321000053,53.18262618000006,Vegesack,Fähr-Lobbendorf,POINT (8.612940321000053 53.18262618000006)
9508,11,2024,8,6,23,2,8,1,1,0,0,0,0,0,2,0,8.797655680000048,53.08818005000006,Walle,Utbremen,POINT (8.797655680000048 53.08818005000006)
9509,11,2024,8,5,15,3,3,6,1,0,0,0,0,0,0,0,8.822567023000033,53.07493384400004,Östliche Vorstadt,Steintor,POINT (8.822567023000033 53.07493384400004)
9510,11,2024,8,5,0,3,0,7,1,0,0,0,0,0,2,0,8.774482399000021,53.09716141300004,Walle,Überseestadt,POINT (8.774482399000021 53.09716141300004)
9511,11,2024,10,4,16,3,3,6,1,0,0,0,1,0,0,0,8.770628983000051,53.078502694000065,Woltmershausen,Woltmershausen,POINT (8.770628983000051 53.07850269400006)
9512,11,2024,8,5,15,2,1,5,1,1,0,0,0,0,0,0,8.805011301000036,53.091484398000034,Findorff,Findorff-Bürgerweide,POINT (8.805011301000036 53.09148439800003)
9513,11,2024,8,5,16,3,5,3,1,1,0,0,0,0,0,0,8.711477614000046,53.14742817200005,Burglesum,Burg-Grambke,POINT (8.711477614000046 53.14742817200005)
9514,11,2024,8,5,16,3,5,3,1,1,0,0,0,0,0,0,8.826177380000047,53.079160321000074,Östliche Vorstadt,Fesenfeld,POINT (8.826177380000047 53.07916032100007)
9515,11,2024,8,5,21,3,0,7,1,0,0,0,0,0,1,0,8.876447881000047,53.07017820100003,Vahr,Gartenstadt Vahr,POINT (8.876447881000047 53.07017820100003)
9516,12,2024,7,4,16,3,1,5,1,1,0,0,0,0,0,0,8.566360539000073,53.549247852000065,Mitte,Weddewarden,POINT (8.566360539000073 53.54924785200006)
9517,12,2024,7,4,8,3,5,2,1,1,0,0,0,0,0,0,8.577313379000032,53.54836640000008,Mitte,Weddewarden,POINT (8.577313379000032 53.54836640000008)
9518,11,2024,7,4,12,3,4,6,1,0,0,0,0,0,0,0,8.806588743000077,53.094515012000045,Findorff,Regensburger Str.,POINT (8.806588743000077 53.09451501200004)
9519,11,2024,7,4,7,3,5,2,1,1,0,0,0,0,0,0,8.889813386000071,53.03445137700004,Hemelingen,Hemelingen,POINT (8.889813386000071 53.03445137700004)
9520,12,2024,7,3,12,3,0,1,1,0,0,0,0,0,0,0,8.589679362000027,53.52952732700004,Geestemünde,Buschkämpen,POINT (8.589679362000027 53.52952732700004)
9521,11,2024,7,3,16,3,4,6,1,0,0,0,0,1,0,0,8.740944497000044,53.06284799500003,Huchting,Mittelshuchting,POINT (8.740944497000044 53.06284799500003)
9522,11,2024,7,3,16,3,4,6,1,0,0,0,0,1,0,0,8.740944497000044,53.06284799500003,Huchting,Mittelshuchting,POINT (8.740944497000044 53.06284799500003)
9523,11,2024,10,4,17,3,5,2,1,1,0,0,0,0,0,0,8.631847407000066,53.186219969000035,Vegesack,Aumund-Hammersbeck,POINT (8.631847407000066 53.18621996900004)
9524,11,2024,8,7,10,3,5,3,1,1,0,0,0,0,0,0,8.952629762000072,53.034464813000056,Hemelingen,Mahndorf,POINT (8.952629762000072 53.03446481300006)
9525,12,2024,7,1,13,3,5,3,1,1,0,0,0,0,0,0,8.595126569000058,53.53877861400008,Geestemünde,Buschkämpen,POINT (8.595126569000058 53.53877861400008)
9526,12,2024,7,1,13,3,5,3,1,1,0,0,0,0,0,0,8.595126569000058,53.53877861400008,Geestemünde,Buschkämpen,POINT (8.595126569000058 53.53877861400008)
9527,11,2024,7,1,1,2,0,7,1,0,0,0,0,0,2,0,8.804207874000042,53.072361486000034,Neustadt,Alte Neustadt,POINT (8.804207874000042 53.07236148600003)
9528,11,2024,8,1,19,3,5,2,1,1,0,0,0,0,0,0,8.852192880000075,53.08617157300006,Schwachhausen,Riensberg,POINT (8.852192880000075 53.08617157300006)
9529,11,2024,7,7,11,3,5,3,1,0,0,1,0,0,0,0,8.762669192000033,53.12053119400008,Gröpelingen,Gröpelingen,POINT (8.762669192000033 53.12053119400008)
9530,11,2024,7,7,12,3,5,3,1,0,0,0,0,0,0,0,8.902452961000051,53.12756115800005,,Borgfeld,POINT (8.902452961000051 53.12756115800005)
9531,11,2024,7,7,21,2,1,5,1,1,0,0,0,0,1,1,8.859560843000054,53.12511428200003,,Blockland,POINT (8.859560843000054 53.12511428200003)
9532,11,2024,9,5,9,3,2,6,1,1,0,0,0,0,0,0,8.86553772700006,53.10261337700007,Horn-Lehe,Lehe,POINT (8.86553772700006 53.10261337700007)
9533,11,2024,7,6,14,2,0,7,1,0,0,0,0,0,0,0,8.785225753000077,53.08884594400007,Walle,Steffensweg,POINT (8.785225753000077 53.08884594400007)
9534,11,2024,7,6,14,3,5,2,1,0,0,0,1,0,0,0,8.809567325000046,53.05844047100004,Neustadt,Huckelriede,POINT (8.809567325000046 53.05844047100004)
9535,11,2024,7,6,12,3,1,5,1,1,0,0,0,0,0,0,8.86707620900006,53.10344508400004,Horn-Lehe,Lehe,POINT (8.867076209000061 53.10344508400004)
9536,11,2024,7,5,12,2,2,6,1,0,0,0,0,0,0,0,8.802063548000035,53.07168414800003,Neustadt,Alte Neustadt,POINT (8.802063548000035 53.07168414800003)
9537,11,2024,7,4,19,3,2,6,1,1,0,0,0,0,0,0,8.810426069000073,53.092572732000065,Findorff,Findorff-Bürgerweide,POINT (8.810426069000073 53.09257273200006)
9538,12,2024,7,3,18,3,0,1,1,0,0,0,0,0,0,0,8.587359622000065,53.577363596000055,Lehe,Königsheide,POINT (8.587359622000065 53.57736359600005)
9539,11,2024,7,3,5,3,0,7,1,0,0,0,0,1,0,0,8.911056434000045,53.047419597000044,Hemelingen,Arbergen,POINT (8.911056434000045 53.04741959700004)
9540,11,2024,7,3,18,3,5,2,1,1,0,0,0,0,0,0,8.568842355000072,53.18132578500007,Blumenthal,Blumenthal,POINT (8.568842355000072 53.18132578500007)
9541,11,2024,7,3,10,3,5,3,1,1,0,0,0,0,0,0,8.960525688000075,53.04860670000005,Osterholz,Osterholz,POINT (8.960525688000075 53.04860670000005)
9542,12,2024,7,2,16,3,0,1,1,0,0,0,0,0,0,0,8.595129060000033,53.530397496000035,Geestemünde,Buschkämpen,POINT (8.595129060000033 53.53039749600003)
9543,12,2024,7,2,16,3,5,7,1,1,0,0,0,0,0,0,8.597335847000068,53.53588434300008,Geestemünde,Buschkämpen,POINT (8.597335847000068 53.53588434300008)
9544,11,2024,7,2,12,2,3,2,1,1,0,0,0,0,0,0,8.799849226000049,53.07005049700007,Neustadt,Alte Neustadt,POINT (8.799849226000049 53.07005049700007)
9545,12,2024,7,6,14,3,5,3,1,1,0,0,0,0,0,0,8.583352997000077,53.54093278100004,Mitte,Weddewarden,POINT (8.583352997000077 53.54093278100004)
9546,11,2024,7,6,13,3,5,3,1,1,0,0,0,0,0,0,8.856181027000048,53.07047909700003,Hemelingen,Hastedt,POINT (8.856181027000048 53.07047909700003)
9547,11,2024,7,6,13,3,1,5,1,1,0,0,0,0,0,0,8.836341883000046,53.083437762000074,Schwachhausen,Schwachhausen,POINT (8.836341883000046 53.08343776200007)
9548,11,2024,7,6,13,2,0,1,1,0,0,0,0,0,0,0,8.619440564000058,53.18410492400005,Vegesack,Aumund-Hammersbeck,POINT (8.619440564000058 53.18410492400005)
9549,11,2024,8,3,7,2,3,6,1,0,0,0,0,1,0,0,8.740891848000047,53.05317805100003,Huchting,Mittelshuchting,POINT (8.740891848000047 53.05317805100003)
9550,12,2024,7,5,9,3,5,3,1,1,0,0,0,0,0,0,8.567909877000034,53.555608964000044,Mitte,Weddewarden,POINT (8.567909877000034 53.55560896400004)
9551,11,2024,7,5,21,3,1,1,1,1,0,0,0,0,1,0,8.792004433000045,53.08799070800006,Walle,Utbremen,POINT (8.792004433000045 53.08799070800006)
9552,11,2024,7,4,15,3,5,3,1,1,0,0,0,0,0,0,8.56536512100007,53.18821776900006,Blumenthal,Blumenthal,POINT (8.56536512100007 53.18821776900006)
9553,11,2024,7,3,18,3,5,3,1,0,0,0,0,0,0,1,8.78419079200006,53.07556592700007,Woltmershausen,Woltmershausen,POINT (8.784190792000061 53.07556592700007)
9554,11,2024,7,3,13,3,5,2,1,1,0,0,0,0,0,0,8.909258740000041,53.05966896100006,Hemelingen,Sebaldsbrück,POINT (8.909258740000041 53.05966896100006)
9555,11,2024,7,3,16,3,5,3,1,1,0,0,0,0,0,0,8.777606571000035,53.08890371700005,Walle,Überseestadt,POINT (8.777606571000035 53.08890371700005)
9556,11,2024,7,3,11,2,5,2,1,1,0,0,0,0,0,0,8.886407330000054,53.07159244600007,Hemelingen,Sebaldsbrück,POINT (8.886407330000054 53.07159244600007)
9557,11,2024,7,2,8,3,3,2,1,1,0,0,0,0,0,0,8.816586375000043,53.08412852400005,Schwachhausen,Barkhof,POINT (8.816586375000043 53.08412852400005)
9558,12,2024,7,1,16,3,0,1,1,0,0,0,0,0,0,0,8.589845351000065,53.52136187200006,Geestemünde,Buschkämpen,POINT (8.589845351000065 53.52136187200006)
9559,11,2024,9,4,12,3,0,7,1,1,0,0,0,0,0,0,8.84189096800003,53.095560953000074,Schwachhausen,Neu-Schwachhausen,POINT (8.84189096800003 53.09556095300007)
9560,11,2024,7,1,18,3,0,7,1,0,1,0,0,0,0,0,8.811356476000071,53.07376536700008,Mitte,Altstadt,POINT (8.811356476000071 53.07376536700008)
9561,12,2024,7,7,8,3,5,3,1,1,0,0,0,0,0,0,8.597749241000031,53.57273781500004,Lehe,Königsheide,POINT (8.597749241000031 53.57273781500004)
9562,12,2024,7,7,17,3,0,1,1,0,0,0,0,0,0,0,8.587952624000025,53.53991657800003,Geestemünde,Buschkämpen,POINT (8.587952624000025 53.53991657800003)
9563,11,2024,7,7,11,3,5,2,1,1,0,0,0,0,0,0,8.951592407000021,53.05786649500004,Osterholz,Tenever,POINT (8.951592407000021 53.05786649500004)
9564,11,2024,7,7,10,3,6,4,1,0,1,0,0,0,0,0,8.870004558000062,53.096809817000064,Horn-Lehe,Horn,POINT (8.870004558000062 53.09680981700006)
9565,12,2024,7,6,9,3,5,3,1,0,0,0,1,0,0,0,8.570723676000057,53.54998256400006,Mitte,Weddewarden,POINT (8.570723676000057 53.54998256400006)
9566,11,2024,8,5,13,3,5,3,1,1,0,0,0,0,0,1,8.861129703000074,53.06334436100008,Hemelingen,Hastedt,POINT (8.861129703000074 53.06334436100008)
9567,12,2024,7,6,11,3,5,3,1,1,0,0,0,0,0,0,8.595356388000027,53.49544156600007,Fischereihafen,Mitte-Süd,POINT (8.595356388000027 53.49544156600007)
9568,11,2024,7,6,15,3,3,2,1,1,0,0,0,0,0,0,8.756404841000062,53.125398533000066,Gröpelingen,Ohlenhof,POINT (8.756404841000062 53.12539853300007)
9569,11,2024,7,5,11,3,4,6,1,0,0,0,0,0,0,0,8.772795040000062,53.06274454900006,Neustadt,Neuenland,POINT (8.772795040000062 53.06274454900006)
9570,11,2024,7,5,12,2,0,7,1,0,0,0,0,0,0,0,8.63780070100006,53.17721368000008,Vegesack,Schönebeck,POINT (8.63780070100006 53.17721368000008)
9571,11,2024,7,4,15,3,0,7,1,0,0,0,0,0,0,0,8.728568379000023,53.038909646000036,Huchting,Kirchhuchting,POINT (8.728568379000023 53.03890964600004)
9572,12,2024,7,3,13,3,5,3,1,1,0,0,0,0,0,0,8.59679191500004,53.50865842500008,Wulsdorf,Geestemünde-Süd,POINT (8.59679191500004 53.50865842500008)
9573,11,2024,7,3,15,3,5,3,1,1,0,0,0,0,0,0,8.950361953000026,53.05793818300003,Osterholz,Osterholz,POINT (8.950361953000026 53.05793818300003)
9574,11,2024,10,4,19,3,5,7,1,1,0,0,0,0,2,1,8.852673846000073,53.07360623900007,Östliche Vorstadt,Hulsberg,POINT (8.852673846000073 53.07360623900007)
9575,11,2024,7,3,11,3,1,7,1,1,0,0,0,0,0,0,8.780386065000073,53.065761946000066,Neustadt,Neuenland,POINT (8.780386065000073 53.06576194600007)
9576,11,2024,7,3,20,3,0,7,1,0,0,0,0,0,0,0,8.751507210000057,53.09084275200007,Woltmershausen,Rablinghausen,POINT (8.751507210000057 53.09084275200007)
9577,11,2024,7,3,19,3,5,3,1,1,0,0,0,0,0,0,8.772691724000026,53.09635431100003,Walle,Überseestadt,POINT (8.772691724000026 53.09635431100003)
9578,11,2024,7,2,20,3,5,2,1,1,0,0,0,0,0,0,8.865078521000044,53.023114243000066,Obervieland,Arsten,POINT (8.865078521000044 53.02311424300007)
9579,11,2024,7,2,12,3,5,3,1,1,0,0,0,0,0,0,8.868774406000057,53.074253568000074,Vahr,Gartenstadt Vahr,POINT (8.868774406000057 53.07425356800007)
9580,11,2024,7,2,21,3,3,6,1,1,0,0,0,0,0,0,8.954165613000043,53.09865117600003,,,POINT (8.954165613000043 53.09865117600003)
9581,11,2024,7,2,15,3,5,3,1,0,0,0,0,0,0,0,8.812683765000031,53.098246965000044,Findorff,Weidedamm,POINT (8.812683765000031 53.09824696500004)
9582,11,2024,7,2,16,3,5,3,1,1,0,0,0,0,0,0,8.881499494000025,53.05952278800004,Hemelingen,Hastedt,POINT (8.881499494000025 53.05952278800004)
9583,11,2024,7,1,16,3,0,1,1,0,0,0,0,0,0,0,8.80439676100002,53.07544692400006,Mitte,Altstadt,POINT (8.804396761000021 53.07544692400006)
9584,11,2024,7,7,17,3,2,7,1,1,0,0,0,0,0,0,8.825190920000068,53.08454130300004,Schwachhausen,Bürgerpark,POINT (8.825190920000068 53.08454130300004)
9585,11,2024,7,7,17,3,6,4,1,0,1,0,0,0,0,0,8.827988393000055,53.07150298000005,Östliche Vorstadt,Steintor,POINT (8.827988393000055 53.07150298000005)
9586,12,2024,7,6,22,2,5,3,1,1,0,0,0,0,2,0,8.597061281000038,53.52534140200004,Geestemünde,Buschkämpen,POINT (8.597061281000038 53.52534140200004)
9587,11,2024,7,6,5,3,5,3,1,1,0,0,0,0,0,0,8.87267818500004,53.08578137300003,Schwachhausen,Radio Bremen,POINT (8.872678185000041 53.08578137300003)
9588,11,2024,7,6,15,3,5,2,1,1,0,0,0,0,0,0,8.835566425000025,53.07378779000004,Östliche Vorstadt,Steintor,POINT (8.835566425000025 53.07378779000004)
9589,11,2024,7,5,12,3,1,5,1,1,0,0,0,0,0,0,8.831727174000036,53.07266148700006,Östliche Vorstadt,Steintor,POINT (8.831727174000036 53.07266148700006)
9590,11,2024,7,5,16,3,5,3,1,0,0,0,0,1,0,0,8.802000682000028,53.071406273000036,Neustadt,Alte Neustadt,POINT (8.802000682000028 53.07140627300004)
9591,12,2024,7,4,14,3,5,2,1,1,0,0,0,0,0,1,8.594537520000074,53.54615105500005,Geestemünde,Buschkämpen,POINT (8.594537520000074 53.54615105500005)
9592,11,2024,7,4,17,3,5,3,1,1,0,0,0,0,0,1,8.789671927000029,53.08664236700008,Walle,Utbremen,POINT (8.789671927000029 53.08664236700008)
9593,11,2024,7,4,9,2,5,2,1,1,0,0,0,0,0,0,8.80449592900004,53.059297343000026,Neustadt,Huckelriede,POINT (8.804495929000041 53.05929734300003)
9594,11,2024,7,4,7,3,5,2,1,1,0,0,0,0,0,1,8.628001124000036,53.17188323100004,Vegesack,Vegesack,POINT (8.628001124000036 53.17188323100004)
9595,11,2024,7,4,8,3,1,5,1,1,0,0,0,0,0,1,8.834367027000042,53.086615007000034,Schwachhausen,Schwachhausen,POINT (8.834367027000042 53.08661500700003)
9596,11,2024,7,3,15,3,1,7,1,0,1,0,0,0,0,1,8.73773195900003,53.04656083100008,Huchting,Kirchhuchting,POINT (8.73773195900003 53.04656083100008)
9597,11,2024,7,3,19,3,5,3,1,1,0,0,0,0,0,1,8.809798598000043,53.088681852000036,Findorff,Findorff-Bürgerweide,POINT (8.809798598000043 53.08868185200004)
9598,11,2024,7,3,8,3,5,2,1,1,0,0,0,0,0,1,8.797061960000065,53.07360417000007,Neustadt,Alte Neustadt,POINT (8.797061960000065 53.07360417000007)
9599,11,2024,7,3,8,2,5,2,1,1,0,0,0,0,0,1,8.944611013000042,53.06585484800007,Osterholz,Ellenerbrok-Schevemoor,POINT (8.944611013000042 53.06585484800007)
9600,11,2024,7,2,17,2,0,1,1,0,0,0,0,0,0,1,8.835135562000062,53.07305771000006,Östliche Vorstadt,Steintor,POINT (8.835135562000062 53.07305771000006)
9601,11,2024,7,2,15,3,5,3,1,1,0,0,0,0,0,1,8.730748294000023,53.052472384000055,Huchting,Sodenmatt,POINT (8.730748294000023 53.05247238400005)
9602,11,2024,7,2,18,2,0,1,1,0,0,0,0,0,0,1,8.723829787000057,53.056961225000066,Huchting,Mittelshuchting,POINT (8.723829787000057 53.05696122500007)
9603,11,2024,7,2,8,3,5,3,1,1,0,0,0,0,0,1,8.825110553000059,53.08460778300008,Schwachhausen,Bürgerpark,POINT (8.825110553000059 53.08460778300008)
9604,11,2024,9,4,12,3,5,3,1,1,0,0,0,0,0,0,8.739432908000026,53.13597807100007,Gröpelingen,Oslebshausen,POINT (8.739432908000026 53.13597807100007)
9605,12,2024,6,7,10,3,0,1,1,0,0,0,0,0,0,0,8.585328956000069,53.55733616200007,Lehe,Königsheide,POINT (8.585328956000069 53.55733616200007)
9606,11,2024,6,7,10,2,1,5,1,1,0,0,0,0,0,0,8.799828323000042,53.06069802400003,Neustadt,Gartenstadt Süd,POINT (8.799828323000042 53.06069802400003)
9607,11,2024,6,6,15,3,0,7,1,1,0,0,0,0,0,0,8.739285203000065,53.04850044700004,Huchting,Kirchhuchting,POINT (8.739285203000065 53.04850044700004)
9608,11,2024,6,6,5,3,5,2,1,1,0,0,0,0,0,0,8.786425267000027,53.07467029800006,Neustadt,Alte Neustadt,POINT (8.786425267000027 53.07467029800006)
9609,11,2024,6,5,17,3,5,2,1,1,0,0,0,0,0,0,8.788748910000038,53.07282940600004,Neustadt,Hohentor,POINT (8.788748910000038 53.07282940600004)
9610,11,2024,6,5,16,2,5,3,1,0,0,0,0,0,0,1,8.797120963000054,53.07633321800006,Neustadt,Alte Neustadt,POINT (8.797120963000054 53.07633321800006)
9611,11,2024,6,5,9,3,5,3,1,1,0,0,0,0,0,0,8.685238540000057,53.175490257000035,Burglesum,Lesum,POINT (8.685238540000057 53.17549025700004)
9612,11,2024,6,4,8,3,5,3,1,1,0,0,0,0,0,0,8.841352640000025,53.09266628700004,Schwachhausen,Neu-Schwachhausen,POINT (8.841352640000025 53.09266628700004)
9613,11,2024,6,4,13,3,5,2,1,1,0,0,0,0,0,0,8.87899010600006,53.10135535000006,Horn-Lehe,Lehe,POINT (8.87899010600006 53.10135535000006)
9614,11,2024,6,4,11,1,3,2,1,0,0,0,1,0,0,0,8.782119196000053,53.095699643000046,Walle,Steffensweg,POINT (8.782119196000053 53.09569964300005)
9615,11,2024,6,3,17,3,9,1,1,0,0,0,0,0,0,0,8.772176890000026,53.081741169000054,Woltmershausen,Woltmershausen,POINT (8.772176890000026 53.08174116900005)
9616,11,2024,6,3,17,3,0,7,1,0,0,0,0,0,0,0,8.772568808000074,53.08138994800004,Woltmershausen,Woltmershausen,POINT (8.772568808000074 53.08138994800004)
9617,11,2024,6,3,17,3,5,3,1,1,0,0,0,0,0,0,8.766899375000037,53.07123888600006,Woltmershausen,Woltmershausen,POINT (8.766899375000037 53.07123888600006)
9618,11,2024,6,3,15,3,5,2,1,1,0,0,0,0,0,0,8.870942496000055,53.076229699000066,Vahr,Gartenstadt Vahr,POINT (8.870942496000055 53.07622969900007)
9619,11,2024,6,2,8,3,5,2,1,1,0,0,0,0,0,0,8.884331780000025,53.10029891900007,Horn-Lehe,Lehesterdeich,POINT (8.884331780000025 53.10029891900007)
9620,11,2024,6,2,18,3,5,3,1,1,0,0,0,0,0,0,8.571824487000072,53.189819803000034,Blumenthal,Blumenthal,POINT (8.571824487000072 53.18981980300003)
9621,11,2024,6,2,8,3,5,3,1,1,0,0,0,0,0,0,8.846526039000025,53.081031962000054,Schwachhausen,Gete,POINT (8.846526039000025 53.08103196200005)
9622,11,2024,6,2,13,3,4,6,1,0,0,0,0,1,0,0,8.818890774000067,53.08049646300003,Mitte,Bahnhofsvorstadt,POINT (8.818890774000067 53.08049646300003)
9623,11,2024,6,2,14,3,3,2,1,1,0,0,0,0,0,0,8.790448512000069,53.07188820400006,Neustadt,Neustadt,POINT (8.790448512000069 53.07188820400006)
9624,11,2024,6,2,20,3,5,3,1,1,0,0,0,0,0,0,8.929817516000071,53.059056584000075,Osterholz,Ellener Feld,POINT (8.929817516000071 53.05905658400007)
9625,12,2024,6,1,2,3,0,1,1,0,0,0,0,0,2,0,8.590513829000031,53.540362823000066,Geestemünde,Buschkämpen,POINT (8.590513829000031 53.54036282300007)
9626,11,2024,6,1,13,3,1,7,1,1,0,0,0,0,0,0,8.822633559000053,53.074690743000076,Östliche Vorstadt,Steintor,POINT (8.822633559000053 53.07469074300008)
9627,11,2024,6,1,17,3,0,7,1,0,0,0,0,0,0,0,8.813675581000041,53.09040052100005,Schwachhausen,Bürgerpark,POINT (8.813675581000041 53.09040052100005)
9628,11,2024,6,7,19,3,5,3,1,1,0,0,0,0,0,0,8.90467082500004,53.11917402500006,,Borgfeld,POINT (8.904670825000039 53.11917402500006)
9629,11,2024,6,7,15,3,2,6,1,0,0,0,0,0,2,0,8.843241634000037,53.068939096000065,Östliche Vorstadt,Peterswerder,POINT (8.843241634000037 53.06893909600007)
9630,11,2024,6,7,10,3,1,5,1,1,0,0,0,0,0,0,8.863019334000057,53.09060782900008,Schwachhausen,Riensberg,POINT (8.863019334000057 53.09060782900008)
9631,12,2024,6,6,8,3,1,5,1,1,0,0,0,0,0,0,8.586127202000057,53.56160371900006,Lehe,Königsheide,POINT (8.586127202000057 53.56160371900006)
9632,12,2024,6,6,17,3,5,3,1,0,0,0,0,1,0,0,8.589525636000076,53.53210532000003,Geestemünde,Buschkämpen,POINT (8.589525636000076 53.53210532000003)
9633,11,2024,6,6,17,3,6,4,1,0,1,0,0,0,0,1,8.831589117000021,53.07118490100004,Östliche Vorstadt,Steintor,POINT (8.831589117000021 53.07118490100004)
9634,11,2024,6,6,11,3,6,4,1,0,1,0,0,0,0,0,8.85000672600006,53.08495699000008,Schwachhausen,Gete,POINT (8.850006726000061 53.08495699000008)
9635,11,2024,6,6,12,3,5,2,1,1,0,0,0,0,0,0,8.833351954000022,53.07066552200007,Östliche Vorstadt,Steintor,POINT (8.833351954000022 53.07066552200007)
9636,12,2024,6,5,6,2,0,1,1,0,0,0,0,0,0,0,8.593483371000048,53.54653678100004,Geestemünde,Buschkämpen,POINT (8.593483371000048 53.54653678100004)
9637,12,2024,6,5,11,3,5,2,1,1,0,0,0,0,0,0,8.598367761000077,53.533198034000065,Geestemünde,Buschkämpen,POINT (8.598367761000077 53.53319803400007)
9638,11,2024,6,5,7,3,5,3,1,1,0,0,0,0,0,0,8.761879485000065,53.097256971000036,Walle,Überseestadt,POINT (8.761879485000065 53.09725697100004)
9639,11,2024,7,1,13,1,0,7,1,0,0,0,0,0,0,0,8.83384419500004,53.03319994000003,Obervieland,Arsten,POINT (8.83384419500004 53.03319994000003)
9640,11,2024,6,4,6,3,5,3,1,1,0,0,0,0,0,0,8.772093471000062,53.09466271000008,Walle,Überseestadt,POINT (8.772093471000062 53.09466271000008)
9641,11,2024,6,4,11,2,0,7,1,0,0,0,0,0,0,0,8.83300098500007,53.08630804400008,Schwachhausen,Bürgerpark,POINT (8.833000985000069 53.08630804400008)
9642,11,2024,6,4,0,3,3,2,1,1,0,0,0,0,0,0,8.800519153000039,53.07852644600007,Mitte,Altstadt,POINT (8.800519153000039 53.07852644600007)
9643,12,2024,8,3,16,3,5,3,1,1,0,0,0,0,0,0,8.601588237000044,53.50606397000007,Wulsdorf,Geestemünde-Süd,POINT (8.601588237000044 53.50606397000007)
9644,11,2024,6,3,10,2,5,3,1,1,0,0,0,0,0,0,8.811579273000063,53.089521267000066,Findorff,Findorff-Bürgerweide,POINT (8.811579273000063 53.08952126700007)