,UKREIS,UJAHR,UMONAT,UWOCHENTAG,USTUNDE,UKATEGORIE,UART,UTYP1,IstRad,IstPKW,IstFuss,IstKrad,IstGkfz,IstSonstig,ULICHTVERH,STRZUSTAND,longitude,latitude,Stadtteil,Ortsteil,geometry
9645,11,2024,6,3,15,3,5,3,1,1,0,0,0,0,0,1,8.761298289000024,53.11498495300003,Gröpelingen,Gröpelingen,POINT (8.761298289000024 53.11498495300003)
9646,11,2024,6,3,15,2,5,3,1,0,0,0,0,1,0,1,8.892268460000025,53.13186891600003,,Borgfeld,POINT (8.892268460000025 53.13186891600003)
9647,11,2024,6,3,6,3,5,3,1,1,0,0,0,0,0,0,8.758011990000057,53.05817098400007,Huchting,Grolland,POINT (8.758011990000057 53.05817098400007)
9648,12,2024,6,2,9,3,6,4,1,1,1,0,0,0,0,0,8.586162006000052,53.561961660000065,Lehe,Königsheide,POINT (8.586162006000052 53.56196166000007)
9649,11,2024,6,2,8,3,5,3,1,1,0,0,0,0,0,0,8.800963696000053,53.08306370300005,Mitte,Bahnhofsvorstadt,POINT (8.800963696000053 53.08306370300005)
9650,11,2024,6,2,10,2,3,6,1,0,0,0,0,0,0,0,8.835792522000077,53.079268427000045,Schwachhausen,Gete,POINT (8.835792522000077 53.07926842700004)
9651,11,2024,6,1,14,3,4,2,1,0,0,1,0,0,0,0,8.814831974000072,53.02975575100004,Obervieland,Kattenesch,POINT (8.814831974000072 53.02975575100004)
9652,11,2024,6,1,16,3,5,3,1,1,0,0,0,0,0,0,8.872172638000052,53.09949193800003,Horn-Lehe,Lehe,POINT (8.872172638000052 53.09949193800003)
9653,11,2024,7,5,11,3,5,3,1,1,0,0,0,0,0,1,8.789514957000051,53.09583651200006,Walle,Westend,POINT (8.789514957000051 53.09583651200006)
9654,11,2024,6,1,12,3,1,7,1,1,0,0,0,0,0,0,8.786873402000026,53.09521978500004,Walle,Westend,POINT (8.786873402000026 53.09521978500004)
9655,11,2024,6,1,7,3,0,7,1,1,0,0,0,0,0,1,8.876093347000051,53.07953785900003,Vahr,Gartenstadt Vahr,POINT (8.876093347000051 53.07953785900003)
9656,11,2024,6,1,11,3,5,3,1,1,0,0,0,0,0,0,8.803235298000061,53.07220615300008,Neustadt,Alte Neustadt,POINT (8.803235298000061 53.07220615300008)
9657,11,2024,6,7,13,3,1,1,1,1,0,0,0,0,0,0,8.79343854800004,53.07392437400006,Neustadt,Alte Neustadt,POINT (8.79343854800004 53.07392437400006)
9658,11,2024,6,6,16,3,5,2,1,1,0,0,0,0,0,0,8.80527033800007,53.065740273000074,Neustadt,Buntentor,POINT (8.805270338000071 53.06574027300007)
9659,11,2024,6,6,15,3,5,2,1,1,0,0,0,0,0,0,8.89920900800007,53.05321680000003,Hemelingen,Hemelingen,POINT (8.899209008000071 53.05321680000003)
9660,11,2024,6,6,14,3,5,3,1,1,0,0,0,0,0,0,8.734788175000062,53.081701777000035,Häfen,Neustädter Hafen,POINT (8.734788175000062 53.08170177700003)
9661,11,2024,6,6,7,3,5,2,1,0,0,0,1,0,0,0,8.886315725000031,53.07154262900008,Hemelingen,Sebaldsbrück,POINT (8.886315725000031 53.07154262900008)
9662,11,2024,6,5,17,3,5,3,1,1,0,0,0,0,0,0,8.82832066900005,53.072320035000075,Östliche Vorstadt,Steintor,POINT (8.82832066900005 53.07232003500008)
9663,11,2024,6,5,9,3,4,6,1,1,0,0,0,0,0,0,8.804503909000061,53.08575306800003,Mitte,Bahnhofsvorstadt,POINT (8.804503909000061 53.08575306800003)
9664,12,2024,6,4,13,3,5,2,1,1,0,0,0,0,0,1,8.595117971000036,53.538757015000044,Geestemünde,Buschkämpen,POINT (8.595117971000036 53.53875701500004)
9665,11,2024,6,4,16,2,5,2,1,1,0,0,0,0,0,1,8.807790400000044,53.082463113000074,Mitte,Bahnhofsvorstadt,POINT (8.807790400000044 53.08246311300007)
9666,11,2024,6,4,16,3,5,3,1,1,0,0,0,0,0,0,8.768737140000042,53.07975495300008,Woltmershausen,Woltmershausen,POINT (8.768737140000042 53.07975495300008)
9667,11,2024,6,4,7,3,5,3,1,1,0,0,0,0,0,0,8.622706523000033,53.18395866800006,Vegesack,Aumund-Hammersbeck,POINT (8.622706523000033 53.18395866800006)
9668,11,2024,6,4,13,3,1,7,1,1,0,0,0,0,0,0,8.788735035000059,53.09472302800003,Walle,Westend,POINT (8.788735035000059 53.09472302800003)
9669,11,2024,6,4,12,3,5,3,1,1,0,0,0,0,0,1,8.827233267000054,53.08488395100005,Schwachhausen,Bürgerpark,POINT (8.827233267000054 53.08488395100005)
9670,11,2024,6,4,16,3,5,2,1,1,0,0,0,0,0,1,8.808475238000028,53.06132160400006,Neustadt,Huckelriede,POINT (8.808475238000028 53.06132160400006)
9671,12,2024,6,3,15,2,5,3,1,1,0,0,0,0,0,1,8.562749843000063,53.56831849200006,Häfen,Speckenbüttel,POINT (8.562749843000063 53.56831849200006)
9672,11,2024,6,3,18,3,5,2,1,1,0,0,0,0,0,0,8.826242699000034,53.08459861800003,Schwachhausen,Bürgerpark,POINT (8.826242699000034 53.08459861800003)
9673,11,2024,6,3,10,3,5,3,1,1,0,0,0,0,0,0,8.572778726000024,53.19515836700003,Blumenthal,Blumenthal,POINT (8.572778726000024 53.19515836700003)
9674,11,2024,6,3,9,3,5,2,1,1,0,0,0,0,0,0,8.785210730000074,53.10231771700006,Walle,Walle,POINT (8.785210730000074 53.10231771700006)
9675,11,2024,6,3,16,3,5,3,1,1,0,0,0,0,0,1,8.950369059000025,53.035249358000044,Hemelingen,Mahndorf,POINT (8.950369059000025 53.03524935800004)
9676,11,2024,6,3,15,3,5,3,1,0,0,0,0,1,0,0,8.76976693100005,53.09498983300006,Walle,Überseestadt,POINT (8.769766931000049 53.09498983300006)
9677,12,2024,9,1,18,3,8,1,1,0,0,0,0,0,0,1,8.603582732000064,53.57928035400005,Lehe,Königsheide,POINT (8.603582732000064 53.57928035400005)
9678,11,2024,6,2,16,3,5,3,1,1,0,0,0,0,0,1,8.862526107000065,53.099280287000056,Horn-Lehe,Lehe,POINT (8.862526107000065 53.09928028700006)
9679,11,2024,6,1,16,3,5,3,1,1,0,0,0,0,0,0,8.873662531000036,53.10014099300008,Horn-Lehe,Lehe,POINT (8.873662531000036 53.10014099300008)
9680,11,2024,6,2,11,3,1,5,1,0,0,0,0,1,0,1,8.840863297000055,53.088211810000075,Schwachhausen,Schwachhausen,POINT (8.840863297000055 53.08821181000008)
9681,11,2024,6,6,17,3,0,7,1,0,0,0,0,0,0,1,8.80101275100003,53.07886278500007,Mitte,Altstadt,POINT (8.80101275100003 53.07886278500007)
9682,11,2024,6,6,12,3,5,2,1,1,0,0,0,0,0,1,8.879984772000057,53.07897706700004,Vahr,Neue Vahr Südwest,POINT (8.879984772000057 53.07897706700004)
9683,11,2024,6,6,12,3,5,3,1,1,0,0,0,0,0,0,8.730667433000065,53.04056576000005,Huchting,Kirchhuchting,POINT (8.730667433000065 53.04056576000005)
9684,11,2024,6,6,16,2,2,6,1,0,0,0,0,0,0,0,8.784825854000076,53.065295803000026,Neustadt,Neustadt,POINT (8.784825854000076 53.06529580300003)
9685,11,2024,6,5,15,3,5,3,1,1,0,0,0,0,0,0,8.649620153000058,53.17255782400008,Vegesack,Grohn,POINT (8.649620153000058 53.17255782400008)
9686,11,2024,6,5,10,3,2,6,1,1,0,0,0,0,0,0,8.873046898000041,53.098242689000074,Horn-Lehe,Lehe,POINT (8.873046898000041 53.09824268900007)
9687,11,2024,9,1,16,3,3,6,1,1,0,0,0,0,0,0,8.869013438000025,53.09738746600004,Horn-Lehe,Horn,POINT (8.869013438000025 53.09738746600004)
9688,11,2024,6,5,12,3,5,3,1,1,0,0,0,0,0,0,8.548628123000071,53.18828083900007,Blumenthal,Rönnebeck,POINT (8.548628123000071 53.18828083900007)
9689,11,2024,6,4,15,3,5,3,1,1,0,0,0,0,0,0,8.794116132000056,53.096412265000026,Walle,Osterfeuerberg,POINT (8.794116132000056 53.09641226500003)
9690,11,2024,6,4,14,3,5,3,1,0,0,0,0,0,0,0,8.832152610000037,53.09256428600003,Schwachhausen,Neu-Schwachhausen,POINT (8.832152610000037 53.09256428600003)
9691,11,2024,6,4,8,3,8,1,1,0,0,0,0,0,0,0,8.888000995000027,53.06671848500008,Hemelingen,Sebaldsbrück,POINT (8.888000995000027 53.06671848500008)
9692,12,2024,6,3,5,2,5,3,1,1,0,0,0,0,0,0,8.569772417000024,53.55579691300005,Mitte,Weddewarden,POINT (8.569772417000024 53.55579691300005)
9693,11,2024,6,3,15,3,4,6,1,1,0,0,0,0,0,1,8.815226345000042,53.07892754400007,Mitte,Bahnhofsvorstadt,POINT (8.815226345000042 53.07892754400007)
9694,11,2024,6,3,12,3,5,3,1,1,0,0,0,0,0,0,8.813181969000027,53.08085738300008,Mitte,Bahnhofsvorstadt,POINT (8.813181969000027 53.08085738300008)
9695,12,2024,6,2,11,3,5,2,1,1,0,0,0,0,0,0,8.630417112000032,53.53043659300005,Schiffdorferdamm,Buschkämpen,POINT (8.630417112000032 53.53043659300005)
9696,11,2024,6,2,18,2,4,2,1,1,0,0,0,0,0,0,8.82070129300007,53.07269966800004,Mitte,Ostertor,POINT (8.82070129300007 53.07269966800004)
9697,11,2024,6,2,16,3,0,7,1,0,0,0,0,0,0,1,8.578011051000033,53.20634399700003,Blumenthal,Lüssum-Bockhorn,POINT (8.578011051000033 53.20634399700003)
9698,11,2024,6,2,14,3,5,2,1,1,0,0,0,0,0,0,8.788149361000023,53.076448921000065,Neustadt,Alte Neustadt,POINT (8.788149361000023 53.07644892100006)
9699,11,2024,6,2,17,3,1,7,1,1,0,0,0,0,0,0,8.818707976000042,53.03864675500006,Obervieland,Kattenturm,POINT (8.818707976000042 53.03864675500006)
9700,11,2024,6,1,12,3,1,5,1,1,0,0,0,0,0,0,8.795133621000048,53.06558289800006,Neustadt,Südervorstadt,POINT (8.795133621000048 53.06558289800006)
9701,11,2024,6,1,13,3,2,6,1,1,0,0,0,0,0,0,8.865182265000044,53.10203934000003,Horn-Lehe,Lehe,POINT (8.865182265000044 53.10203934000003)
9702,12,2024,6,7,18,3,4,6,1,1,0,0,0,0,0,0,8.590726923000034,53.54083452900005,Geestemünde,Buschkämpen,POINT (8.590726923000034 53.54083452900005)
9703,12,2024,6,7,11,3,0,7,1,0,1,0,0,0,0,1,8.573306653000031,53.543585190000044,Mitte,Weddewarden,POINT (8.573306653000031 53.54358519000004)
9704,11,2024,6,7,9,3,5,3,1,1,0,0,0,0,0,0,8.847650507000026,53.11280389500007,Horn-Lehe,Lehe,POINT (8.847650507000026 53.11280389500007)
9705,11,2024,6,7,22,3,0,7,1,0,1,0,0,0,2,0,8.897410906000061,53.11866470500007,,Borgfeld,POINT (8.897410906000061 53.11866470500007)
9706,11,2024,6,7,11,3,3,6,1,1,0,0,0,0,0,0,8.805247277000035,53.06575412700005,Neustadt,Buntentor,POINT (8.805247277000035 53.06575412700005)
9707,12,2024,5,6,17,2,0,1,1,0,0,0,0,0,0,0,8.629326494000054,53.53018862200008,Schiffdorferdamm,Buschkämpen,POINT (8.629326494000054 53.53018862200008)
9708,12,2024,5,6,7,3,5,3,1,1,0,0,0,0,0,1,8.595593396000027,53.53577454400005,Geestemünde,Buschkämpen,POINT (8.595593396000027 53.53577454400005)
9709,12,2024,5,6,21,3,5,3,1,1,0,0,0,0,0,0,8.589467082000056,53.53197090200007,Geestemünde,Buschkämpen,POINT (8.589467082000056 53.53197090200007)
9710,11,2024,8,3,8,3,6,4,1,1,1,0,0,0,0,0,8.802666490000036,53.07970959600004,Mitte,Altstadt,POINT (8.802666490000036 53.07970959600004)
9711,11,2024,5,6,13,3,5,3,1,0,0,0,0,1,0,1,8.825088015000063,53.08419593900004,Schwachhausen,Barkhof,POINT (8.825088015000063 53.08419593900004)
9712,11,2024,5,6,6,3,5,2,1,1,0,0,0,0,0,0,8.74142306300007,53.126356283000064,Gröpelingen,Oslebshausen,POINT (8.74142306300007 53.12635628300006)
9713,11,2024,5,6,7,3,5,3,1,1,0,0,0,0,0,1,8.615939559000026,53.17725504500004,Vegesack,Vegesack,POINT (8.615939559000026 53.17725504500004)
9714,11,2024,5,6,6,3,5,3,1,0,0,0,0,0,0,1,8.923850686000037,53.07304919000006,Osterholz,Blockdiek,POINT (8.923850686000037 53.07304919000006)
9715,12,2024,8,3,15,2,5,3,1,0,0,0,0,1,0,0,8.573073346000058,53.549843519000035,Mitte,Weddewarden,POINT (8.573073346000058 53.54984351900004)
9716,11,2024,7,2,19,3,5,2,1,0,0,0,1,0,0,0,8.785371448000035,53.08875650900006,Walle,Utbremen,POINT (8.785371448000035 53.08875650900006)
9717,12,2024,5,5,15,3,8,1,1,0,0,0,0,0,0,0,8.632431746000066,53.53081666300005,Schiffdorferdamm,Buschkämpen,POINT (8.632431746000066 53.53081666300005)
9718,11,2024,5,5,9,3,5,3,1,1,0,0,0,0,0,0,8.877503348000062,53.08009234600007,Vahr,Gartenstadt Vahr,POINT (8.877503348000062 53.08009234600007)
9719,11,2024,5,5,10,3,0,7,1,0,0,0,0,0,0,0,8.758739450000064,53.11927169200004,Gröpelingen,Ohlenhof,POINT (8.758739450000064 53.11927169200004)
9720,11,2024,5,5,18,3,6,4,1,0,1,0,0,0,0,0,8.887552611000046,53.06226255300004,Hemelingen,Sebaldsbrück,POINT (8.887552611000046 53.06226255300004)
9721,11,2024,5,5,13,3,6,4,1,0,1,0,0,0,0,0,8.790717638000046,53.091418962000034,Walle,Westend,POINT (8.790717638000046 53.09141896200003)
9722,11,2024,5,5,11,2,5,3,1,0,0,0,0,0,0,0,8.83880970100006,53.037053324000055,Obervieland,Arsten,POINT (8.838809701000059 53.03705332400006)
9723,11,2024,5,4,16,3,5,2,1,1,0,0,0,0,0,1,8.879529371000046,53.07138136000003,Vahr,Gartenstadt Vahr,POINT (8.879529371000046 53.07138136000003)
9724,11,2024,5,4,19,2,5,3,1,1,0,0,0,0,0,1,8.793125882000027,53.09316302700006,Walle,Westend,POINT (8.793125882000027 53.09316302700006)
9725,11,2024,5,4,15,3,5,3,1,1,0,0,0,0,0,1,8.64003305700004,53.173175195000056,Vegesack,Schönebeck,POINT (8.640033057000039 53.17317519500006)
9726,11,2024,5,4,17,3,5,3,1,1,0,0,0,0,0,0,8.787109550000025,53.09059356400007,Walle,Steffensweg,POINT (8.787109550000025 53.09059356400007)
9727,11,2024,5,3,14,3,0,7,1,0,1,0,0,0,0,0,8.816213460000029,53.08299613400004,Findorff,Findorff-Bürgerweide,POINT (8.816213460000029 53.08299613400004)
9728,11,2024,5,3,6,3,6,4,1,0,1,0,0,0,0,1,8.876706562000038,53.06185414400005,Hemelingen,Hastedt,POINT (8.876706562000038 53.06185414400005)
9729,12,2024,5,2,15,3,1,5,1,1,0,0,0,0,0,0,8.579586709000068,53.54877994900005,Mitte,Weddewarden,POINT (8.579586709000068 53.54877994900005)
9730,11,2024,5,2,18,3,5,3,1,1,0,0,0,0,0,1,8.760161837000055,53.087945062000074,Woltmershausen,Woltmershausen,POINT (8.760161837000055 53.08794506200007)
9731,11,2024,5,2,18,3,0,7,1,0,0,0,0,0,0,0,8.771419354000045,53.10280117700006,Walle,Walle,POINT (8.771419354000045 53.10280117700006)
9732,11,2024,5,2,9,3,5,3,1,1,0,0,0,0,0,0,8.62111012500003,53.17379582600006,Vegesack,Vegesack,POINT (8.62111012500003 53.17379582600006)
9733,11,2024,5,2,16,3,5,2,1,0,0,0,0,1,0,0,8.844988202000025,53.04573769600006,Obervieland,Habenhausen,POINT (8.844988202000025 53.04573769600006)
9734,11,2024,5,1,18,3,6,4,1,0,1,0,0,0,0,0,8.620409304000077,53.16915763700007,Vegesack,Vegesack,POINT (8.620409304000077 53.16915763700007)
9735,11,2024,5,1,12,3,6,4,1,0,1,0,0,0,0,0,8.757934857000066,53.05854168400003,Huchting,Grolland,POINT (8.757934857000066 53.05854168400003)
9736,11,2024,5,7,14,3,5,3,1,1,0,0,0,0,0,0,8.738723914000047,53.13297346100006,Gröpelingen,Oslebshausen,POINT (8.738723914000047 53.13297346100006)
9737,12,2024,5,6,11,3,1,5,1,1,0,0,0,0,0,0,8.599835588000076,53.555538959000046,Lehe,Königsheide,POINT (8.599835588000076 53.55553895900005)
9738,11,2024,5,6,14,2,5,3,1,1,0,0,0,0,0,0,8.776091552000025,53.102321465000045,Walle,Walle,POINT (8.776091552000025 53.10232146500005)
9739,11,2024,5,6,14,3,5,3,1,1,0,0,0,0,0,0,8.782160015000045,53.07563977800004,Woltmershausen,Woltmershausen,POINT (8.782160015000045 53.07563977800004)
9740,11,2024,5,6,22,3,5,3,1,1,0,0,0,0,2,1,8.731503657000076,53.04874512300006,Huchting,Sodenmatt,POINT (8.731503657000076 53.04874512300006)
9741,11,2024,5,6,13,3,5,2,1,0,0,0,0,0,0,0,8.863577120000059,53.071355951000044,Hemelingen,Hastedt,POINT (8.863577120000059 53.07135595100004)
9742,11,2024,5,6,18,3,5,3,1,1,0,0,0,0,0,0,8.715835783000045,53.18133238300004,Burglesum,Burgdamm,POINT (8.715835783000045 53.18133238300004)
9743,11,2024,5,6,12,3,5,3,1,0,0,0,0,0,0,0,8.801341103000027,53.07148033300007,Neustadt,Alte Neustadt,POINT (8.801341103000027 53.07148033300007)
9744,12,2024,5,5,17,3,5,3,1,1,0,0,0,0,0,0,8.596434445000057,53.53074457400004,Geestemünde,Buschkämpen,POINT (8.596434445000057 53.53074457400004)
9745,11,2024,10,3,7,3,6,7,1,0,1,0,0,0,1,0,8.80555118600006,53.06132904700007,Neustadt,Buntentor,POINT (8.805551186000059 53.06132904700007)
9746,11,2024,5,5,9,1,1,7,1,1,0,0,0,0,0,0,8.809537689000024,53.09328694700008,Findorff,Findorff-Bürgerweide,POINT (8.809537689000024 53.09328694700008)
9747,11,2024,5,5,16,3,5,2,1,1,0,0,0,0,0,0,8.879686477000064,53.11255066500007,Horn-Lehe,Lehesterdeich,POINT (8.879686477000064 53.11255066500007)
9748,12,2024,5,4,13,3,5,2,1,1,0,0,0,0,0,1,8.59095172800005,53.54148433700004,Geestemünde,Buschkämpen,POINT (8.59095172800005 53.54148433700004)
9749,11,2024,5,4,21,3,5,3,1,0,0,0,0,1,1,0,8.809838764000062,53.06282132700005,Neustadt,Buntentor,POINT (8.809838764000062 53.06282132700005)
9750,11,2024,5,4,15,3,5,3,1,0,0,0,0,1,0,1,8.799686463000057,53.07920213400007,Mitte,Altstadt,POINT (8.799686463000057 53.07920213400007)
9751,11,2024,5,4,7,3,0,7,1,0,0,0,0,0,0,1,8.785285902000055,53.06854172200008,Neustadt,Hohentor,POINT (8.785285902000055 53.06854172200008)
9752,11,2024,5,4,8,3,3,6,1,0,0,0,0,0,0,1,8.870057197000051,53.097396262000075,Horn-Lehe,Horn,POINT (8.870057197000051 53.09739626200007)
9753,11,2024,5,4,14,3,4,2,1,1,0,0,0,0,0,1,8.819039281000073,53.08024345900003,Mitte,Ostertor,POINT (8.819039281000073 53.08024345900003)
9754,11,2024,5,4,21,3,5,3,1,1,0,0,0,0,1,1,8.850973898000063,53.08704171000005,Schwachhausen,Riensberg,POINT (8.850973898000063 53.08704171000005)
9755,11,2024,5,4,7,3,1,7,1,0,1,0,0,0,0,1,8.873535994000065,53.091292288000034,Horn-Lehe,Horn,POINT (8.873535994000065 53.09129228800003)
9756,11,2024,5,4,13,3,3,6,1,1,0,0,0,0,0,0,8.818770586000028,53.08011970500007,Mitte,Ostertor,POINT (8.818770586000028 53.08011970500007)
9757,11,2024,5,3,8,3,5,2,1,1,0,0,0,0,0,0,8.885168690000057,53.06229926900005,Hemelingen,Hemelingen,POINT (8.885168690000057 53.06229926900005)
9758,11,2024,5,3,10,3,5,2,1,1,0,0,0,0,0,0,8.875827278000031,53.08183845600007,Vahr,Gartenstadt Vahr,POINT (8.875827278000031 53.08183845600007)
9759,11,2024,5,1,16,3,1,7,1,1,0,0,0,0,0,1,8.826099101000068,53.07297215500006,Östliche Vorstadt,Steintor,POINT (8.826099101000068 53.07297215500006)
9760,11,2024,5,7,22,3,1,5,1,1,0,0,0,0,2,1,8.803540377000047,53.06678457900006,Neustadt,Buntentor,POINT (8.803540377000047 53.06678457900006)
9761,11,2024,5,7,21,3,6,6,1,0,1,0,0,0,1,1,8.820289544000047,53.07380309500007,Mitte,Ostertor,POINT (8.820289544000047 53.07380309500007)
9762,11,2024,5,7,17,3,0,7,1,0,0,0,0,0,0,0,8.826614390000032,53.068853431000036,Östliche Vorstadt,Steintor,POINT (8.826614390000032 53.06885343100004)
9763,11,2024,5,7,11,3,0,7,1,1,0,0,0,0,0,0,8.872914645000037,53.10503736100003,Horn-Lehe,Lehe,POINT (8.872914645000037 53.10503736100003)
9764,11,2024,5,7,17,3,0,7,1,1,0,0,0,0,0,0,8.676941872000043,53.087503480000066,,Strom,POINT (8.676941872000043 53.08750348000007)
9765,11,2024,5,7,21,3,5,3,1,1,0,0,0,0,1,1,8.950399836000031,53.035255773000074,Hemelingen,Mahndorf,POINT (8.950399836000031 53.03525577300007)
9766,11,2024,5,7,14,3,0,1,1,0,0,0,0,0,0,0,8.885314006000044,53.05693876300006,Hemelingen,Hemelingen,POINT (8.885314006000044 53.05693876300006)
9767,11,2024,5,6,13,3,5,2,1,1,0,0,0,0,0,0,8.815076074000046,53.077316480000036,Mitte,Bahnhofsvorstadt,POINT (8.815076074000046 53.07731648000004)
9768,11,2024,5,6,15,2,6,4,1,0,1,0,0,0,0,0,8.827630871000054,53.072569834000035,Östliche Vorstadt,Steintor,POINT (8.827630871000054 53.07256983400003)
9769,12,2024,5,4,11,3,5,3,1,1,0,0,0,0,0,1,8.592028604000063,53.52682327500003,Geestemünde,Buschkämpen,POINT (8.592028604000063 53.52682327500003)
9770,11,2024,5,6,13,3,5,3,1,1,0,0,0,0,0,0,8.738477041000067,53.134746035000035,Gröpelingen,Oslebshausen,POINT (8.738477041000067 53.13474603500003)
9771,11,2024,5,6,12,2,5,3,1,1,0,0,0,0,0,0,8.847115494000036,53.086986265000064,Schwachhausen,Schwachhausen,POINT (8.847115494000036 53.08698626500006)
9772,11,2024,5,6,12,3,5,3,1,1,0,0,0,0,0,0,8.649828569000022,53.17478261100007,Vegesack,Schönebeck,POINT (8.649828569000022 53.17478261100007)
9773,11,2024,5,5,11,3,5,3,1,1,0,0,0,0,0,0,8.85015241700006,53.065509269000074,Östliche Vorstadt,Peterswerder,POINT (8.850152417000061 53.06550926900007)
9774,11,2024,8,4,18,3,5,3,1,1,0,0,0,0,0,0,8.863044255000034,53.07146988800008,Hemelingen,Hastedt,POINT (8.863044255000034 53.07146988800008)
9775,11,2024,5,5,16,3,4,6,1,0,0,0,0,0,0,0,8.802436380000074,53.12750883900003,,Blockland,POINT (8.802436380000074 53.12750883900003)
9776,11,2024,5,5,10,3,5,3,1,1,0,0,0,0,0,0,8.794975298000054,53.08461237700004,Mitte,Bahnhofsvorstadt,POINT (8.794975298000054 53.08461237700004)
9777,11,2024,5,5,7,3,5,2,1,1,0,0,0,0,0,0,8.94361787300005,53.03800929100004,Hemelingen,Mahndorf,POINT (8.943617873000051 53.03800929100004)
9778,11,2024,5,7,11,2,0,2,1,1,0,0,0,0,0,0,8.812631453000051,53.098261731000036,Findorff,Weidedamm,POINT (8.812631453000051 53.09826173100004)
9779,11,2024,5,5,16,3,5,3,1,1,0,0,0,0,2,0,8.558851723000032,53.19025946200003,Blumenthal,Rönnebeck,POINT (8.558851723000032 53.19025946200003)
9780,11,2024,5,5,13,2,5,3,1,1,0,0,0,0,0,0,8.764238673000023,53.10949144600005,Gröpelingen,Lindenhof,POINT (8.764238673000023 53.10949144600005)
9781,11,2024,5,4,13,3,0,3,1,1,0,0,0,0,0,0,8.629507405000027,53.168021321000026,Vegesack,Grohn,POINT (8.629507405000027 53.16802132100003)
9782,11,2024,5,4,13,3,6,4,1,0,1,0,0,0,0,0,8.89416043500006,53.04651602900003,Hemelingen,Hemelingen,POINT (8.89416043500006 53.04651602900003)
9783,12,2024,5,3,14,3,0,1,1,0,0,0,0,0,0,1,8.595471282000062,53.51505914000006,Wulsdorf,Geestemünde-Süd,POINT (8.595471282000062 53.51505914000006)
9784,11,2024,7,5,11,3,0,7,1,0,0,0,0,0,0,0,8.772795040000062,53.06274454900006,Neustadt,Neuenland,POINT (8.772795040000062 53.06274454900006)
9785,11,2024,5,4,13,3,3,6,1,0,0,0,1,0,0,0,8.894312267000032,53.056364045000066,Hemelingen,Hemelingen,POINT (8.894312267000032 53.05636404500007)
9786,12,2024,5,3,17,3,5,3,1,1,0,0,0,0,0,0,8.590927700000066,53.541411753000034,Geestemünde,Buschkämpen,POINT (8.590927700000066 53.54141175300003)
9787,11,2024,5,3,16,3,5,3,1,1,0,0,0,0,0,0,8.598349791000032,53.178153043000066,Vegesack,Fähr-Lobbendorf,POINT (8.598349791000032 53.17815304300007)
9788,11,2024,5,3,17,2,0,7,1,1,0,0,0,0,0,0,8.811959639000065,53.079686941000034,Mitte,Bahnhofsvorstadt,POINT (8.811959639000065 53.07968694100003)
9789,11,2024,5,3,17,3,5,3,1,1,0,0,0,0,0,0,8.87224191100006,53.085733307000055,Schwachhausen,Radio Bremen,POINT (8.87224191100006 53.08573330700005)
9790,11,2024,5,2,13,3,5,3,1,1,0,0,0,0,0,0,8.889183651000053,53.08597201200007,Vahr,Neue Vahr Nord,POINT (8.889183651000053 53.08597201200007)
9791,11,2024,5,2,16,3,5,3,1,0,0,0,0,1,0,0,8.792030663000048,53.07313433100006,Neustadt,Alte Neustadt,POINT (8.792030663000048 53.07313433100006)
9792,11,2024,5,2,8,3,0,7,1,0,0,0,0,1,0,0,8.880063109000048,53.07165089000006,Vahr,Gartenstadt Vahr,POINT (8.880063109000048 53.07165089000006)
9793,11,2024,5,2,16,3,5,3,1,1,0,0,0,0,0,0,8.715795480000054,53.05417710800003,Huchting,Mittelshuchting,POINT (8.715795480000054 53.05417710800003)
9794,12,2024,5,1,5,2,5,3,1,1,0,0,0,0,0,0,8.601808838000068,53.59154800400006,Leherheide,Fehmoor,POINT (8.601808838000068 53.59154800400006)
9795,11,2024,8,7,17,2,3,2,1,0,0,0,0,0,0,0,8.715615093000054,53.15702672100008,Burglesum,Burg-Grambke,POINT (8.715615093000054 53.15702672100008)
9796,11,2024,5,1,17,2,0,7,1,0,0,0,0,0,0,0,8.807647676000045,53.07431453800007,Mitte,Altstadt,POINT (8.807647676000045 53.07431453800007)
9797,11,2024,5,7,13,3,6,4,1,0,1,0,0,0,0,0,8.835022389000073,53.03903772400008,Obervieland,Kattenturm,POINT (8.835022389000073 53.03903772400008)
9798,12,2024,5,6,17,3,0,1,1,0,0,0,0,0,0,0,8.600005198000076,53.52891496400008,Geestemünde,Buschkämpen,POINT (8.600005198000076 53.52891496400008)
9799,11,2024,5,6,14,3,4,6,1,0,0,0,0,0,0,0,8.794431995000025,53.082308004000026,Mitte,Altstadt,POINT (8.794431995000025 53.08230800400003)
9800,11,2024,5,6,11,3,5,3,1,1,0,0,0,0,0,0,8.744567158000052,53.12281588700006,Häfen,Industriehäfen,POINT (8.744567158000052 53.12281588700006)
9801,11,2024,5,6,21,2,8,7,1,0,0,0,0,0,2,0,8.822224582000047,53.085540062000064,Schwachhausen,Barkhof,POINT (8.822224582000047 53.08554006200006)